pl_name,hostname,pl_rade,pl_radj,pl_bmasse,pl_bmassj,pl_orbeccen,pl_eqt,pl_insol,pl_orbsmax,pl_orbper,st_spectype,st_teff,st_rad,st_mass,discoverymethod,disc_year,disc_facility,sy_dist,pl_type
11 Com b,11 Com,12.2,1.09,4914.89848585,15.464,0.238,,,1.178,323.21,G8 III,4874.0,13.76,2.09,Radial Velocity,2007.0,Xinglong Station,93.1846,Gas Giant
11 UMi b,11 UMi,12.3,1.09,4684.8142,14.74,0.08,,,1.53,516.21997,K4 III,4213.0,29.79,2.78,Radial Velocity,2009.0,Thueringer Landessternwarte Tautenburg,125.321,Gas Giant
14 And b,14 And,13.1,1.16,1131.15130051,3.559,0.0,,,0.775,186.76,K0 III,4888.0,11.55,1.78,Radial Velocity,2008.0,Okayama Astrophysical Observatory,75.4392,Gas Giant
14 Her b,14 Her,12.6,1.12,2559.47216157,8.053,0.373,,,2.774,1765.0389,K0V,5338.0,0.93,0.91,Radial Velocity,2002.0,W. M. Keck Observatory,17.9323,Gas Giant
16 Cyg B b,16 Cyg B,13.5,1.2,565.7374,1.78,0.68,,,1.66,798.5,G3 V,5750.0,1.13,1.08,Radial Velocity,1996.0,Multiple Observatories,21.1397,Gas Giant
17 Sco b,17 Sco,12.9,1.15,1373.01871824,4.32,0.06,,,1.45,578.38,K3 III,4157.0,25.92,1.22,Radial Velocity,2020.0,Lick Observatory,124.953,Gas Giant
18 Del b,18 Del,12.5,1.12,2926.24614325,9.207,0.024,,,2.476,982.85,G6 III,4980.0,8.8,2.1,Radial Velocity,2008.0,Okayama Astrophysical Observatory,76.222,Gas Giant
1RXS J160929.1-210524 b,1RXS J160929.1-210524,18.647,1.664,3000.0,8.0,,1700.0,,330.0,,K7 V,4060.0,1.31316,0.85,Imaging,2008.0,Gemini Observatory,139.135,Gas Giant
24 Boo b,24 Boo,13.9,1.24,280.64248338,0.883,0.032,,,0.194,30.33,G3 IV,4816.0,12.19,1.05,Radial Velocity,2018.0,Okayama Astrophysical Observatory,95.9863,Gas Giant
24 Sex b,24 Sex,13.4,1.19,632.46,1.99,0.09,,,1.333,452.8,K0 IV,5098.0,4.9,1.54,Radial Velocity,2010.0,Lick Observatory,72.0691,Gas Giant
24 Sex c,24 Sex,13.9,1.24,273.32,0.86,0.29,,,2.08,883.0,K0 IV,5098.0,4.9,1.54,Radial Velocity,2010.0,Lick Observatory,72.0691,Gas Giant
2M0437 b,2MASS J04372171+2651014,13.0,1.16,1271.313628,4.0,,1450.0,,118.0,,M V,3100.0,0.84,0.17,Imaging,2021.0,Subaru Telescope,128.484,Gas Giant
2MASS J01033563-5515561 AB b,2MASS J01033563-5515561 A,12.3,1.1,4131.79,13.0,,,,84.0,,M5.5/M6,,,0.19,Imaging,2013.0,Paranal Observatory,47.2,Gas Giant
2MASS J01225093-2439505 b,2MASS J01225093-2439505,11.209,1.0,7786.5,24.5,,1600.0,,52.0,,M3.5 V,3530.0,0.36645,0.4,Imaging,2013.0,W. M. Keck Observatory,33.8281,Gas Giant
2MASS J02192210-3925225 b,2MASS J02192210-3925225,16.14096,1.44,4417.837,13.9,,,,156.0,,M6,3064.0,0.281,0.108,Imaging,2015.0,Cerro Tololo Inter-American Observatory,40.08964117,Gas Giant
2MASS J0249-0557 c,2MASS J0249-0557 A,12.4,1.11,3686.8095212,11.6,,,,1950.0,,M6 V,2859.0,0.315959,0.046,Imaging,2018.0,Mauna Kea Observatory,66.0613,Gas Giant
2MASS J03590986+2009361 b,2MASS J03590986+2009361,12.2,1.08,5720.911326,18.0,,2369.0,,572.0,,,2943.0,0.289776,0.264996,Imaging,2024.0,European Space Agency (ESA) Gaia Satellite,117.435,Gas Giant
2MASS J04414489+2301513 b,2MASS J04414489+2301513,12.6,1.13,2383.6,7.5,,,,15.0,,M8.5,2936.0,0.231916,0.019,Imaging,2010.0,Hubble Space Telescope,120.42398696,Gas Giant
2MASS J11011926-7732383 b,2MASS J11011926-7732383,11.9,1.06,8899.195396,28.0,,2677.0,,266.0,,,,,,Imaging,2024.0,European Space Agency (ESA) Gaia Satellite,,Gas Giant
2MASS J11550485-7919108 b,2MASS J11550485-7919108,12.1,1.08,6356.56814,20.0,,2506.0,,587.0,,,3021.0,0.600455,0.58846,Imaging,2024.0,European Space Agency (ESA) Gaia Satellite,100.862,Gas Giant
2MASS J12073346-3932539 b,2MASS J12073346-3932539,15.69257298,1.4,1652.7077164,5.2,,1163.0,,46.0,,M8,2825.0,0.21887,0.188001,Imaging,2004.0,Paranal Observatory,64.308,Gas Giant
2MASS J19383260+4603591 b,2MASS J19383260+4603591,13.4,1.2,603.877,1.9,0.33,,,0.92,406.0,,29564.0,0.203,0.48,Eclipse Timing Variations,2015.0,Kepler,396.332,Gas Giant
2MASS J21252752-8138278 b,2MASS J21252752-8138278,12.4,1.1,3813.940884,12.0,,1616.0,,7493.0,,,3592.0,0.672832,0.643977,Imaging,2024.0,European Space Agency (ESA) Gaia Satellite,34.1154,Gas Giant
2MASS J22362452+4751425 b,2MASS J22362452+4751425,12.3,1.1,3972.875,12.5,,,,230.0,,K7 V,4045.0,0.641152,0.6,Imaging,2016.0,W. M. Keck Observatory,69.5737,Gas Giant
2MASS J22501512+2325342 b,2MASS J22501512+2325342,11.9,1.06,9534.85221,30.0,,1600.0,,518.0,,M3,3352.0,0.437589,0.433173,Imaging,2018.0,The 2 (Two) Micron All Sky Survey (2MASS),57.2309,Gas Giant
4 UMa b,4 UMa,12.6,1.12,2511.48007211,7.902,0.453,,,0.877,270.27,K1 III,4415.0,18.11,1.234,Radial Velocity,2006.0,Thueringer Landessternwarte Tautenburg,73.4603,Gas Giant
47 UMa b,47 UMa,13.2,1.18,804.08,2.53,0.032,,,2.1,1078.0,G0V,5872.0,1.21334,1.06,Radial Velocity,1996.0,Lick Observatory,13.7967,Gas Giant
47 UMa c,47 UMa,14.2,1.27,171.621,0.54,0.098,,,3.6,2391.0,G0V,5872.0,1.21334,1.06,Radial Velocity,2001.0,Lick Observatory,13.7967,Gas Giant
47 UMa d,47 UMa,13.5,1.2,521.22,1.64,0.16,,,11.6,14002.0,G0V,5872.0,1.21334,1.06,Radial Velocity,2009.0,Lick Observatory,13.7967,Gas Giant
51 Peg b,51 Peg,14.3,1.27,146.2018,0.46,0.013,,,0.0527,4.230785,G5V,5758.0,1.17561,1.03,Radial Velocity,1995.0,Haute-Provence Observatory,15.4614,Gas Giant
55 Cnc B b,55 Cnc B,1.69,0.151,3.5,0.01101223,0.0,,,0.044,6.7994,M4.5 V,3286.0,0.274,0.26,Radial Velocity,2025.0,Mauna Kea Observatory,12.4773,Super-Earth
55 Cnc B c,55 Cnc B,2.16,0.193,5.3,0.01667566,0.0,,,0.13,33.747,M4.5 V,3286.0,0.274,0.26,Radial Velocity,2025.0,Mauna Kea Observatory,12.4773,Super-Earth
55 Cnc b,55 Cnc,13.9,1.24,263.9785,0.8306,0.0029,700.0,,0.118,14.651552,G8 V,5198.0,0.98,1.015,Radial Velocity,1996.0,Lick Observatory,12.5855,Gas Giant
55 Cnc c,55 Cnc,8.51,0.76,54.4738,0.1714,0.088,,,0.247,44.3936,G8 V,5198.0,0.98,1.015,Radial Velocity,2004.0,McDonald Observatory,12.5855,Gas Giant
55 Cnc d,55 Cnc,13.0,1.16,1232.493,3.878,0.0913,,,5.6,4799.0,G8 V,5198.0,0.98,1.015,Radial Velocity,2002.0,Lick Observatory,12.5855,Gas Giant
55 Cnc e,55 Cnc,1.875,0.1672763,7.99,0.02513923,0.05,1958.0,2657.8322,0.01544,0.7365474,G8 V,5172.0,0.943,0.905,Radial Velocity,2004.0,McDonald Observatory,12.5855,Super-Earth
55 Cnc f,55 Cnc,7.59,0.677,44.812,0.141,0.063,,,0.802,260.58,G8 V,5198.0,0.98,1.015,Radial Velocity,2007.0,Multiple Observatories,12.5855,Gas Giant
6 Lyn b,6 Lyn,13.4,1.2,597.83523357,1.881,0.042,,,2.028,919.86,K0 IV,4941.0,4.94,1.32,Radial Velocity,2008.0,Okayama Astrophysical Observatory,54.6599,Gas Giant
61 Vir b,61 Vir,2.11,0.188,5.1,0.016,0.12,,,0.050201,4.215,G5 V,5577.0,0.963,0.942,Radial Velocity,2009.0,Multiple Observatories,8.50332,Super-Earth
61 Vir c,61 Vir,4.46,0.398,18.2,0.057,0.14,,,0.2175,38.021,G5 V,5577.0,0.963,0.942,Radial Velocity,2009.0,Multiple Observatories,8.50332,Neptunian
61 Vir d,61 Vir,5.11,0.456,22.9,0.072,0.35,,,0.476,123.01,G5 V,5577.0,0.963,0.942,Radial Velocity,2009.0,Multiple Observatories,8.50332,Neptunian
7 CMa b,7 CMa,13.4,1.2,587.9855,1.85,0.06,,,1.758,735.1,K1III(+M),4826.0,4.87,1.34,Radial Velocity,2011.0,Anglo-Australian Telescope,19.8101,Gas Giant
7 CMa c,7 CMa,13.9,1.24,276.5121,0.87,0.08,,,2.153,996.0,K1III(+M),4826.0,4.87,1.34,Radial Velocity,2019.0,Multiple Observatories,19.8101,Gas Giant
70 Vir b,70 Vir,12.6,1.13,2380.45,7.49,0.3988,,,0.481,116.688,G5V,5495.0,1.89,1.09,Radial Velocity,1996.0,Lick Observatory,17.9011,Gas Giant
75 Cet b,75 Cet,13.3,1.18,787.89662095,2.479,0.093,,,1.912,696.62,G3 III,4809.0,10.38,1.92,Radial Velocity,2012.0,Okayama Astrophysical Observatory,82.9613,Gas Giant
75 Cet c,75 Cet,13.9,1.24,289.85950718,0.912,0.023,,,3.929,2051.62,G3 III,4809.0,10.38,1.92,Radial Velocity,2023.0,Okayama Astrophysical Observatory,82.9613,Gas Giant
8 UMi b,8 UMi,13.5,1.2,524.41687155,1.65,0.062,,,0.462,93.31,K0,4847.0,10.73,1.51,Radial Velocity,2015.0,Bohyunsan Optical Astronomical Observatory,162.552,Gas Giant
81 Cet b,81 Cet,13.1,1.17,1051.05854195,3.307,0.037,,,2.104,1005.57,G5 III,4734.0,11.21,1.23,Radial Velocity,2008.0,Okayama Astrophysical Observatory,101.26,Gas Giant
91 Aqr b,91 Aqr,13.1,1.17,1017.0,3.2,0.027,,,0.7,181.4,K0 III,4665.0,11.0,1.4,Radial Velocity,2013.0,Lick Observatory,44.0304,Gas Giant
AB Aur b,AB Aur,12.5,1.12,2860.455663,9.0,0.4,,,93.9,,,9770.0,2.95887,2.4,Imaging,2022.0,Subaru Telescope,162.127,Gas Giant
AB Pic b,AB Pic,12.3,1.1,4290.5,13.5,,,,260.0,,K2 V,5285.0,0.999394,0.9,Imaging,2005.0,Paranal Observatory,50.0475,Gas Giant
AF Lep b,AF Lep,13.0,1.16,1147.36054927,3.61,0.015,1400.0,,8.996,8905.0,F8,6140.0,1.25,1.218,Imaging,2023.0,Paranal Observatory,26.8564,Gas Giant
AT2021ueyL b,AT2021ueyL,13.6,1.22,425.89006538,1.34,,,,4.01,4168.69,M V,3680.0,,0.49,Microlensing,2025.0,Multiple Observatories,1040.0,Gas Giant
AU Mic b,AU Mic,4.79,0.42733591,8.99,0.0282857,0.07,554.8,21.2,0.07,8.463446,M1 V,3540.0,0.862,0.635,Transit,2020.0,Transiting Exoplanet Survey Satellite (TESS),9.7221,Neptunian
AU Mic c,AU Mic,2.79,0.24890756,14.46,0.04549625,0.18,424.7,7.3,0.119,18.859023,M1 V,3540.0,0.862,0.635,Transit,2021.0,Transiting Exoplanet Survey Satellite (TESS),9.7221,Neptunian
BD+03 2562 b,BD+03 2562,12.7,1.13,2034.112,6.4,0.2,,,1.3,481.9,,4095.0,32.35,1.14,Radial Velocity,2017.0,Multiple Observatories,1070.63,Gas Giant
BD+14 4559 b,BD+14 4559,13.8,1.23,330.5432,1.04,0.29,,,0.78,268.94,K2 V,4864.0,0.86,0.49,Radial Velocity,2009.0,McDonald Observatory,49.352,Gas Giant
BD+15 2375 b,BD+15 2375,13.8,1.23,337.21763,1.061,0.001,,,0.576,153.22,G5,4649.0,8.95,1.08,Radial Velocity,2016.0,Roque de los Muchachos Observatory,768.045,Gas Giant
BD+15 2940 b,BD+15 2940,13.7,1.23,352.78,1.11,0.26,,,0.539,137.48,K0,4796.0,14.7,1.1,Radial Velocity,2013.0,McDonald Observatory,426.42,Gas Giant
BD+20 2457 b,BD+20 2457,12.1,1.08,6807.63,21.42,0.15,,,1.45,379.63,K2 II,4137.0,49.0,2.8,Radial Velocity,2009.0,McDonald Observatory,1539.71,Gas Giant
BD+20 2457 c,BD+20 2457,12.4,1.1,3963.17,12.47,0.18,,,2.01,621.99,K2 II,4137.0,49.0,2.8,Radial Velocity,2009.0,McDonald Observatory,1539.71,Gas Giant
BD+20 274 b,BD+20 274,13.0,1.16,1334.886,4.2,0.21,,,1.3,578.2,K5 III,4296.0,17.3,0.8,Radial Velocity,2012.0,McDonald Observatory,1322.51,Gas Giant
BD+20 594 b,BD+20 594,2.57807,0.23,22.2481,0.07,0.0,546.0,,0.241,41.6855,G,5766.0,1.08,1.67,Transit,2016.0,K2,179.461,Neptunian
BD+37 3172 b,BD+37 3172,12.4,1.11,3368.9811142,10.6,0.59,,,4.65,1887.76,,4500.0,50.24,3.75,Radial Velocity,2023.0,McDonald Observatory,454.251,Gas Giant
BD+42 2315 b,BD+42 2315,14.2,1.26,174.80562385,0.55,0.73,,,0.54,123.05,,4500.0,17.85,1.38,Radial Velocity,2023.0,McDonald Observatory,610.715,Gas Giant
BD+45 564 b,BD+45 564,13.6,1.21,432.24663352,1.36,0.12,,,0.83,307.88,K1,5004.0,0.813064,0.81,Radial Velocity,2021.0,Haute-Provence Observatory,53.622,Gas Giant
BD+48 738 b,BD+48 738,13.9,1.24,289.2253,0.91,0.2,,,1.0,392.6,K0 III,4414.0,11.0,0.74,Radial Velocity,2011.0,McDonald Observatory,871.493,Gas Giant
BD+48 740 b,BD+48 740,13.5,1.2,540.311,1.7,0.76,,,1.7,733.0,K3 III,4534.0,10.33,1.09,Radial Velocity,2018.0,Multiple Observatories,666.589,Gas Giant
BD+49 828 b,BD+49 828,13.5,1.21,508.5,1.6,0.35,,,4.2,2590.0,K0,4943.0,7.6,1.52,Radial Velocity,2015.0,McDonald Observatory,442.042,Gas Giant
BD+55 362 b,BD+55 362,14.0,1.25,228.83645304,0.72,0.27,,,0.78,265.59,K3,5012.0,0.896193,0.909,Radial Velocity,2021.0,Haute-Provence Observatory,52.5697,Gas Giant
BD+60 1417 b,BD+60 1417,14.68376472,1.31,4767.426105,15.0,,1303.0,,1662.0,,K0,4993.0,0.797,1.0,Imaging,2021.0,Wide-field Infrared Survey Explorer (WISE) Sat,44.9543,Gas Giant
BD+63 1405 b,BD+63 1405,12.4,1.11,3305.4154328,10.4,0.88,,,2.06,1198.48,K0,5000.0,0.804724,0.816,Radial Velocity,2021.0,Haute-Provence Observatory,38.0473,Gas Giant
BD-06 1339 c,BD-06 1339,8.38,0.747,53.0,0.17,0.31,,,0.435,125.94,K7/M0 V,4324.0,0.686355,0.7,Radial Velocity,2013.0,La Silla Observatory,20.2695,Gas Giant
BD-08 2823 c,BD-08 2823,12.5,1.11,104.0,0.33,0.19,,,0.68,237.6,K3 V,4746.0,0.71,0.74,Radial Velocity,2009.0,La Silla Observatory,41.3342,Gas Giant
BD-10 3166 b,BD-10 3166,14.1,1.26,187.5197,0.59,0.02,,,0.04,3.48777,K0 V,5393.0,0.91,1.47,Radial Velocity,2000.0,W. M. Keck Observatory,84.4069,Gas Giant
BD-11 4672 b,BD-11 4672,14.1,1.25,206.5895,0.65,0.05,,,2.36,1634.0,K7V,4550.0,0.639,0.651,Radial Velocity,2014.0,La Silla Observatory,27.1665,Gas Giant
BD-11 4672 c,BD-11 4672,4.04,0.36,15.37,0.04835919,0.4,,,0.3,74.2,K7V,4550.0,0.639,0.651,Radial Velocity,2020.0,Roque de los Muchachos Observatory,27.1665,Neptunian
BD-13 2130 b,BD-13 2130,12.5,1.11,3108.3774,9.78,0.21,,,1.66,714.29999,G5 IV/V,4545.0,19.17,2.12,Radial Velocity,2007.0,La Silla Observatory,925.214,Gas Giant
BD-14 3065 b,BD-14 3065 A,21.59,1.926,3932.0,12.37,0.066,2001.0,646.761,0.0656,4.2889731,,6935.0,2.35,1.41,Transit,2024.0,Transiting Exoplanet Survey Satellite (TESS),589.423,Gas Giant
BD-17 63 b,BD-17 63,12.8,1.15,1639.99458012,5.16,0.5439,,,1.34,655.57,K5 V,4714.0,0.74,0.741,Radial Velocity,2008.0,La Silla Observatory,34.4603,Gas Giant
BD-210397 b,BD-210397,14.0,1.25,214.0,0.7,0.1,,0.02,2.63,1891.0,K7 V,4051.0,0.747,0.679,Radial Velocity,2023.0,La Silla Observatory,23.7324,Gas Giant
BD-210397 c,BD-210397,12.9,1.15,1525.5763536,4.8,0.43,,0.0039,5.9,6240.0,K7 V,4051.0,0.747,0.69,Radial Velocity,2023.0,La Silla Observatory,23.7324,Gas Giant
BEBOP-3 b,BEBOP-3,14.2,1.26,177.34825111,0.558,0.247,,,1.444,547.0,,6033.0,1.414,1.083,Radial Velocity,2025.0,Haute-Provence Observatory,119.052,Gas Giant
Barnard b,Barnard's star,0.72,0.0642,0.299,0.00094076,0.03,438.0,6.76,0.0229,3.1542,M3.5-4 V,3195.0,0.185,0.162,Radial Velocity,2024.0,Paranal Observatory,1.82655,Terrestrial
Barnard c,Barnard's star,0.743,0.0663,0.335,0.00105403,0.08,400.0,,0.0274,4.1244,M3.5-4 V,3195.0,0.185,0.162,Radial Velocity,2025.0,Gemini Observatory,1.82655,Terrestrial
Barnard d,Barnard's star,0.694,0.062,0.263,0.00082749,0.04,483.0,,0.0188,2.3402,M3.5-4 V,3195.0,0.185,0.162,Radial Velocity,2025.0,Gemini Observatory,1.82655,Terrestrial
Barnard e,Barnard's star,0.637,0.0568,0.193,0.00060725,0.04,340.0,,0.0381,6.7392,M3.5-4 V,3195.0,0.185,0.162,Radial Velocity,2025.0,Gemini Observatory,1.82655,Terrestrial
CD Cet b,CD Cet,1.82,0.162,3.95,0.01242809,,464.0,8.6,0.0185,2.2907,M5.0 V,3130.0,0.175,0.161,Radial Velocity,2020.0,Calar Alto Observatory,8.60715,Super-Earth
CD-35 2722 b,CD-35 2722,17.37392009,1.55,9375.9380065,29.5,,1800.0,,67.0,,M1 V,3689.0,0.558549,0.4,Imaging,2011.0,Gemini Observatory,22.3896,Gas Giant
CFBDSIR J145829+101343 b,CFBDSIR J145829+101343,12.4,1.11,3337.1,10.5,,370.0,,2.6,10037.5,,580.5,,0.021,Imaging,2011.0,W. M. Keck Observatory,23.1,Gas Giant
CFHTWIR-Oph 98 b,CFHTWIR-Oph 98 A,20.8487041,1.86,2479.0615746,7.8,,1800.0,,200.0,8040000.0,M9-L1,2320.0,0.245,0.0147,Imaging,2021.0,Hubble Space Telescope,,Gas Giant
CHXR 73 b,CHXR 73,12.3,1.1,3994.486,12.569,,,,210.0,,M3.5,3099.0,,0.35,Imaging,2006.0,Hubble Space Telescope,190.374,Gas Giant
CI Tau c,CI Tau,13.0,1.16,1144.1822652,3.6,0.58,,,0.17,25.2,K7,3807.0,1.880857,0.9,Radial Velocity,2024.0,Multiple Observatories,157.998,Gas Giant
COCONUTS-2 b,COCONUTS-2 A,12.44196858,1.11,2542.627256,8.0,,434.0,,7506.0,402000000.0,M3 V,3406.0,0.388,0.37,Imaging,2021.0,NASA Infrared Telescope Facility (IRTF),10.8864,Gas Giant
CT Cha b,CT Cha,24.66,2.2,5403.0,17.0,,2600.0,,440.0,,K5e,4403.0,1.679694,,Imaging,2007.0,Paranal Observatory,190.72,Gas Giant
CoRoT-1 b,CoRoT-1,16.7,1.49,327.35,1.03,0.0,1898.0,2852.63,0.02752,1.5089557,G0 V,5950.0,1.11,0.95,Transit,2008.0,CoRoT,787.909,Gas Giant
CoRoT-10 b,CoRoT-10,10.87,0.97,874.0,2.75,0.53,600.0,16.1089,0.1055,13.2406,K1 V,5075.0,0.79,0.89,Transit,2010.0,CoRoT,338.386,Gas Giant
CoRoT-11 b,CoRoT-11,16.03,1.43,740.51,2.33,0.0,1657.0,1890.649,0.0436,2.99433,F6 V,6440.0,1.37,1.27,Transit,2010.0,CoRoT,655.037,Gas Giant
CoRoT-12 b,CoRoT-12,16.14,1.44,291.438,0.917,0.07,1442.0,661.1334,0.04016,2.828042,,5675.0,1.116,1.078,Transit,2010.0,CoRoT,1126.37,Gas Giant
CoRoT-13 b,CoRoT-13,9.92,0.885,415.704,1.308,0.0,1700.0,546.5339,0.051,4.03519,G0 V,5945.0,1.01,1.09,Transit,2010.0,CoRoT,1148.93,Gas Giant
CoRoT-14 b,CoRoT-14,12.22,1.09,2415.4,7.6,0.0,1952.0,,0.027,1.51214,F9 V,6035.0,1.21,1.13,Transit,2010.0,CoRoT,1744.6,Gas Giant
CoRoT-16 b,CoRoT-16,13.11,1.17,170.032,0.535,0.33,,,0.0618,5.35227,G5 V,5650.0,1.19,1.098,Transit,2011.0,CoRoT,732.409,Gas Giant
CoRoT-17 b,CoRoT-17,11.43,1.02,772.29,2.43,0.0,1626.0,,0.0461,3.7681,G2 V,5740.0,1.59,1.04,Transit,2011.0,CoRoT,1176.12,Gas Giant
CoRoT-18 b,CoRoT-18,14.68,1.31,1102.82,3.47,0.08,1550.0,823.7009,0.0295,1.9000693,G9 V,5440.0,1.0,0.95,Transit,2011.0,CoRoT,764.889,Gas Giant
CoRoT-19 b,CoRoT-19,14.46,1.29,352.78,1.11,0.047,2000.0,1103.809,0.0518,3.89713,F9 V,6090.0,1.65,1.21,Transit,2011.0,CoRoT,790.663,Gas Giant
CoRoT-2 b,CoRoT-2,16.432,1.466,1102.82,3.47,0.0143,1521.0,932.9076,0.02798,1.7429935,,5625.0,0.906,0.96,Transit,2008.0,CoRoT,213.283,Gas Giant
CoRoT-20 b,CoRoT-20,9.41556,0.84,1366.669,4.3,0.59,1024.0,180.8704,0.09,9.24285,G2 V,5880.0,1.02,1.14,Transit,2011.0,CoRoT,844.061,Gas Giant
CoRoT-20 c,CoRoT-20,12.2,1.09,5403.11,17.0,0.6,,,2.9,1675.0,G2 V,5880.0,1.02,1.14,Radial Velocity,2018.0,Multiple Observatories,844.061,Gas Giant
CoRoT-21 b,CoRoT-21,14.5717,1.3,718.2958,2.26,0.0,,,0.0417,2.72474,F8 IV,6200.0,1.95,1.29,Transit,2012.0,CoRoT,1398.83419686,Gas Giant
CoRoT-22 b,CoRoT-22,4.88,0.435,12.2,0.038,0.077,885.0,,0.092,9.75598,G3 V,5939.0,1.136,1.099,Transit,2014.0,CoRoT,627.158,Neptunian
CoRoT-23 b,CoRoT-23,11.77,1.05,889.9,2.8,0.16,1660.0,,0.048,3.6313,G0 V,5900.0,1.61,1.14,Transit,2011.0,CoRoT,1060.97,Gas Giant
CoRoT-24 b,CoRoT-24,3.7,0.33,5.7,0.018,0.0,1070.0,,0.056,5.1134,K1 V,4950.0,0.86,0.91,Transit,2014.0,CoRoT,591.555,Neptunian
CoRoT-24 c,CoRoT-24,5.0,0.44,28.0,0.088,0.0,850.0,,0.098,11.759,K1 V,4950.0,0.86,0.91,Transit,2014.0,CoRoT,591.555,Neptunian
CoRoT-25 b,CoRoT-25,12.11,1.08,85.81,0.27,0.0,1330.0,,0.0578,4.86069,F9,6040.0,1.19,1.09,Transit,2013.0,CoRoT,1103.48,Gas Giant
CoRoT-26 b,CoRoT-26,14.12,1.26,165.26,0.52,0.0,1600.0,,0.0526,4.20474,G5,5590.0,1.79,1.09,Transit,2013.0,CoRoT,1045.18,Gas Giant
CoRoT-27 b,CoRoT-27,11.287,1.007,3302.11,10.39,0.065,1500.0,,0.0476,3.57532,G2,5900.0,1.08,1.05,Transit,2014.0,CoRoT,1010.28,Gas Giant
CoRoT-28 b,CoRoT-28,10.704595,0.955,153.82972,0.484,0.047,,,0.0603,5.20851,G8/9 IV,5150.0,1.78,1.01,Transit,2015.0,CoRoT,766.183,Gas Giant
CoRoT-29 b,CoRoT-29,10.0881,0.9,270.1555,0.85,0.082,,,0.0386,2.85057,K0 V,5260.0,0.9,0.97,Transit,2015.0,CoRoT,806.507,Gas Giant
CoRoT-3 b,CoRoT-3,11.32,1.01,6883.91,21.66,0.0,1695.0,,0.05783,4.2568,F3 V,6740.0,1.56,1.37,Transit,2008.0,CoRoT,768.771,Gas Giant
CoRoT-30 b,CoRoT-30,11.309881,1.009,921.707,2.9,0.007,,,0.0844,9.06005,G3 V,5650.0,0.91,0.98,Transit,2020.0,CoRoT,1032.23,Gas Giant
CoRoT-31 b,CoRoT-31,16.36514,1.46,266.9772,0.84,0.02,,,0.0586,4.62941,G2 IV,5700.0,2.15,1.25,Transit,2020.0,CoRoT,2005.76,Gas Giant
CoRoT-32 b,CoRoT-32,6.38913,0.57,47.6745,0.15,,938.0,132.26,0.071,6.71837,G0 VI,5970.0,0.79,1.08,Transit,2018.0,CoRoT,576.683,Gas Giant
CoRoT-35 b,CoRoT-35,18.83108758,1.68,349.6112477,1.1,0.0,1747.0,,0.0429,3.22748,F6 V,6390.0,1.65,1.01,Transit,2022.0,CoRoT,1123.21,Gas Giant
CoRoT-36 b,CoRoT-36,15.80466279,1.41,216.12331676,0.68,0.0,1567.0,,0.066,5.616531,F3 V,6730.0,1.52,1.32,Transit,2022.0,CoRoT,925.958,Gas Giant
CoRoT-4 b,CoRoT-4,13.34,1.19,228.83,0.72,0.0,1074.0,203.9517,0.09,9.20205,,6190.0,1.17,1.16,Transit,2008.0,CoRoT,726.412,Gas Giant
CoRoT-5 b,CoRoT-5,15.558,1.388,148.42,0.467,0.09,1438.0,786.2949,0.04947,4.0378962,F9 V,6100.0,1.186,1.0,Transit,2009.0,CoRoT,882.472,Gas Giant
CoRoT-6 b,CoRoT-6,13.068,1.166,940.74,2.96,0.1,1017.0,,0.0855,8.886593,F9 V,6090.0,1.025,1.05,Transit,2009.0,CoRoT,645.294,Gas Giant
CoRoT-7 b,CoRoT-7,1.68135,0.15,4.07660518,0.01282637,0.0,1756.0,,0.017016,0.85359163,G9 V,5275.0,0.83,0.82,Transit,2009.0,CoRoT,159.906,Super-Earth
CoRoT-7 c,CoRoT-7,2.83,0.253,8.4,0.02642922,0.0,,,0.046,3.698,G9 V,5256.0,0.864273,0.899,Radial Velocity,2009.0,CoRoT,159.906,Neptunian
CoRoT-8 b,CoRoT-8,6.39,0.57,69.92,0.22,0.0,870.0,,0.063,6.21229,K1 V,5080.0,0.77,0.88,Transit,2010.0,CoRoT,322.037,Gas Giant
CoRoT-9 b,CoRoT-9,11.948794,1.066,266.9772,0.84,0.133,420.0,,0.4021,95.272656,G3 V,5625.0,0.96,0.96,Transit,2009.0,CoRoT,412.98,Gas Giant
DE CVn b,DE CVn,12.4,1.1,3823.27330161,12.02930278,0.0,,,5.75,4098.1,,3579.0,0.424754,0.51,Eclipse Timing Variations,2018.0,Multiple Facilities,30.5225,Gas Giant
DENIS-P J082303.1-491201 b,DENIS-P J082303.1-491201,11.9,1.06,9057.77,28.5,0.345,,,0.36,246.36,L1.5,,,0.075,Astrometry,2013.0,Paranal Observatory,20.77,Gas Giant
DH Tau b,DH Tau,30.2643,2.7,3496.0,11.0,,2200.0,,330.0,,M0.5,4371.0,0.27,0.33,Imaging,2004.0,Subaru Telescope,134.846,Gas Giant
DMPP-1 b,DMPP-1,4.26,0.38,16.8,0.05285871,0.2,877.0,,0.1423,17.812,F8 V,6196.0,1.26,1.21,Radial Velocity,2019.0,La Silla Observatory,62.5388,Neptunian
DMPP-1 c,DMPP-1,3.31,0.295,10.94,0.03442109,0.22,1239.0,,0.0973,10.03,F8 V,6196.0,1.26,1.21,Radial Velocity,2019.0,La Silla Observatory,62.5388,Neptunian
DMPP-1 d,DMPP-1,2.02,0.18,4.72,0.01485078,0.36,1632.0,,0.04467,3.1417,F8 V,6196.0,1.26,1.21,Radial Velocity,2019.0,La Silla Observatory,62.5388,Super-Earth
DMPP-1 e,DMPP-1,1.86,0.166,4.13,0.01299437,0.07,1314.0,,0.0651,5.516,F8 V,6196.0,1.26,1.21,Radial Velocity,2019.0,La Silla Observatory,62.5388,Super-Earth
DMPP-2 b,DMPP-2,14.2,1.27,171.48,0.53953642,0.06,1000.0,,0.06638,5.203,F5 V,6500.0,1.78,1.41,Radial Velocity,2019.0,Multiple Facilities,137.94,Gas Giant
DMPP-2 c,DMPP-2,8.26,0.737,51.79,0.16294956,0.28,,,0.04789,3.168,F5 V,6500.0,1.78,1.41,Radial Velocity,2026.0,Multiple Observatories,137.94,Gas Giant
DMPP-2 d,DMPP-2,11.6,1.03,91.79,0.28880364,0.1,,,0.1432,16.491,F5 V,6500.0,1.78,1.41,Radial Velocity,2026.0,Multiple Observatories,137.94,Gas Giant
DMPP-3 A b,DMPP-3 A,1.44,0.129,2.67,0.00840076,0.42,854.0,,0.05958,5.59,K0 V,5138.0,0.91,0.9,Radial Velocity,2019.0,La Silla Observatory,46.8917,Terrestrial
DMPP-4 b,DMPP-4,3.53,0.315,12.2,0.03838549,0.063,,,0.04853,3.4982,F5-F8 V,6400.0,1.38,1.25,Radial Velocity,2023.0,Multiple Observatories,25.3284,Neptunian
DMPP-6 b,DMPP-6,2.28,0.203,5.8,0.01824884,0.34,,,0.0779,7.6027,,6182.09,1.27,1.079,Radial Velocity,2026.0,Multiple Observatories,54.6303,Super-Earth
DMPP-6 c,DMPP-6,3.74,0.334,13.47,0.04238136,0.31,,,0.2206,36.441,,6182.09,1.27,1.079,Radial Velocity,2026.0,Multiple Observatories,54.6303,Neptunian
DMPP-7 b,DMPP-7,9.13,0.815,61.39,0.19315454,0.1,,,0.05873,4.984,G1 V,5996.82,1.53949,1.09,Radial Velocity,2026.0,Multiple Observatories,101.386,Gas Giant
DMPP-8 b,DMPP-8,10.8,0.96,81.09,0.25513767,0.275,,,0.3098,62.915,,6009.0,1.24,0.99,Radial Velocity,2026.0,Multiple Observatories,76.1335,Gas Giant
DMPP-9 b,DMPP-9,3.89,0.347,14.43,0.04540186,0.25,,,0.1097,12.733,,6092.0,1.26,1.1,Radial Velocity,2026.0,Multiple Observatories,109.539,Neptunian
DP Leo b,DP Leo,12.7,1.14,1995.88832,6.28,0.39,,,8.19,10220.0,,13500.0,0.0115,0.69,Eclipse Timing Variations,2009.0,Yunnan Astronomical Observatory,305.684,Gas Giant
EPIC 201170410.02,EPIC 201170410,1.047,0.09340708,1.15,0.0036,0.0,,,0.0349,6.7987,,3648.0,0.282,0.287,Transit,2020.0,K2,134.0,Terrestrial
EPIC 201595106 b,EPIC 201595106,1.565,0.13962019,7.67,0.02413252,0.0,2038.0,2852.0,0.0177,0.87724,,5679.0,0.98,0.958,Transit,2021.0,K2,232.1,Super-Earth
EPIC 201757695.02,EPIC 201757695,0.90819,0.08102328,0.688,0.00217,0.0,,,0.0296,2.0478,,4520.0,0.655,0.727,Transit,2020.0,K2,577.6,Terrestrial
EPIC 201841433 b,EPIC 201841433,1.04,0.09278259,1.12,0.00352,,,,0.035,4.1698,,5053.0,0.628461,0.802,Transit,2019.0,K2,436.488,Terrestrial
EPIC 211822797 b,EPIC 211822797,1.92,0.17129122,4.35,0.0137,0.06,431.0,3.5,0.1195,21.1701963,M0,4057.0,0.58,0.62,Transit,2016.0,K2,186.197,Super-Earth
EPIC 211945201 b,EPIC 211945201,5.76,0.51387278,11.0,0.03460987,0.0,817.0,101.0,0.1493,19.49221,G0,6069.0,1.39,1.17,Transit,2018.0,K2,181.69,Neptunian
EPIC 212737443 b,EPIC 212737443,2.586,0.23070747,7.2,0.0227,0.2,536.0,,0.098,13.603,K3,4684.0,0.673,0.69,Transit,2019.0,K2,336.25,Neptunian
EPIC 212737443 c,EPIC 212737443,2.69,0.23998573,7.7,0.0242,0.2,316.0,,0.28,65.55,K3,4684.0,0.673,0.69,Transit,2019.0,K2,336.25,Neptunian
EPIC 220674823 b,EPIC 220674823,1.676,0.14952296,7.8,0.02454154,0.0,2299.0,4656.0,0.01314,0.5713127,G5 V,5578.0,0.99,0.913,Transit,2016.0,K2,244.59,Super-Earth
EPIC 220674823 c,EPIC 220674823,2.84,0.25336827,7.32,0.0230313,0.17,804.0,70.0,0.1073,13.33989,G5 V,5578.0,0.99,0.913,Transit,2016.0,K2,244.59,Neptunian
EPIC 229004835 b,EPIC 229004835,2.332,0.20804746,10.4,0.03272206,0.23,804.0,69.7,0.1237,16.141132,,5868.0,0.999,0.97,Transit,2023.0,K2,121.971,Super-Earth
EPIC 246851721 b,EPIC 246851721,11.780659,1.051,953.49,3.0,,1401.0,642.0,0.07229,6.180235,F5 V,6202.0,1.586,1.317,Transit,2018.0,K2,372.632,Gas Giant
EPIC 248847494 b,EPIC 248847494,12.44199,1.11,4131.79,13.0,0.0,183.0,0.19,4.5,3650.0,,4898.0,2.7,0.9,Transit,2018.0,K2,551.886,Gas Giant
EPIC 249893012 b,EPIC 249893012,1.95,0.17396735,8.75,0.02753044,0.06,1616.0,1037.0,0.047,3.5951,G8 IV/V,5430.0,1.71,1.05,Transit,2020.0,K2,321.296,Super-Earth
EPIC 249893012 c,EPIC 249893012,3.67,0.32741547,14.67,0.04615675,0.07,990.0,160.0,0.13,15.624,G8 IV/V,5430.0,1.71,1.05,Transit,2020.0,K2,321.296,Neptunian
EPIC 249893012 d,EPIC 249893012,3.94,0.35150326,10.18,0.0320297,0.15,752.0,53.0,0.22,35.747,G8 IV/V,5430.0,1.71,1.05,Transit,2020.0,K2,321.296,Neptunian
FU Tau b,FU Tau,12.2,1.09,5085.28,16.0,,2375.0,,800.0,,M7.25,2838.0,,0.05,Imaging,2008.0,Spitzer Space Telescope,133.4950466,Gas Giant
G 192-15 b,G 192-15,1.02,0.0907,1.03,0.00324074,0.0,453.6,7.06,0.01723,2.27476,M5.0 V,2999.0,0.170718,0.132,Radial Velocity,2025.0,Calar Alto Observatory,9.53114,Terrestrial
G 192-15 c,G 192-15,3.87,0.345,14.3,0.04499283,0.676,55.9,0.0016,1.137,1219.0,M5.0 V,2999.0,0.170718,0.132,Radial Velocity,2025.0,Calar Alto Observatory,9.53114,Neptunian
G 196-3 b,G 196-3,12.0,1.07,8263.538582,26.0,,1670.0,,350.0,,,3517.0,0.522432,0.519782,Imaging,2024.0,European Space Agency (ESA) Gaia Satellite,21.7912,Gas Giant
G 261-6 b,G 261-6,1.1,0.0982,1.37,0.0043105,0.0,322.3,1.8,0.02971,5.4536,M5.5 V,2907.0,0.153162,0.118,Radial Velocity,2025.0,Calar Alto Observatory,10.6267,Terrestrial
G 264-012 b,G 264-012,1.39,0.124,2.5,0.00786588,,587.0,20.5,0.02279,2.30538,M4.0 V,3326.0,0.305,0.297,Radial Velocity,2021.0,Calar Alto Observatory,16.009,Terrestrial
G 264-012 c,G 264-012,1.76,0.157,3.75,0.01179882,,387.0,3.87,0.0525,8.0518,M4.0 V,3326.0,0.305,0.297,Radial Velocity,2021.0,Calar Alto Observatory,16.009,Super-Earth
G 268-110 b,G 268-110,1.13,0.101,1.52,0.00478245,0.0,534.0,13.57,0.01283,1.43263,M5.0 V,,0.177,0.137,Radial Velocity,2025.0,Calar Alto Observatory,,Terrestrial
G 9-40 b,G 9-40,1.9,0.16950694,4.0,0.01258541,0.0,440.6,6.27,0.0418,5.7459982,M2.5 V,3395.0,0.3026,0.2952,Transit,2019.0,K2,27.9276,Super-Earth
GJ 1002 b,GJ 1002,1.03,0.0919,1.08,0.00339806,,230.9,0.67,0.0457,10.3465,M5.5 V,3024.0,0.137,0.12,Radial Velocity,2022.0,Multiple Observatories,4.84867,Terrestrial
GJ 1002 c,GJ 1002,1.1,0.098,1.36,0.00427904,,181.7,0.257,0.0738,21.202,M5.5 V,3024.0,0.137,0.12,Radial Velocity,2022.0,Multiple Observatories,4.84867,Terrestrial
GJ 1061 b,GJ 1061,1.04,0.0926,1.11,0.00349245,0.05,,3.8,0.021,3.2073,M5.5 V,2953.0,0.156,0.12,Radial Velocity,2020.0,La Silla Observatory,3.67278,Terrestrial
GJ 1061 c,GJ 1061,1.19,0.106,1.81,0.0056949,0.02,,1.4,0.0342,6.6821,M5.5 V,2953.0,0.156,0.12,Radial Velocity,2020.0,La Silla Observatory,3.67278,Terrestrial
GJ 1061 d,GJ 1061,1.16,0.104,1.67,0.00525441,0.04,,0.6,0.054,13.066,M5.5 V,2953.0,0.156,0.12,Radial Velocity,2020.0,La Silla Observatory,3.67278,Terrestrial
GJ 1132 b,GJ 1132,1.19151465,0.1063,1.83704819,0.00578,0.0118,583.8,19.3,0.0157,1.62892911,M4.5 V,3229.0,0.2211,0.1945,Transit,2015.0,Cerro Tololo Inter-American Observatory,12.613,Terrestrial
GJ 1132 c,GJ 1132,1.43,0.128,2.64,0.00830633,0.27,300.0,,0.0476,8.929,M4.5 V,3270.0,0.2105,0.181,Radial Velocity,2018.0,La Silla Observatory,12.613,Terrestrial
GJ 1148 b,GJ 1148,11.9,1.07,96.7,0.3042507,0.38,,,0.166,41.38,M5,3287.0,0.358519,0.344045,Radial Velocity,2010.0,W. M. Keck Observatory,11.0143,Gas Giant
GJ 1148 c,GJ 1148,9.71,0.866,68.06,0.21413963,0.342,,,0.912,532.58,M5,3287.0,0.358519,0.344045,Radial Velocity,2017.0,Calar Alto Observatory,11.0143,Gas Giant
GJ 1151 c,GJ 1151,3.25,0.29,10.62,0.03341426,,,,0.5714,389.7,M 4.5V,3280.0,0.1781,0.1639,Radial Velocity,2023.0,Multiple Facilities,8.03625,Neptunian
GJ 1214 b,GJ 1214,2.733,0.24382235,8.41,0.02646082,0.0062,567.0,17.2,0.01505,1.580404531,M4 V,3101.0,0.2162,0.182,Transit,2009.0,MEarth Project,14.6427,Neptunian
GJ 1252 b,GJ 1252,1.193,0.10643251,1.32,0.00415318,0.0,1089.0,233.0,0.00915,0.5182331,M3,3458.0,0.391,0.381,Transit,2020.0,Transiting Exoplanet Survey Satellite (TESS),20.373,Terrestrial
GJ 1265 b,GJ 1265,2.63,0.234,7.4,0.02328289,0.04,,,0.026,3.6511,M4.5 V,3236.0,0.192,0.178,Radial Velocity,2018.0,Calar Alto Observatory,10.2525,Neptunian
GJ 1289 b,GJ 1289,2.38,0.213,6.27,0.01972763,0.0,150.0,,0.27,111.74,M4.5 Ve,3296.0,0.245012,0.21,Radial Velocity,2024.0,Multiple Observatories,8.35147,Super-Earth
GJ 143 b,GJ 143,2.61,0.2328486,22.7,0.07142183,0.188,422.0,10.8612,0.1915,35.61253,K4.5,4640.0,0.695,0.73,Transit,2019.0,Transiting Exoplanet Survey Satellite (TESS),16.32,Neptunian
GJ 15 A b,GJ 15 A,1.55,0.139,3.03,0.0095334,0.094,550.0,,0.072,11.4407,M1,3607.0,0.38,0.38,Radial Velocity,2014.0,W. M. Keck Observatory,3.56228,Super-Earth
GJ 15 A c,GJ 15 A,6.67,0.595,36.0,0.1132681,0.27,,,5.4,7600.0,M1,3607.0,0.38,0.38,Radial Velocity,2018.0,Roque de los Muchachos Observatory,3.56228,Gas Giant
GJ 160.2 b,GJ 160.2,3.17,0.283,10.2,0.03209263,0.06,,,0.053,5.2354,M0 V,4347.0,0.655173,0.69,Radial Velocity,2014.0,Multiple Observatories,25.8557,Neptunian
GJ 163 b,GJ 163,3.25,0.29,10.6,0.03335116,0.073,,,0.0607,8.63182,M,3500.0,0.409738,0.4,Radial Velocity,2013.0,La Silla Observatory,15.1285,Neptunian
GJ 163 c,GJ 163,2.5,0.223,6.8,0.02139509,0.099,,,0.1254,25.63058,M,3500.0,0.409738,0.4,Radial Velocity,2013.0,La Silla Observatory,15.1285,Super-Earth
GJ 163 d,GJ 163,5.92,0.528,29.4,0.09250228,0.373,,,1.0304,603.95116,M,3500.0,0.409738,0.4,Radial Velocity,2013.0,La Silla Observatory,15.1285,Neptunian
GJ 179 b,GJ 179,13.8,1.23,301.93698665,0.95,0.21,,,2.41,2288.0,M3.5 V,3370.0,0.38,0.357,Radial Velocity,2009.0,W. M. Keck Observatory,12.356,Gas Giant
GJ 180 b,GJ 180,2.43,0.217,6.49,0.02041972,0.07,,,0.092,17.133,M3,3371.0,0.413049,0.43,Radial Velocity,2014.0,Multiple Observatories,11.9407,Super-Earth
GJ 180 c,GJ 180,2.41,0.215,6.4,0.02013655,0.09,,,0.129,24.329,M3,3371.0,0.413049,0.43,Radial Velocity,2014.0,Multiple Observatories,11.9407,Super-Earth
GJ 180 d,GJ 180,2.66,0.237,7.56,0.0237863,0.14,,,0.309,106.3,M3,3371.0,0.413049,0.43,Radial Velocity,2020.0,Multiple Facilities,11.9407,Neptunian
GJ 2030 b,GJ 2030,2.03,0.181,4.76742611,0.015,0.239,,,0.034,2.38129,,5485.0,2.24104,0.96,Radial Velocity,2022.0,Multiple Observatories,37.0788,Super-Earth
GJ 2030 c,GJ 2030,12.3,1.1,4069.15709482,12.803,0.041,,,16.761,25533.11353,,5485.0,2.24104,0.96,Radial Velocity,2022.0,Multiple Observatories,37.0788,Gas Giant
GJ 2056 b,GJ 2056,4.17,0.372,16.2,0.05097064,0.72,,,0.283,69.971,M0V:,4069.95,0.709495,0.62,Radial Velocity,2020.0,Multiple Observatories,28.4434,Neptunian
GJ 2126 b,GJ 2126,13.6,1.22,413.1769291,1.3,0.85,,,0.71,272.7,M0 V,4159.0,0.728,0.65,Radial Velocity,2025.0,La Silla Observatory,38.129,Gas Giant
GJ 229 A c,GJ 229,2.87,0.256,8.58136699,0.027,0.366,,,0.384,121.93268,M1.5V,3564.0,0.46,0.509,Radial Velocity,2020.0,Multiple Facilities,5.75624,Neptunian
GJ 229 b,GJ 229,3.97,0.354,14.93793513,0.047,0.404,,,1.086,579.47495,M1.5V,3564.0,0.46,0.509,Radial Velocity,2014.0,Multiple Observatories,5.75624,Neptunian
GJ 238 b,GJ 238,0.566,0.05049522,0.126,0.000398,,758.0,107.262,0.02123,1.7446999,M2.5 V,3485.0,0.4314,0.4193,Transit,2024.0,Transiting Exoplanet Survey Satellite (TESS),15.2142,Terrestrial
GJ 251 b,GJ 251,1.79,0.16,3.85,0.01211345,0.0,336.0,2.37,0.0808,14.237,M3.0 V,3342.0,0.36,0.35,Radial Velocity,2020.0,W. M. Keck Observatory,5.58057,Super-Earth
GJ 251 c,GJ 251,1.8,0.16,3.88,0.01220785,0.0,216.0,0.404,0.196,53.647,M3.0 V,3342.0,0.36,0.35,Radial Velocity,2025.0,Multiple Observatories,5.58057,Super-Earth
GJ 27.1 b,GJ 27.1,3.66,0.327,13.0,0.04090237,0.08,,,0.101,15.819,M0.5 V,3542.0,0.518887,0.53,Radial Velocity,2014.0,Multiple Observatories,23.6062,Neptunian
GJ 273 b,GJ 273,1.51,0.135,2.89,0.00909291,0.1,,1.06,0.091101,18.6498,M3.5,3382.0,0.293,0.29,Radial Velocity,2017.0,La Silla Observatory,5.921535,Super-Earth
GJ 273 c,GJ 273,1.06,0.0942,1.18,0.00371268,0.17,,6.66,0.036467,4.7234,M3.5,3382.0,0.293,0.29,Radial Velocity,2017.0,La Silla Observatory,5.921535,Terrestrial
GJ 3021 b,GJ 3021,13.1,1.17,1071.04,3.37,0.511,350.0,,0.49,133.71,G6 V,5540.0,0.9,0.9,Radial Velocity,2000.0,La Silla Observatory,17.5559,Gas Giant
GJ 3082 b,GJ 3082,2.79,0.249,8.2,0.02579996,0.22,,,0.079,11.949,M4,3910.0,0.465216,0.47,Radial Velocity,2020.0,Multiple Facilities,16.6186,Neptunian
GJ 3090 b,GJ 3090,2.18,0.19448691,4.52,0.01422151,0.25,723.0,45.4,0.0316,2.85310198,M2 V,3707.0,0.516,0.519,Transit,2022.0,Transiting Exoplanet Survey Satellite (TESS),22.4751,Super-Earth
GJ 3090 c,GJ 3090,3.14,0.28,10.0,0.03146352,0.0,407.2,4.58,0.0997,15.9407,M2 V,3707.0,0.516,0.519,Radial Velocity,2026.0,Multiple Facilities,22.4751,Neptunian
GJ 3138 b,GJ 3138,1.18,0.106,1.78,0.00560048,0.19,,118.1,0.0197,1.22003,M0,3717.0,0.5,0.681,Radial Velocity,2017.0,La Silla Observatory,28.4712,Terrestrial
GJ 3138 c,GJ 3138,1.88,0.167,4.18,0.01315168,0.11,,13.9,0.057,5.974,M0,3717.0,0.5,0.681,Radial Velocity,2017.0,La Silla Observatory,28.4712,Super-Earth
GJ 3138 d,GJ 3138,3.23,0.288,10.5,0.03303653,0.32,,0.1,0.698,257.8,M0,3717.0,0.5,0.681,Radial Velocity,2017.0,La Silla Observatory,28.4712,Neptunian
GJ 317 b,GJ 317,13.3,1.18,794.5,2.5,0.0826,,,1.138,695.69,M3.5 V,3496.0,0.403,0.402,Radial Velocity,2007.0,W. M. Keck Observatory,15.1968,Gas Giant
GJ 317 c,GJ 317,13.6,1.21,454.49462201,1.43,0.217,,,5.04,6500.0,M3.5 V,3496.0,0.403,0.402,Radial Velocity,2018.0,W. M. Keck Observatory,15.1968,Gas Giant
GJ 3222 b,GJ 3222,3.4,0.303,11.44182265,0.036,0.929,,,0.091,10.66669,K0V,5257.46,0.931389,0.89,Radial Velocity,2022.0,Multiple Observatories,18.23817,Neptunian
GJ 328 b,GJ 328,13.3,1.18,797.74930157,2.51,0.227,,,4.11,3771.0,M0.0,3897.0,0.63,0.65,Radial Velocity,2013.0,McDonald Observatory,20.5266,Gas Giant
GJ 328 c,GJ 328,4.91,0.438,21.4,0.06733193,,,,0.657,241.8,M0.0,3897.0,0.63,0.65,Radial Velocity,2023.0,Roque de los Muchachos Observatory,20.5266,Neptunian
GJ 3293 b,GJ 3293,5.19,0.463,23.54,0.07406475,0.06,,1.07,0.14339,30.5987,M2.5,3466.0,0.404,0.42,Radial Velocity,2015.0,La Silla Observatory,20.1903,Neptunian
GJ 3293 c,GJ 3293,4.87,0.434,21.09,0.06635623,0.11,,0.17,0.36175,122.6196,M2.5,3466.0,0.404,0.42,Radial Velocity,2015.0,La Silla Observatory,20.1903,Neptunian
GJ 3293 d,GJ 3293,2.67,0.238,7.6,0.02391215,0.12,,0.59,0.19394,48.1345,M2.5,3466.0,0.404,0.42,Radial Velocity,2017.0,La Silla Observatory,20.1903,Neptunian
GJ 3293 e,GJ 3293,1.63,0.145,3.28,0.01031998,0.21,,3.34,0.08208,13.2543,M2.5,3466.0,0.404,0.42,Radial Velocity,2017.0,La Silla Observatory,20.1903,Super-Earth
GJ 3323 b,GJ 3323,1.23,0.109,2.02,0.0063556,0.23,,2.58,0.03282,5.3636,M4,3159.0,0.119,0.164,Radial Velocity,2017.0,La Silla Observatory,5.37484,Terrestrial
GJ 3323 c,GJ 3323,1.32,0.118,2.31,0.00726804,0.17,,0.17,0.1264,40.54,M4,3159.0,0.119,0.164,Radial Velocity,2017.0,La Silla Observatory,5.37484,Terrestrial
GJ 3341 b,GJ 3341,2.46,0.219,6.6,0.0208,0.31,,,0.089,14.207,M2.5,3526.0,0.439,0.47,Radial Velocity,2015.0,La Silla Observatory,23.619,Super-Earth
GJ 338 B b,GJ 338 B,3.25,0.29,10.6,0.03335133,0.109,391.0,,0.142,24.422,M0 V,4014.0,0.58,0.64,Radial Velocity,2020.0,Calar Alto Observatory,6.33256,Neptunian
GJ 3470 b,GJ 3470,4.57,0.40770809,13.9,0.04373407,0.017,593.5,29.6584,0.0355,3.3366496,M1.5,3600.0,0.547,0.539,Radial Velocity,2012.0,La Silla Observatory,29.4214,Neptunian
GJ 3473 b,GJ 3473,1.264,0.11276653,1.86,0.00585219,0.0,773.0,59.4,0.01589,1.1980035,M4,3347.0,0.364,0.36,Transit,2020.0,Transiting Exoplanet Survey Satellite (TESS),27.3644,Terrestrial
GJ 3473 c,GJ 3473,2.63,0.235,7.41,0.02331435,0.0,329.1,1.95,0.0876,15.509,M4,3347.0,0.364,0.36,Radial Velocity,2020.0,Multiple Observatories,27.3644,Neptunian
GJ 3512 b,GJ 3512,14.3,1.27,146.51889563,0.461,0.4279,,,0.3376,203.109,M5.5 V,3141.0,0.139,0.123,Radial Velocity,2019.0,Calar Alto Observatory,9.48637,Gas Giant
GJ 3512 c,GJ 3512,14.3,1.27,143.97626837,0.453,0.089,,,1.731,2354.0,M5.5 V,3141.0,0.139,0.123,Radial Velocity,2020.0,Multiple Observatories,9.48637,Gas Giant
GJ 357 b,GJ 357,1.2,0.10705701,1.84,0.00578926,,518.0,12.6,0.036,3.9306,M2.5 V,3505.0,0.337,0.342,Transit,2019.0,Transiting Exoplanet Survey Satellite (TESS),9.44181,Terrestrial
GJ 357 c,GJ 357,1.66,0.148,3.4,0.01069754,,401.2,4.45,0.061,9.1247,M2.5 V,3505.0,0.337,0.342,Radial Velocity,2019.0,Multiple Observatories,9.44181,Super-Earth
GJ 357 d,GJ 357,2.34,0.209,6.1,0.01919265,,219.6,0.38,0.204,55.661,M2.5 V,3505.0,0.337,0.342,Radial Velocity,2019.0,Multiple Observatories,9.44181,Super-Earth
GJ 3634 b,GJ 3634,2.83,0.253,8.4,0.026,0.08,,,0.0287,2.64561,M2.5,3517.0,0.43,0.45,Radial Velocity,2010.0,La Silla Observatory,20.3779,Neptunian
GJ 367 b,GJ 367,0.699,0.06236071,0.633,0.00199164,0.06,1365.0,579.0,0.00709,0.3219225,M1.0 V,3522.0,0.458,0.455,Transit,2021.0,Transiting Exoplanet Survey Satellite (TESS),9.41263,Terrestrial
GJ 3779 b,GJ 3779,2.75,0.245,8.0,0.02517069,0.07,,,0.026,3.0232,M4.0 V,3324.0,0.281,0.27,Radial Velocity,2018.0,Calar Alto Observatory,13.743,Neptunian
GJ 3929 b,GJ 3929,1.09,0.09724345,1.75,0.00550612,0.0,568.0,17.3,0.0252,2.616235,M3.5 V,3384.0,0.32,0.313,Transit,2022.0,Transiting Exoplanet Survey Satellite (TESS),15.8095,Terrestrial
GJ 3929 c,GJ 3929,2.26,0.201,5.71,0.01796567,0.0,317.0,1.68,0.081,15.04,M3.5 V,3384.0,0.32,0.313,Radial Velocity,2022.0,Multiple Observatories,15.8095,Super-Earth
GJ 393 b,GJ 393,1.17,0.104,1.71,0.00538026,,485.0,9.21,0.05402,7.02679,M2.0 V,3579.0,0.426,0.426,Radial Velocity,2021.0,Multiple Observatories,7.03149,Terrestrial
GJ 3942 b,GJ 3942,2.57,0.229,7.14,0.02246484,0.121,590.0,,0.0608,6.905,M0,3867.0,0.61,0.63,Radial Velocity,2017.0,Roque de los Muchachos Observatory,16.9287,Neptunian
GJ 3988 b,GJ 3988,1.74,0.156,3.69,0.01161004,0.0,348.0,2.45,0.0405,6.9442,M4.5 V,3273.0,0.19734,0.1842,Radial Velocity,2023.0,Calar Alto Observatory,9.9105,Super-Earth
GJ 3998 b,GJ 3998,1.39,0.124,2.5,0.00786588,0.0,,48.0,0.03,2.65033,M1,3726.0,0.5,0.52,Radial Velocity,2016.0,Roque de los Muchachos Observatory,18.1459,Terrestrial
GJ 3998 c,GJ 3998,2.5,0.223,6.82,0.02145812,0.0,,5.4,0.09,13.727,M1,3726.0,0.5,0.52,Radial Velocity,2016.0,Roque de los Muchachos Observatory,18.1459,Super-Earth
GJ 3998 d,GJ 3998,2.34,0.209,6.07,0.01909836,0.0,,1.2,0.189,41.78,M1,3726.0,0.5,0.52,Radial Velocity,2025.0,Multiple Observatories,18.1459,Super-Earth
GJ 411 b,GJ 411,1.45,0.129,2.69,0.00846369,0.063,349.83,3.13,0.07879,12.9394,M1.5 V,3719.0,0.3685,0.3899,Radial Velocity,2019.0,Haute-Provence Observatory,5.675773,Terrestrial
GJ 414 A b,GJ 414 A,2.63,0.23463288,7.6,0.02391215,0.45,308.6,,0.2324,50.8,K7 V,4120.0,0.68,0.65,Radial Velocity,2021.0,W. M. Keck Observatory,11.8893,Neptunian
GJ 414 A c,GJ 414 A,8.4,0.74939781,53.83,0.16936727,0.105,124.7,,1.4,749.83,K7 V,4120.0,0.68,0.65,Radial Velocity,2021.0,W. M. Keck Observatory,11.8893,Gas Giant
GJ 422 b,GJ 422,3.33,0.297,11.07,0.03482994,0.11,,,0.111,20.129,M3.5 V,3323.0,0.370328,0.35,Radial Velocity,2014.0,Multiple Observatories,12.6631,Neptunian
GJ 4274 b,GJ 4274,1.53,0.137,2.97,0.00934467,,,14.7,0.0153,1.6339,M4.5 V,3228.0,0.19,0.18,Radial Velocity,2026.0,Mauna Kea Observatory,7.23556,Super-Earth
GJ 4274 c,GJ 4274,2.83,0.252,8.39,0.02639789,,,0.1,0.186,69.57,M4.5 V,3228.0,0.19,0.18,Radial Velocity,2026.0,Mauna Kea Observatory,7.23556,Neptunian
GJ 4276 b,GJ 4276,4.22,0.377,16.57,0.05213479,0.37,,,0.082,13.352,M4.0,3387.0,0.407,0.406,Radial Velocity,2019.0,Calar Alto Observatory,21.3362,Neptunian
GJ 433 b,GJ 433,2.33,0.208,6.043,0.01901331,0.04,,,0.062,7.3705,M2V,3461.0,0.5,0.48,Radial Velocity,2011.0,La Silla Observatory,9.06456,Super-Earth
GJ 433 c,GJ 433,6.27,0.56,32.422,0.10201051,0.12,,,4.819,5094.105,M2V,3461.0,0.5,0.48,Radial Velocity,2014.0,Multiple Observatories,9.06456,Gas Giant
GJ 433 d,GJ 433,2.14,0.191,5.223,0.01643331,0.07,,,0.178,36.059,M2V,3461.0,0.5,0.48,Radial Velocity,2020.0,Multiple Facilities,9.06456,Super-Earth
GJ 436 b,GJ 436,4.17,0.372,22.1,0.07,0.13827,686.0,29.4322,0.0291,2.64388312,M2.5 V,3586.11,0.455,0.47,Radial Velocity,2004.0,W. M. Keck Observatory,9.75321,Neptunian
GJ 463 b,GJ 463,13.1,1.17,1080.6165838,3.4,0.146,,,3.53,3459.0,M3.0 V,3563.0,0.483,0.486,Radial Velocity,2022.0,Multiple Observatories,18.3554,Gas Giant
GJ 480 b,GJ 480,2.91,0.26,8.8,0.0276879,0.0,406.0,,0.068,9.5536,M3.5 Ve,3509.0,0.449,0.45,Radial Velocity,2020.0,Multiple Observatories,14.2358,Neptunian
GJ 486 b,GJ 486,1.289,0.11499708,2.77,0.00871539,0.00086,696.3,39.2,0.01714,1.46712127,M3.5 V,3317.0,0.3243,0.312,Radial Velocity,2021.0,Calar Alto Observatory,8.07426,Terrestrial
GJ 504 b,GJ 504,12.10569916,1.08,1271.3,4.0,,510.0,,43.5,,G0 V,6234.0,1.26,1.22,Imaging,2013.0,Subaru Telescope,17.5299,Gas Giant
GJ 514 b,GJ 514,2.13,0.19,5.2,0.01636103,0.45,202.0,0.28,0.422,140.43,M0.5-1.0 V,3728.0,0.5,0.51,Radial Velocity,2022.0,Multiple Observatories,7.61778,Super-Earth
GJ 536 b,GJ 536,2.41,0.215,6.37,0.02004226,0.0,451.0,9.9,0.0668,8.70874,M1 V,3641.0,0.529,0.528,Radial Velocity,2016.0,La Silla Observatory,10.4092,Super-Earth
GJ 536 c,GJ 536,2.3,0.205,5.89,0.01853201,0.0,290.5,1.692,0.1617,32.761,M1 V,3641.0,0.529,0.528,Radial Velocity,2025.0,Multiple Facilities,10.4092,Super-Earth
GJ 581 b,GJ 581,4.79,0.427,20.5,0.06450021,0.0342,,,0.0399,5.3686,M3.0 V,3500.0,0.302,0.295,Radial Velocity,2005.0,La Silla Observatory,6.2981,Neptunian
GJ 581 c,GJ 581,2.5,0.223,6.81,0.02142666,0.032,,,0.0718,12.9211,M3.0 V,3500.0,0.302,0.295,Radial Velocity,2007.0,La Silla Observatory,6.2981,Super-Earth
GJ 581 e,GJ 581,1.38,0.123,2.48,0.00780295,0.012,,,0.02799,3.1481,M3.0 V,3500.0,0.302,0.295,Radial Velocity,2009.0,La Silla Observatory,6.2981,Terrestrial
GJ 625 b,GJ 625,1.49,0.133,2.82,0.00887267,0.13,,,0.078361,14.628,M2,3499.0,0.31,0.3,Radial Velocity,2017.0,Multiple Observatories,6.47249,Terrestrial
GJ 649 b,GJ 649,10.8,0.966,81.99972901,0.258,0.083,,,1.112,600.1,M1.0,3734.0,0.5,0.51,Radial Velocity,2009.0,W. M. Keck Observatory,10.3796,Gas Giant
GJ 667 C b,GJ 667 C,2.25,0.201,5.68,0.01789,0.2,,,0.050431,7.203,M1.5 V,3350.0,,0.33,Radial Velocity,2012.0,La Silla Observatory,7.24396,Super-Earth
GJ 667 C c,GJ 667 C,1.77,0.158,3.8,0.012,0.02,,,0.125,28.14,M1.5 V,3350.0,,0.33,Radial Velocity,2013.0,La Silla Observatory,7.24396,Super-Earth
GJ 667 C e,GJ 667 C,1.45,0.129,2.7,0.008,0.02,,,0.213,62.24,M1.5 V,3350.0,,0.33,Radial Velocity,2013.0,La Silla Observatory,7.24396,Terrestrial
GJ 667 C f,GJ 667 C,1.45,0.129,2.7,0.008,0.03,,,0.156,39.026,M1.5 V,3350.0,,0.33,Radial Velocity,2013.0,La Silla Observatory,7.24396,Terrestrial
GJ 667 C g,GJ 667 C,1.99,0.177,4.6,0.014,0.08,,,0.549,256.2,M1.5 V,3350.0,,0.33,Radial Velocity,2013.0,La Silla Observatory,7.24396,Super-Earth
GJ 674 b,GJ 674,3.33,0.297,11.09,0.035,0.2,,,0.039,4.6938,M2.5,3600.0,0.36463,0.35,Radial Velocity,2007.0,La Silla Observatory,4.54896,Neptunian
GJ 676 A b,GJ 676 A,12.8,1.14,1840.86213334,5.792,0.319,,,1.735,1051.44521,M0,3734.0,0.69,0.626,Radial Velocity,2010.0,La Silla Observatory,16.0272,Gas Giant
GJ 676 A c,GJ 676 A,12.3,1.1,4288.14086724,13.492,0.295,,,9.726,13921.42302,M0,3734.0,0.69,0.626,Radial Velocity,2016.0,Paranal Observatory,16.0272,Gas Giant
GJ 676 A d,GJ 676 A,1.78,0.159,3.81394088,0.012,0.192,,,0.039,3.60076,M0,3734.0,0.69,0.626,Radial Velocity,2012.0,La Silla Observatory,16.0272,Super-Earth
GJ 676 A e,GJ 676 A,2.47,0.221,6.67439655,0.021,0.152,,,0.181,35.47358,M0,3734.0,0.69,0.626,Radial Velocity,2012.0,La Silla Observatory,16.0272,Super-Earth
GJ 680 b,GJ 680,12.0,1.07,7977.4930157,25.1,0.381,,,10.138,17281.66514,K5,3563.0,0.45933,0.456,Radial Velocity,2022.0,Multiple Observatories,9.67315,Gas Giant
GJ 682 b,GJ 682,1.93,0.173,4.4,0.01384388,0.08,,,0.08,17.478,M3.5 V,3028.0,0.298255,0.27,Radial Velocity,2014.0,Multiple Observatories,5.00671,Super-Earth
GJ 682 c,GJ 682,2.89,0.258,8.7,0.02737312,0.1,,,0.176,57.32,M3.5 V,3028.0,0.298255,0.27,Radial Velocity,2014.0,Multiple Observatories,5.00671,Neptunian
GJ 685 b,GJ 685,2.95,0.263,9.0,0.02831702,0.0,,,0.1344,24.16,M0.5,3816.0,0.54,0.55,Radial Velocity,2019.0,Roque de los Muchachos Observatory,14.3155,Neptunian
GJ 687 b,GJ 687,4.32,0.385,17.2,0.05411698,0.17,,,0.163,38.142,M3.0V,3413.0,0.4183,0.4,Radial Velocity,2014.0,Lick Observatory,4.54939,Neptunian
GJ 687 c,GJ 687,4.14,0.369,16.0,0.05034138,0.4,,,1.165,727.562,M3.0V,3413.0,0.4183,0.4,Radial Velocity,2020.0,Multiple Observatories,4.54939,Neptunian
GJ 720 A b,GJ 720 A,3.77,0.336,13.64,0.04291624,0.12,401.0,,0.119,19.466,M0.5 V,3837.0,0.56,0.57,Radial Velocity,2021.0,Roque de los Muchachos Observatory,15.5575,Neptunian
GJ 724 b,GJ 724,3.27,0.292,10.75,0.03382328,0.577,611.0,23.32,0.04685,5.101284,M1.0 V,3799.0,0.52226,0.5271,Radial Velocity,2023.0,Calar Alto Observatory,16.9658,Neptunian
GJ 740 b,GJ 740,1.53,0.137,2.96,0.00931315,0.24,829.0,79.0,0.029,2.37756,M1.0 V,3913.0,0.56,0.58,Radial Velocity,2021.0,Multiple Observatories,11.1017,Super-Earth
GJ 806 b,GJ 806,1.331,0.11874407,1.9,0.00597807,,940.0,130.0,0.01406,0.9263237,M1.5 V,3600.0,0.4144,0.413,Transit,2023.0,Transiting Exoplanet Survey Satellite (TESS),12.0445,Terrestrial
GJ 806 c,GJ 806,2.28,0.203,5.8,0.01824884,,490.0,9.5,0.0523,6.64064,M1.5 V,3600.0,0.4144,0.413,Radial Velocity,2023.0,Multiple Observatories,12.0445,Super-Earth
GJ 832 b,GJ 832,13.8,1.23,314.65012293,0.99,0.05,,,3.7,3853.0,M2/3 V,3472.0,0.441557,0.45,Radial Velocity,2008.0,Anglo-Australian Telescope,4.96435,Gas Giant
GJ 849 b,GJ 849,13.9,1.24,283.82076745,0.893,0.029,,,2.32,1925.31,M3.5,3467.0,0.45,0.45,Radial Velocity,2006.0,W. M. Keck Observatory,8.80058,Gas Giant
GJ 849 c,GJ 849,13.8,1.23,314.65012293,0.99,0.092,,,4.95,5990.0,M3.5,3467.0,0.45,0.45,Radial Velocity,2014.0,W. M. Keck Observatory,8.80058,Gas Giant
GJ 86 b,GJ 86,12.9,1.15,1404.8086,4.42,0.04,,,0.11,15.76491,K1V,5182.0,0.77,0.93,Radial Velocity,1999.0,La Silla Observatory,10.7836,Gas Giant
GJ 876 b,GJ 876,13.3,1.19,723.2235,2.2756,0.0324,,,0.208317,61.1166,M2.5V,3293.74,0.3,0.32,Radial Velocity,1998.0,Multiple Observatories,4.67517,Gas Giant
GJ 876 c,GJ 876,14.0,1.25,226.9846,0.7142,0.25591,,,0.12959,30.0881,M2.5V,3293.74,0.3,0.32,Radial Velocity,2000.0,Multiple Observatories,4.67517,Gas Giant
GJ 876 d,GJ 876,2.51,0.224,6.83,0.021,0.207,,,0.02080665,1.93778,M2.5V,3293.74,0.3,0.32,Radial Velocity,2005.0,W. M. Keck Observatory,4.67517,Neptunian
GJ 876 e,GJ 876,3.92,0.35,14.6,0.046,0.055,,,0.3343,124.26,M2.5V,3293.74,0.3,0.32,Radial Velocity,2010.0,W. M. Keck Observatory,4.67517,Neptunian
GJ 887 b,GJ 887,1.8,0.161,3.9,0.01227077,0.14,426.0,7.8,0.0683,9.2619,M1 V,3688.0,0.468,0.495,Radial Velocity,2020.0,La Silla Observatory,3.28679,Super-Earth
GJ 887 c,GJ 887,2.43,0.217,6.5,0.02045129,0.17,320.0,2.5,0.121,21.784,M1 V,3688.0,0.468,0.495,Radial Velocity,2020.0,La Silla Observatory,3.28679,Super-Earth
GJ 887 d,GJ 887,2.34,0.209,6.1,0.01919275,,241.0,0.81,0.212,50.77,M1 V,3688.0,0.468,0.495,Radial Velocity,2026.0,Multiple Observatories,3.28679,Super-Earth
GJ 887 e,GJ 887,1.12,0.0999,1.46,0.00459367,,544.0,20.9,0.0417,4.4249,M1 V,3688.0,0.468,0.495,Radial Velocity,2026.0,Multiple Observatories,3.28679,Terrestrial
GJ 896 A b,GJ 896 A,13.3,1.19,718.29219982,2.26,0.35,,,0.63965,284.39,M3.5 V,3345.0,0.394682,0.43599,Astrometry,2022.0,Very Long Baseline Array,6.26022,Gas Giant
GJ 900 b,GJ 900 A,12.4,1.11,3496.112477,11.0,,,,12000.0,,K7,3976.0,0.716187,1.08,Imaging,2024.0,Multiple Observatories,20.8065,Gas Giant
GJ 9066 c,GJ 9066,9.6,0.856,66.74396547,0.21,0.46,,,0.88,771.36,M5.0 V,3154.0,0.164,0.15,Radial Velocity,2020.0,Multiple Observatories,4.471,Gas Giant
GJ 9404 b,GJ 9404,3.48,0.31,11.9,0.03744159,0.49,,,0.0943,13.4586,M2V,3811.0,0.626041,0.62,Radial Velocity,2023.0,Roque de los Muchachos Observatory,23.8839,Neptunian
GJ 96 b,GJ 96,4.67,0.417,19.66,0.06185697,0.44,,,0.291,73.94,M2,3785.0,0.580612,0.6,Radial Velocity,2018.0,Haute-Provence Observatory,11.9315,Neptunian
GJ 9689 b,GJ 9689,3.07,0.274,9.65,0.0303623,0.29,453.04,,0.1139,18.27,M0.5,3836.0,0.57,0.59,Radial Velocity,2020.0,Roque de los Muchachos Observatory,30.6203,Neptunian
GJ 9714 b,GJ 9714,12.5,1.12,2988.54051102,9.403,0.155,,,12.319,19240.75467,K5V,4263.0,0.662662,0.67,Radial Velocity,2022.0,Multiple Observatories,20.5121,Gas Giant
GJ 9773 b,GJ 9773,14.2,1.26,172.580825,0.543,0.218,,,2.921,2965.0,M3.0 V,3528.0,0.362,0.358,Radial Velocity,2025.0,Calar Alto Observatory,15.9211,Gas Giant
GJ 9827 b,GJ 9827,1.44,0.12846842,4.28,0.01346639,0.0,1035.01,318.0,0.0189,1.208974,K7 V,4236.0,0.58,0.62,Transit,2017.0,K2,29.661,Terrestrial
GJ 9827 c,GJ 9827,1.13,0.10081202,1.86,0.00585221,0.0,715.94,73.0,0.0395,3.648103,K7 V,4236.0,0.58,0.62,Transit,2017.0,K2,29.661,Terrestrial
GJ 9827 d,GJ 9827,1.98,0.17664407,3.02,0.00950198,0.0,675.0,34.9,0.053,6.20183,K7 V,4236.0,0.58,0.62,Transit,2017.0,K2,29.661,Super-Earth
GPX-1 b,GPX-1,16.47720163,1.47,6261.2196179,19.7,0.0,2300.0,4650.0,0.0338,1.744579,F2,7000.0,1.56,1.68,Transit,2021.0,Acton Sky Portal Observatory,655.013,Gas Giant
GQ Lup b,GQ Lup,33.6,3.0,6356.0,20.0,,2650.0,,100.0,,K7e V,4360.0,1.94153,0.7,Imaging,2004.0,Paranal Observatory,151.169,Gas Giant
GSC 06214-00210 b,GSC 06214-00210,20.1762,1.8,5000.0,16.0,,2300.0,,320.0,,K7,4200.0,0.90484,0.9,Imaging,2010.0,Palomar Observatory,108.5,Gas Giant
GU Psc b,GU Psc,14.179,1.265,3591.3,11.3,,1050.0,,2000.0,,M3,4031.81,0.450458,0.325,Imaging,2014.0,Gemini Observatory,47.5501,Gas Giant
Gaia-1 b,Gaia-1,13.77583728,1.229,533.95172376,1.68,,1159.07,426.5351,0.04047,3.052524,,5470.0,0.952,0.949,Transit,2022.0,European Space Agency (ESA) Gaia Satellite,363.66,Gas Giant
Gaia-2 b,Gaia-2,14.81827249,1.322,259.66580852,0.817,,1213.23,512.0235,0.0467,3.6915224,,5720.0,1.064,1.0,Transit,2022.0,European Space Agency (ESA) Gaia Satellite,209.229,Gas Giant
Gaia22dkvL b,Gaia22dkvL,14.1,1.26,187.83658854,0.591,,,,1.4,,,,,1.145,Microlensing,2024.0,European Space Agency (ESA) Gaia Satellite,1270.0,Gas Giant
Gl 378 b,Gl 378,3.66,0.327,13.02,0.0409653,0.109,830.0,,0.039435,3.822,M1,3879.0,0.56,0.56,Radial Velocity,2019.0,Haute-Provence Observatory,14.9545,Neptunian
Gl 410 b,Gl 410,2.83,0.253,8.4,0.02642936,,,,0.0531,6.02,K,3842.0,0.543,0.55,Radial Velocity,2025.0,Mauna Kea Observatory,11.9324,Neptunian
Gl 49 b,Gl 49,2.24,0.2,5.63,0.01771387,0.363,,,0.0905,13.8508,M1.5 V,3805.0,0.511,0.515,Radial Velocity,2019.0,Multiple Observatories,9.8528,Super-Earth
Gl 686 b,Gl 686,2.46,0.22,6.624,0.02084133,0.05,379.0,,0.091,15.53,M1.0 V,3656.0,0.427,0.426,Radial Velocity,2018.0,Roque de los Muchachos Observatory,8.15728,Super-Earth
Gl 725 A b,Gl 725 A,1.48,0.132,2.78,0.00874686,0.0,,,0.068,11.2201,M3,3433.0,0.351,0.33,Radial Velocity,2025.0,Multiple Observatories,3.5214,Terrestrial
Gliese 12 b,Gliese 12,0.93,0.08296919,0.95,0.00298903,0.24,314.6,1.62,0.067,12.761418,M3.0 V,3328.0,0.265,0.255,Transit,2024.0,Transiting Exoplanet Survey Satellite (TESS),12.21,Terrestrial
HAT-P-1 b,HAT-P-1,14.784671,1.319,166.86075,0.525,0.0,1322.0,259.687,0.05561,4.46529976,G0 V,5980.0,1.174,1.151,Transit,2006.0,HATNet,158.979,Gas Giant
HAT-P-11 b,HAT-P-11,4.36,0.38897315,25.0,0.0787,0.251,838.0,100.77,0.05258,4.888,K4,4653.0,0.683,0.811,Transit,2008.0,HATNet,37.7647,Neptunian
HAT-P-11 c,HAT-P-11,13.2,1.18,851.78013076,2.68,0.652,,,4.1,3361.0,K4,4653.0,0.683,0.811,Radial Velocity,2018.0,W. M. Keck Observatory,37.7647,Gas Giant
HAT-P-12 b,HAT-P-12,10.749,0.959,67.059,0.211,0.0,963.0,118.075,0.0384,3.2130598,K4,4650.0,0.701,0.733,Transit,2009.0,HATNet,142.751,Gas Giant
HAT-P-13 b,HAT-P-13,14.258,1.272,270.462,0.851,0.0133,1740.0,1978.5245,0.04383,2.91625,G4,5653.0,1.756,1.32,Transit,2009.0,HATNet,246.81,Gas Giant
HAT-P-13 c,HAT-P-13,12.3,1.1,4538.421,14.28,0.6616,340.0,,1.258,446.27,G4,5653.0,1.756,1.32,Radial Velocity,2009.0,W. M. Keck Observatory,246.81,Gas Giant
HAT-P-14 b,HAT-P-14,15.91678,1.42,1093.3352,3.44,0.11,1624.0,1038.78,0.0596,4.62767,F5 V,6600.0,1.82,2.65,Transit,2010.0,HATNet,222.663,Gas Giant
HAT-P-15 b,HAT-P-15,11.88154,1.06,616.5902,1.94,0.19,904.0,79.7578,0.0965,10.8635,G5,5568.0,1.07,1.0,Transit,2010.0,HATNet,192.516,Gas Giant
HAT-P-16 b,HAT-P-16,14.68376472,1.31,1341.56043,4.221,0.0462,1566.0,1597.59,0.0413,2.77596727,F8,6140.0,1.158,1.218,Transit,2010.0,HATNet,226.637,Gas Giant
HAT-P-17 b,HAT-P-17,11.76945,1.05,184.3414,0.58,0.35,800.0,110.512,0.0892,10.33852,K,5246.0,0.87,0.99,Transit,2010.0,HATNet,92.3831,Gas Giant
HAT-P-17 c,HAT-P-17,13.1,1.17,1080.6,3.4,0.39,,,5.6,5584.0,K,5336.96,0.838682,0.92,Radial Velocity,2010.0,W. M. Keck Observatory,92.3831,Gas Giant
HAT-P-18 b,HAT-P-18,11.153,0.995,62.61,0.197,0.084,852.0,82.2407,0.0559,5.508023,K2,4803.0,0.749,0.77,Transit,2010.0,HATNet,161.4,Gas Giant
HAT-P-19 b,HAT-P-19,11.29865255,1.008,88.03846874,0.277,0.07,981.2,154.0,0.04599,4.00878322,K1,4962.0,0.773,0.807,Transit,2010.0,HATNet,202.078,Gas Giant
HAT-P-2 b,HAT-P-2,10.659759,0.951,2866.81223114,9.02,0.5172,1540.0,588.518,0.06814,5.6335158,F8,6380.0,1.39,1.33,Transit,2007.0,HATNet,127.774,Gas Giant
HAT-P-20 b,HAT-P-20,9.718,0.867,2302.899,7.246,0.015,970.0,85.1168,0.0361,2.875317,K3,4595.0,0.694,0.756,Transit,2010.0,HATNet,71.0374,Gas Giant
HAT-P-21 b,HAT-P-21,12.44199,1.11,1547.8321,4.87,0.23,1367.0,459.542,0.05037,4.12448,G3,5588.0,1.21,1.24,Transit,2010.0,HATNet,277.278,Gas Giant
HAT-P-22 b,HAT-P-22,12.89035,1.15,785.0401,2.47,0.02,1463.0,325.569,0.0414,3.21222,G5 V,5302.0,1.11,1.13,Transit,2010.0,HATNet,81.7647,Gas Giant
HAT-P-23 b,HAT-P-23,15.334,1.368,664.237,2.09,0.106,2056.0,2796.2342,0.0232,1.212884,G0,5905.0,1.203,1.13,Transit,2010.0,HATNet,364.813,Gas Giant
HAT-P-24 b,HAT-P-24,14.5717,1.3,238.3725,0.75,0.07,1637.0,1294.929,0.04651,3.35524,F8,6373.0,1.38,1.37,Transit,2010.0,HATNet,415.344,Gas Giant
HAT-P-25 b,HAT-P-25,12.722215,1.135,180.84527,0.569,0.023,1182.0,325.0,0.0466,3.65281514,G5,5519.0,0.919,1.012,Transit,2010.0,HATNet,300.384,Gas Giant
HAT-P-26 b,HAT-P-26,7.06167,0.63,22.2481,0.07,0.12,1080.0,185.0743,0.04748,4.23452,K1,5079.0,0.87,1.12,Transit,2010.0,HATNet,141.837,Gas Giant
HAT-P-27 b,HAT-P-27,11.43,1.02,197.05,0.62,0.0,1091.99,336.0384,0.04,3.039577,G8,5316.0,0.864673,0.916,Transit,2011.0,HATNet,199.173,Gas Giant
HAT-P-28 b,HAT-P-28,13.585,1.212,198.953,0.626,0.051,1384.0,554.7122,0.0434,3.257215,G3,5680.0,1.103,1.025,Transit,2011.0,HATNet,401.319,Gas Giant
HAT-P-29 b,HAT-P-29,13.11453,1.17,279.6904,0.88,0.09,1281.0,433.0,0.0667,5.72319,F8,6087.0,1.3,1.45,Transit,2011.0,HATNet,313.576,Gas Giant
HAT-P-3 b,HAT-P-3,10.53646,0.94,206.5895,0.65,0.0,1189.0,176.587,0.03866,2.8997,K1,5185.0,0.87,1.06,Transit,2007.0,HATNet,134.554,Gas Giant
HAT-P-30 b,HAT-P-30,16.14096,1.44,263.7989,0.83,0.04,1630.0,1467.9573,0.0419,2.8106,F7,6304.0,1.31,1.55,Transit,2011.0,HATNet,213.985,Gas Giant
HAT-P-31 b,HAT-P-31,12.21781,1.09,721.4741,2.27,0.25,1450.0,746.9025,0.061,5.00542,,6065.0,1.39,1.31,Transit,2011.0,HATNet,344.05,Gas Giant
HAT-P-32 b,HAT-P-32,22.19382,1.98,216.1244,0.68,0.159,1835.7,1841.0,0.03397,2.1500082,,6001.0,1.367,1.132,Transit,2011.0,HATNet,289.205,Gas Giant
HAT-P-33 b,HAT-P-33,20.73665,1.85,292.4036,0.92,0.0,1782.0,1701.38,0.04995,3.47447,F4,6446.0,1.79,1.82,Transit,2011.0,HATNet,396.11,Gas Giant
HAT-P-34 b,HAT-P-34,13.417173,1.197,1058.3739,3.33,0.432,1520.0,433.78,0.06774,5.452654,,6442.0,1.53,1.392,Transit,2011.0,HATNet,249.325,Gas Giant
HAT-P-35 b,HAT-P-35,14.930388,1.332,335.62848,1.056,0.02,1581.0,999.6688,0.04978,3.646706,,6096.0,1.435,1.236,Transit,2011.0,HATNet,506.965,Gas Giant
HAT-P-36 b,HAT-P-36,14.313893,1.277,587.413406,1.8482,0.063,1780.97,1821.0,0.0241,1.32734683,G5 V,5620.0,1.041,1.03,Transit,2011.0,HATNet,294.419,Gas Giant
HAT-P-37 b,HAT-P-37,13.204,1.178,371.528,1.169,0.058,1271.0,412.3914,0.0379,2.797436,,5500.0,0.877,0.929,Transit,2011.0,HATNet,390.594,Gas Giant
HAT-P-38 b,HAT-P-38,9.247,0.825,84.857,0.267,0.067,1082.0,243.0337,0.0523,4.640382,G5,5330.0,0.923,0.886,Transit,2012.0,HATNet,255.206,Gas Giant
HAT-P-39 b,HAT-P-39,17.609,1.571,190.372,0.599,0.0,1752.0,1915.6934,0.0509,3.54387,,6430.0,1.625,1.404,Transit,2012.0,HATNet,697.004,Gas Giant
HAT-P-4 b,HAT-P-4,14.28,1.274,213.255,0.671,0.0,1686.0,1438.0,0.04438,3.056536,F,5860.0,1.596,1.248,Transit,2007.0,HATNet,320.451,Gas Giant
HAT-P-40 b,HAT-P-40,17.03768,1.52,152.5584,0.48,0.0,1770.0,1747.4151,0.0608,4.45724,,6080.0,1.94,1.03,Transit,2012.0,HATNet,464.469,Gas Giant
HAT-P-41 b,HAT-P-41,22.97845,2.05,378.2177,1.19,0.0,1941.0,2485.0721,0.04258,2.69405,,6390.0,2.05,2.56,Transit,2012.0,HATNet,348.185,Gas Giant
HAT-P-42 b,HAT-P-42,14.348,1.28,331.801,1.044,0.0,1428.0,684.0973,0.0575,4.641878,,5743.0,1.53,1.178,Transit,2012.0,HATNet,405.238,Gas Giant
HAT-P-43 b,HAT-P-43,13.63,1.21598925,210.395,0.662,0.0,1353.0,521.877,0.0444,3.3326414,F9,5693.0,1.08,1.03,Transit,2012.0,HATNet,528.825,Gas Giant
HAT-P-44 b,HAT-P-44,13.922,1.242,111.871,0.352,0.044,1108.0,185.119,0.0507,4.301219,,5295.0,0.949,0.942,Transit,2014.0,HATNet,347.85,Gas Giant
HAT-P-44 c,HAT-P-44,13.0,1.16,1271.3,4.0,0.494,,,1.752,872.2,,5295.0,0.949,0.942,Radial Velocity,2014.0,W. M. Keck Observatory,347.85,Gas Giant
HAT-P-45 b,HAT-P-45,15.984,1.426,283.492,0.892,0.049,1652.0,1052.239,0.0452,3.128992,,6330.0,1.319,1.259,Transit,2014.0,HATNet,298.64,Gas Giant
HAT-P-46 b,HAT-P-46,14.392,1.284,156.684,0.493,0.123,1458.0,1405.4798,0.0577,4.463129,,6120.0,1.396,1.284,Transit,2014.0,HATNet,290.736,Gas Giant
HAT-P-49 b,HAT-P-49,17.82231,1.59,699.226,2.2,0.0,2131.0,4392.03,0.04378,2.69155,F3,6820.0,2.06,2.22,Transit,2014.0,HATNet,350.351,Gas Giant
HAT-P-5 b,HAT-P-5,13.56289,1.21,311.4734,0.98,0.0,1517.0,850.6754,0.04073,2.78849,G,5960.0,1.12,1.04,Transit,2007.0,HATNet,303.336,Gas Giant
HAT-P-50 b,HAT-P-50,14.437192,1.288,429.0705,1.35,0.115,1862.0,2108.4362,0.0453,3.1220109,F5,6280.0,1.698,1.273,Transit,2015.0,HATNet,515.458,Gas Giant
HAT-P-51 b,HAT-P-51,13.50682174,1.205,97.57332095,0.307,0.07,1168.2,310.0,0.05042,4.21802091,G7,5453.0,0.995,0.961,Transit,2015.0,HATNet,440.089,Gas Giant
HAT-P-52 b,HAT-P-52,11.309881,1.009,259.98494,0.818,0.047,1218.0,227.759,0.03694,2.7535953,K1,5131.0,0.893,0.887,Transit,2015.0,HATNet,361.155,Gas Giant
HAT-P-53 b,HAT-P-53,14.773462,1.318,471.65972,1.484,0.134,1778.0,1400.0226,0.03159,1.9616241,,5956.0,1.209,1.093,Transit,2015.0,HATNet,666.802,Gas Giant
HAT-P-54 b,HAT-P-54,10.581296,0.944,241.5508,0.76,0.074,818.0,88.6713,0.04117,3.799847,K7,4390.0,0.617,0.645,Transit,2015.0,HATNet,143.651,Gas Giant
HAT-P-55 b,HAT-P-55,14.84069045,1.324,189.42573057,0.596,0.17,1367.0,583.0,0.04628,3.5852313,,5804.0,1.105,1.028,Transit,2015.0,HATNet,511.388,Gas Giant
HAT-P-56 b,HAT-P-56,16.92559,1.51,734.1873,2.31,0.29,1840.0,3515.0,0.0423,2.79083,F8,6566.0,1.47,1.42,Transit,2015.0,HATNet,320.639,Gas Giant
HAT-P-57 b,HAT-P-57,19.50366,1.74,448.1403,1.41,0.0,2200.0,2726.6328,0.0406,2.4653,A8 V,6330.0,1.85,2.77,Transit,2015.0,HATNet,279.86,Gas Giant
HAT-P-58 b,HAT-P-58,14.93036229,1.332,118.2321674,0.372,0.073,1622.0,1146.0,0.04994,4.0138379,,6078.0,1.53,1.031,Transit,2021.0,HATNet,515.59,Gas Giant
HAT-P-59 b,HAT-P-59,12.58768533,1.123,489.45574678,1.54,0.03,1277.8,441.4,0.05064,4.1419771,,5678.0,1.1038,1.008,Transit,2021.0,HATNet,265.471,Gas Giant
HAT-P-6 b,HAT-P-6,16.58932,1.48,419.5356,1.32,0.0,1675.0,1099.44,0.05239,3.85298,,6570.0,1.62,1.79,Transit,2007.0,HATNet,275.358,Gas Giant
HAT-P-60 b,HAT-P-60,18.28184752,1.631,182.43350562,0.574,0.25,1772.0,1634.0,0.06277,4.7947813,,6212.0,2.197,1.435,Transit,2021.0,HATNet,233.22,Gas Giant
HAT-P-61 b,HAT-P-61,10.07687365,0.899,335.9446262,1.057,0.113,1505.0,849.5,0.0301,1.90231289,,5587.0,0.938,1.004,Transit,2021.0,HATNet,338.84,Gas Giant
HAT-P-62 b,HAT-P-62,12.02723629,1.073,241.86741773,0.761,0.101,1512.0,867.2,0.03772,2.6453235,,5629.0,1.17,1.023,Transit,2021.0,HATNet,348.815,Gas Giant
HAT-P-63 b,HAT-P-63,12.5428494,1.119,195.1466419,0.614,0.069,1237.0,387.4,0.04294,3.377728,,5400.0,0.9661,0.925,Transit,2021.0,HATNet,403.458,Gas Giant
HAT-P-64 b,HAT-P-64,19.08889413,1.703,184.34047606,0.58,0.101,1766.0,1611.0,0.05387,4.007232,,6457.0,1.735,1.298,Transit,2021.0,HATNet,651.897,Gas Giant
HAT-P-65 b,HAT-P-65,18.05766791,1.611,176.07693748,0.554,0.304,1818.0,1821.0,0.04042,2.60544751,G2,5872.0,1.666,1.297,Transit,2016.0,HATNet,738.519,Gas Giant
HAT-P-66 b,HAT-P-66,17.82231,1.59,248.86089,0.783,0.09,1896.0,1939.51,0.04363,2.972086,G0,6002.0,1.881,1.255,Transit,2016.0,HATNet,935.456,Gas Giant
HAT-P-67 b,HAT-P-67,23.9872187,2.14,143.02278315,0.45,0.0,1903.0,2029.17,0.06505,4.8101069,,6640.0,2.62,1.73,Transit,2017.0,HATNet,371.686,Gas Giant
HAT-P-68 b,HAT-P-68,12.016048,1.072,230.10892,0.724,0.041,1027.8,184.8,0.02996,2.29840551,K,4508.0,0.6701,0.6785,Transit,2020.0,HATNet,202.152,Gas Giant
HAT-P-69 b,HAT-P-69,18.786284,1.676,1137.8314,3.58,0.0,1930.0,2320.18,0.06555,4.7869491,,7394.0,1.926,1.648,Transit,2019.0,HATNet,341.263,Gas Giant
HAT-P-7 b,HAT-P-7,16.92559,1.51,584.8072,1.84,0.0,2733.0,4353.408,0.03809,2.20474,F6 V,6389.0,2.0,1.56,Transit,2008.0,HATNet,341.079,Gas Giant
HAT-P-70 b,HAT-P-70,20.96083,1.87,2154.8874,6.78,0.0,2562.0,5405.6,0.04739,2.74432452,,8450.0,1.858,1.89,Transit,2019.0,HATNet,330.739,Gas Giant
HAT-P-8 b,HAT-P-8,15.6926,1.4,406.8224,1.28,0.0,1713.0,1519.9645,0.04496,3.07634,F6,6200.0,1.57,1.27,Transit,2008.0,HATNet,211.553,Gas Giant
HAT-P-9 b,HAT-P-9,15.614137,1.393,238.05467,0.749,0.084,1540.0,931.0,0.05287,3.92281072,F7,6350.0,1.338,1.281,Transit,2008.0,HATNet,455.203,Gas Giant
HATS-1 b,HATS-1,14.594,1.302,589.55,1.855,0.12,1359.0,489.9461,0.0444,3.446459,,5870.0,1.038,0.986,Transit,2012.0,HATSouth,283.971,Gas Giant
HATS-10 b,HATS-10,10.861521,0.969,167.17858,0.526,0.501,1407.0,836.8558,0.04491,3.312846,,5880.0,1.105,1.101,Transit,2015.0,HATSouth,534.889,Gas Giant
HATS-11 b,HATS-11,18.03,1.60852886,263.7989,0.83,0.34,1596.0,1027.296,0.0507,3.619188,G0,6563.0,1.54,1.33,Transit,2016.0,HATSouth,944.603,Gas Giant
HATS-12 b,HATS-12,7.76,0.69230083,759.6137,2.39,0.085,1446.0,566.4817,0.0441,3.142702,F,6357.0,1.17,1.16,Transit,2016.0,HATSouth,746.138,Gas Giant
HATS-13 b,HATS-13,13.585308,1.212,172.58169,0.543,0.181,1244.0,315.9878,0.04057,3.0440499,,5523.0,0.887,0.962,Transit,2015.0,HATSouth,421.855,Gas Giant
HATS-14 b,HATS-14,11.646151,1.039,340.39593,1.071,0.142,1276.0,505.884,0.03815,2.7667641,,5346.0,0.933,0.967,Transit,2015.0,HATSouth,513.011,Gas Giant
HATS-15 b,HATS-15,12.385945,1.105,689.6911,2.17,0.126,1505.0,2201.3363,0.02712,1.74748753,G9 V,5311.0,0.922,0.871,Transit,2016.0,HATSouth,1139.55,Gas Giant
HATS-16 b,HATS-16,14.5717,1.3,1039.3041,3.27,0.0,1592.0,994.8095,0.03744,2.686502,G3 V,5738.0,1.238,0.97,Transit,2016.0,HATSouth,757.044,Gas Giant
HATS-17 b,HATS-17,8.709393,0.777,425.25654,1.338,0.029,814.0,72.7,0.1308,16.254611,G V,5846.0,1.091,1.131,Transit,2016.0,HATSouth,400.331,Gas Giant
HATS-18 b,HATS-18,14.896761,1.329,629.144485,1.9795,0.166,2069.48,2990.0,0.0174,0.83784,G V,5600.0,1.02,1.037,Transit,2016.0,Multiple Observatories,624.368,Gas Giant
HATS-2 b,HATS-2,12.57647635,1.122,435.42491759,1.37,0.0,1550.0,950.0563,0.02317,1.35413379,K,5227.0,0.876,0.904,Transit,2013.0,HATSouth,341.925,Gas Giant
HATS-22 b,HATS-22,10.682177,0.953,870.8542,2.74,0.079,858.0,111.299,0.05025,4.7228124,K V,4803.0,0.689,0.759,Transit,2017.0,HATSouth,229.518,Gas Giant
HATS-23 b,HATS-23,20.84874,1.86,467.2101,1.47,0.114,1654.0,,0.03397,2.1605156,G V,5780.0,1.199,1.121,Transit,2017.0,HATSouth,639.004,Gas Giant
HATS-24 b,HATS-24,15.636555,1.395,718.2958,2.26,0.0,2166.0,2706.9606,0.0238,1.3484978,F V,6125.0,1.12,1.07,Transit,2017.0,HATSouth,494.182,Gas Giant
HATS-25 b,HATS-25,14.12334,1.26,194.82979,0.613,0.176,1277.0,454.8721,0.05163,4.2986432,G,5715.0,1.107,0.994,Transit,2016.0,HATSouth,471.158,Gas Giant
HATS-26 b,HATS-26,19.61575,1.75,206.5895,0.65,0.245,1918.0,2236.5716,0.04735,3.3023881,F,6071.0,2.04,1.299,Transit,2016.0,HATSouth,861.843,Gas Giant
HATS-27 b,HATS-27,16.8135,1.5,168.4499,0.53,0.581,1659.0,1342.5733,0.0611,4.637038,F,6438.0,1.74,1.415,Transit,2016.0,HATSouth,816.988,Gas Giant
HATS-28 b,HATS-28,13.383546,1.194,213.58176,0.672,0.202,1253.0,,0.04131,3.1810781,G,5498.0,0.922,0.929,Transit,2016.0,HATSouth,535.383,Gas Giant
HATS-29 b,HATS-29,14.022459,1.251,207.54299,0.653,0.158,1212.0,356.0,0.05475,4.6058749,G,5670.0,1.073,1.032,Transit,2016.0,HATSouth,353.891,Gas Giant
HATS-3 b,HATS-3,15.48,1.381,340.382,1.071,0.0,1648.0,1212.0044,0.0485,3.547851,F,6351.0,1.404,1.209,Transit,2013.0,HATSouth,411.211,Gas Giant
HATS-30 b,HATS-30,13.170575,1.175,224.38798,0.706,0.096,1414.0,718.9097,0.04354,3.1743516,G,5943.0,1.061,1.093,Transit,2016.0,HATSouth,342.14,Gas Giant
HATS-31 b,HATS-31,18.38276,1.64,279.6904,0.88,0.233,1823.0,1619.406,0.0478,3.37796,,6050.0,1.87,1.275,Transit,2016.0,HATSouth,773.974,Gas Giant
HATS-32 b,HATS-32,14.000041,1.249,292.4036,0.92,0.471,1437.0,614.5934,0.04024,2.8126548,,5700.0,1.097,1.099,Transit,2016.0,HATSouth,745.116,Gas Giant
HATS-33 b,HATS-33,13.78707,1.23,378.85336,1.192,0.08,1429.0,757.1284,0.03727,2.5495551,,5659.0,1.022,1.062,Transit,2016.0,HATSouth,248.46,Gas Giant
HATS-34 b,HATS-34,16.02887,1.43,299.07803,0.941,0.108,1445.0,691.8428,0.03166,2.1061607,,5380.0,0.98,0.955,Transit,2016.0,HATSouth,508.842,Gas Giant
HATS-35 b,HATS-35,16.409976,1.464,388.38826,1.222,0.306,2037.0,2440.7,0.03199,1.8209993,,6300.0,1.433,1.317,Transit,2016.0,HATSouth,514.555,Gas Giant
HATS-36 b,HATS-36,12.92,1.1526452,1022.14128,3.216,0.105,1203.0,561.0,0.0523,4.175186,G0 V,5950.0,1.1,1.1,Transit,2018.0,HATSouth,856.436,Gas Giant
HATS-37 A b,HATS-37 A,6.792654,0.606,31.46517,0.099,0.0,1085.0,229.7,0.04913,4.3315366,,5326.0,0.877,0.843,Transit,2020.0,HATSouth,211.896,Gas Giant
HATS-38 b,HATS-38,6.882326,0.614,23.51942,0.074,0.0,1294.0,464.7,0.05036,4.375021,,5732.0,1.105,0.89,Transit,2020.0,HATSouth,343.525,Gas Giant
HATS-39 b,HATS-39,17.59813,1.57,200.2329,0.63,0.275,1645.0,1547.1014,0.06007,4.5776348,,6572.0,1.621,1.379,Transit,2018.0,HATSouth,878.521,Gas Giant
HATS-4 b,HATS-4,11.433,1.02,420.471,1.323,0.013,1315.0,558.828,0.0362,2.516729,G,5403.0,0.925,1.001,Transit,2014.0,HATSouth,416.459,Gas Giant
HATS-40 b,HATS-40,17.71022,1.58,505.3497,1.59,0.312,2101.0,3163.3762,0.04997,3.2642736,,6460.0,2.26,1.561,Transit,2018.0,HATSouth,1342.29,Gas Giant
HATS-41 b,HATS-41,14.90797,1.33,3082.951,9.7,0.38,1710.0,1300.3125,0.0583,4.193649,,6424.0,1.71,1.496,Transit,2018.0,HATSouth,737.668,Gas Giant
HATS-42 b,HATS-42,15.6926,1.4,597.5204,1.88,0.229,1856.0,1637.2058,0.03689,2.292102,,6060.0,1.48,1.273,Transit,2018.0,HATSouth,800.377,Gas Giant
HATS-43 b,HATS-43,13.22662,1.18,82.95363,0.261,0.173,1003.0,192.2328,0.04944,4.3888497,,5099.0,0.812,0.837,Transit,2018.0,HATSouth,362.273,Gas Giant
HATS-44 b,HATS-44,11.960003,1.067,177.9848,0.56,0.279,1161.0,306.417,0.03649,2.7439004,,5080.0,0.847,0.86,Transit,2018.0,HATSouth,446.035,Gas Giant
HATS-45 b,HATS-45,14.414774,1.286,222.481,0.7,0.24,1518.0,811.3504,0.05511,4.1876244,,6450.0,1.315,1.272,Transit,2018.0,HATSouth,772.11,Gas Giant
HATS-46 b,HATS-46,10.121727,0.903,54.98459,0.173,0.559,1054.0,209.7699,0.05367,4.7423729,,5495.0,0.853,0.917,Transit,2018.0,HATSouth,453.808,Gas Giant
HATS-47 b,HATS-47,12.520453,1.117,117.27927,0.369,0.088,852.9,87.73,0.04269,3.9228038,,4512.0,0.6564,0.674,Transit,2020.0,HATSouth,300.67,Gas Giant
HATS-48 A b,HATS-48 A,8.9672,0.8,77.23269,0.243,0.162,954.6,137.6,0.03769,3.1316666,,4546.0,0.7152,0.7279,Transit,2020.0,HATSouth,263.609,Gas Giant
HATS-49 b,HATS-49,8.574885,0.765,112.19399,0.353,0.071,834.8,80.45,0.04515,4.1480467,,4405.0,0.6977,0.7133,Transit,2020.0,HATSouth,324.413,Gas Giant
HATS-5 b,HATS-5,10.223,0.912,75.323,0.237,0.019,1025.0,183.2395,0.0542,4.763387,G,5304.0,0.871,0.936,Transit,2014.0,HATSouth,246.384,Gas Giant
HATS-50 b,HATS-50,12.66617,1.13,123.9537,0.39,0.516,1275.39,625.3023,0.05046,3.8297015,,5990.0,1.117,1.168,Transit,2017.0,HATSouth,756.742,Gas Giant
HATS-51 b,HATS-51,15.80469,1.41,244.09344,0.768,0.33,1553.0,740.2246,0.04639,3.3488702,,5758.0,1.44,1.187,Transit,2017.0,HATSouth,389.57,Gas Giant
HATS-52 b,HATS-52,15.490838,1.382,711.9392,2.24,0.246,1834.0,1310.22,0.02498,1.36665436,,6010.0,1.046,1.111,Transit,2017.0,HATSouth,555.134,Gas Giant
HATS-53 b,HATS-53,15.02006,1.34,189.10885,0.595,0.33,1312.0,471.61,0.04753,3.8537768,,5644.0,1.101,0.964,Transit,2017.0,HATSouth,585.77,Gas Giant
HATS-54 b,HATS-54,11.37711541,1.015,239.32479047,0.753,0.0,1429.0,476.965,0.037,2.5441765,G6 V,5621.0,1.23,1.05,Transit,2019.0,HATSouth,748.585,Gas Giant
HATS-55 b,HATS-55,14.022459,1.251,292.72143,0.921,0.092,1367.0,355.909,0.05412,4.2042001,,6214.0,1.126,1.1955,Transit,2019.0,HATSouth,609.838,Gas Giant
HATS-56 b,HATS-56,18.920792,1.688,191.33366,0.602,0.019,1902.0,1080.87,0.06043,4.324799,,6536.0,2.201,1.573,Transit,2019.0,HATSouth,564.409,Gas Giant
HATS-57 b,HATS-57,12.767051,1.139,1000.21101,3.147,0.028,1413.4,570.233,0.03493,2.350621,,5587.0,0.96,1.026,Transit,2019.0,HATSouth,279.485,Gas Giant
HATS-58 A b,HATS-58 A,12.273855,1.095,327.3649,1.03,0.168,1721.0,382.7103,0.05798,4.2180896,,7175.0,1.433,1.461,Transit,2019.0,HATSouth,403.591,Gas Giant
HATS-59 b,HATS-59,12.621334,1.126,256.17098,0.806,0.129,1128.0,269.0,0.06112,5.416081,,5670.0,1.036,1.038,Transit,2018.0,HATSouth,642.884,Gas Giant
HATS-59 c,HATS-59,12.3,1.1,4036.441,12.7,0.083,175.9,0.159,2.504,1422.0,,5670.0,1.036,1.038,Radial Velocity,2018.0,HATSouth,642.884,Gas Giant
HATS-6 b,HATS-6,11.186582,0.998,101.38777,0.319,0.0,712.8,47.3315,0.03623,3.3252725,M1 V,3724.0,0.57,0.574,Transit,2015.0,HATSouth,169.318,Gas Giant
HATS-60 b,HATS-60,12.923977,1.153,210.40346,0.662,0.191,1528.0,903.9,0.04708,3.560829,,5688.0,1.46,1.097,Transit,2018.0,HATSouth,486.474,Gas Giant
HATS-61 b,HATS-61,13.394755,1.195,1080.622,3.4,0.092,1226.1,374.2,0.07908,7.817953,,5542.0,1.664,1.076,Transit,2018.0,HATSouth,679.761,Gas Giant
HATS-62 b,HATS-62,11.825495,1.055,56.89157,0.179,0.298,1237.0,387.4,0.04163,3.2768837,,5416.0,0.933,0.896,Transit,2018.0,HATSouth,523.067,Gas Giant
HATS-63 b,HATS-63,13.529263,1.207,305.1168,0.96,0.136,1398.3,634.1,0.04026,3.0566527,,5627.0,1.07,0.931,Transit,2018.0,HATSouth,623.232,Gas Giant
HATS-64 b,HATS-64,18.819911,1.679,305.1168,0.96,0.151,1793.0,1711.0,0.06562,4.908897,,6554.0,2.113,1.564,Transit,2018.0,HATSouth,1080.15,Gas Giant
HATS-65 b,HATS-65,16.824709,1.501,260.93843,0.821,0.062,1634.0,1178.0,0.04497,3.105161,,6277.0,1.31,1.257,Transit,2018.0,HATSouth,493.32,Gas Giant
HATS-66 b,HATS-66,15.815899,1.411,1694.0339,5.33,0.064,1998.0,2637.0,0.04714,3.1414391,,6626.0,1.841,1.411,Transit,2018.0,HATSouth,1477.98,Gas Giant
HATS-67 b,HATS-67,18.887165,1.685,460.8535,1.45,0.057,2193.0,3821.0,0.03032,1.6091788,,6594.0,1.441,1.435,Transit,2018.0,HATSouth,960.109,Gas Giant
HATS-68 b,HATS-68,13.809488,1.232,410.0007,1.29,0.036,1741.0,1521.0,0.05071,3.5862202,,6147.0,1.748,1.351,Transit,2018.0,HATSouth,603.955,Gas Giant
HATS-69 b,HATS-69,10.592505,0.945,183.38791,0.577,0.519,1295.7,466.6,0.03211,2.2252577,,5137.0,0.8785,0.892,Transit,2018.0,HATSouth,414.537,Gas Giant
HATS-7 b,HATS-7,6.310667,0.563,38.1396,0.12,0.17,1084.0,211.6178,0.04012,3.185315,K2,4985.0,0.815,0.849,Transit,2015.0,HATSouth,240.707,Gas Giant
HATS-70 b,HATS-70,15.513256,1.384,4100.007,12.9,0.18,2730.0,9110.0,0.03632,1.8882378,,7930.0,1.881,1.78,Transit,2019.0,HATSouth,1458.83,Gas Giant
HATS-71 b,HATS-71,11.478016,1.024,117.5971,0.37,0.0,586.8,18.0832,0.03745,3.7955202,M3 V,3405.0,0.4783,0.4861,Transit,2020.0,HATSouth,140.225,Gas Giant
HATS-72 b,HATS-72,8.0973816,0.7224,39.855882,0.1254,0.013,739.3,49.58,0.066517,7.3279474,,4656.1,0.7214,0.7311,Transit,2020.0,HATSouth,127.589,Gas Giant
HATS-74 A b,HATS-74 A,11.56766808,1.032,464.02947422,1.46,0.044,895.1,106.9,0.02384,1.73185606,,3776.9,0.5758,0.601,Transit,2021.0,HATSouth,299.389,Gas Giant
HATS-75 b,HATS-75,9.90873894,0.884,156.05374784,0.491,0.064,772.3,59.26,0.032742,2.7886556,,3790.4,0.5848,0.6017,Transit,2021.0,HATSouth,194.964,Gas Giant
HATS-76 b,HATS-76,12.09449018,1.079,835.570882,2.629,0.062,939.8,129.8,0.02658,1.9416423,,4016.0,0.6259,0.662,Transit,2021.0,HATSouth,385.689,Gas Giant
HATS-77 b,HATS-77,13.05846252,1.165,436.69623122,1.374,0.045,828.3,78.37,0.03607,3.0876262,,4071.0,0.6428,0.655,Transit,2021.0,HATSouth,436.176,Gas Giant
HATS-8 b,HATS-8,9.785457,0.873,43.86054,0.138,0.376,1324.0,510.8195,0.04667,3.583893,,5679.0,1.086,1.056,Transit,2015.0,HATSouth,794.637,Gas Giant
HATS-9 b,HATS-9,13.85,1.23561424,266.02371,0.837,0.075,1746.0,2292.0839,0.0312,1.915291,,5599.0,1.56,1.1,Transit,2015.0,HATSouth,638.7,Gas Giant
HD 100508 b,HD 100508,13.7,1.22,381.3940884,1.2,0.42,,,6.11,5681.0,K1 IV,5419.0,1.0179,0.94,Radial Velocity,2026.0,Las Campanas Observatory,32.7548,Gas Giant
HD 100546 b,HD 100546,77.3421,6.9,2701.5414595,8.5,,,,53.0,,B9 Vne,10500.0,1.85288,2.4,Imaging,2014.0,Paranal Observatory,109.677,Gas Giant
HD 100655 b,HD 100655,13.5,1.21,511.7063,1.61,0.09,,,0.68,157.57001,G9 III,4891.0,10.06,2.28,Radial Velocity,2011.0,Bohyunsan Optical Astronomical Observatory,137.178,Gas Giant
HD 100777 b,HD 100777,13.7,1.22,390.92894061,1.23,0.38,,,1.06,383.0,G8 V,5533.0,1.04,1.08,Radial Velocity,2007.0,La Silla Observatory,49.5336,Gas Giant
HD 101581 b,HIP 56998,0.956,0.08528875,0.827,0.0026,,834.0,80.0,0.046,4.46569,K4/5V,4675.0,0.63,0.653,Transit,2025.0,Transiting Exoplanet Survey Satellite (TESS),12.7781,Terrestrial
HD 101581 c,HIP 56998,0.99,0.08832204,0.937,0.00295,,747.0,52.0,0.0573,6.20401,K4/5V,4675.0,0.63,0.653,Transit,2025.0,Transiting Exoplanet Survey Satellite (TESS),12.7781,Terrestrial
HD 10180 e,HD 10180,5.39,0.481,25.1,0.079,0.051,,,0.2699,49.748,G1 V,5911.0,1.109,1.06,Radial Velocity,2010.0,La Silla Observatory,38.9607,Neptunian
HD 10180 f,HD 10180,5.24,0.468,23.9,0.0752,0.119,,,0.4929,122.744,G1 V,5911.0,1.109,1.06,Radial Velocity,2010.0,La Silla Observatory,38.9607,Neptunian
HD 10180 h,HD 10180,9.4,0.838,64.4,0.203,0.095,,,3.381,2205.0,G1 V,5911.0,1.109,1.06,Radial Velocity,2010.0,La Silla Observatory,38.9607,Gas Giant
HD 101930 b,HD 101930,10.6,0.949,79.4575,0.25,0.11,,,0.3,70.46,K1 V,5108.0,0.86,0.57,Radial Velocity,2005.0,La Silla Observatory,30.0274,Gas Giant
HD 102117 b,HD 102117,8.47,0.756,54.0311,0.17,0.12,,,0.15,20.8133,G6 V,5655.0,1.23,1.06,Radial Velocity,2005.0,La Silla Observatory,39.5792,Gas Giant
HD 102195 b,HD 102195,14.2,1.27,130.3103,0.41,0.0,,,0.05,4.11377,K0 V,5301.0,0.82,0.76,Radial Velocity,2006.0,Kitt Peak National Observatory,29.3386,Gas Giant
HD 102272 b,HD 102272,12.9,1.15,1570.0802,4.94,0.05,,,0.51,127.58,K0,4790.0,10.3,1.45,Radial Velocity,2008.0,McDonald Observatory,347.097,Gas Giant
HD 102329 b,HD 102329,12.6,1.12,2593.4928,8.16,0.21,,,1.81,778.09998,K0 III,4745.0,9.82,3.21,Radial Velocity,2011.0,W. M. Keck Observatory,217.107,Gas Giant
HD 102365 b,HD 102365,4.14,0.369,16.0,0.05,0.34,,,0.46,122.1,G3/5V,5630.0,0.95138,0.85,Radial Velocity,2010.0,Anglo-Australian Telescope,9.2894,Neptunian
HD 102843 b,HD 102843,13.1,1.17,113.9,0.35836768,0.11,,,4.074,3090.942,K0 V,5436.0,0.961488,0.95,Radial Velocity,2019.0,Las Campanas Observatory,62.758,Gas Giant
HD 102888 b,HD 102888,12.8,1.14,1808.44363583,5.69,0.11,,,1.05,252.06,G8 III,4990.0,8.6,2.42,Radial Velocity,2025.0,La Silla Observatory,126.484,Gas Giant
HD 102956 b,HD 102956,13.8,1.23,305.1168,0.96,0.037,,,0.0807,6.4947,G5,4985.0,4.55,1.66,Radial Velocity,2010.0,W. M. Keck Observatory,121.89,Gas Giant
HD 103197 b,HD 103197,5.83,0.52,28.6047,0.09,0.0,,,0.25,47.84,K1 V(P),5250.0,0.88,0.8,Radial Velocity,2009.0,La Silla Observatory,57.1463,Neptunian
HD 103720 b,HD 103720,14.1,1.26,197.046,0.62,0.086,,,0.0498,4.5557,K3 V,5017.0,0.73,0.794,Radial Velocity,2014.0,La Silla Observatory,45.5352,Gas Giant
HD 103774 b,HD 103774,13.3,1.19,116.0,0.367,0.09,,,0.07,5.8881,F5 V,6489.0,1.581047,1.335,Radial Velocity,2013.0,La Silla Observatory,56.4089,Gas Giant
HD 103891 b,HD 103891,13.2,1.18,918.52409623,2.89,0.31,,,3.27,1919.0,F9,6072.0,2.22,1.28,Radial Velocity,2022.0,La Silla Observatory,55.5213,Gas Giant
HD 103949 b,HD 103949,3.35,0.299,11.2,0.03523896,0.19,,,0.439,120.878,K3 V,4792.0,0.753113,0.77,Radial Velocity,2019.0,Las Campanas Observatory,26.4997,Neptunian
HD 104067 b,HD 104067,9.2,0.82,62.1,0.19538845,0.123,,,0.2674,55.851,K2V,4952.0,0.78,0.82,Radial Velocity,2009.0,La Silla Observatory,20.3632,Gas Giant
HD 104067 c,HD 104067,3.69,0.33,13.2,0.04153184,0.29,,,0.1058,13.8992,K2V,4952.0,0.78,0.82,Radial Velocity,2024.0,Multiple Observatories,20.3632,Neptunian
HD 10442 b,HD 10442,13.6,1.21,472.61321,1.487,0.132,,,2.01,1032.3,K0 IV,4912.0,1.97,1.01,Radial Velocity,2014.0,W. M. Keck Observatory,135.374,Gas Giant
HD 104985 b,HD 104985,12.8,1.14,1766.80811451,5.559,0.047,,,0.715,199.68,G9 III,4738.0,11.12,1.22,Radial Velocity,2003.0,Okayama Astrophysical Observatory,100.576,Gas Giant
HD 105618 b,HD 105618,5.44,0.485,25.42627256,0.08,0.455,,,0.091,10.02245,,5671.0,1.27399,1.01,Radial Velocity,2022.0,Multiple Observatories,70.0837,Neptunian
HD 105618 c,HD 105618,11.9,1.07,8419.59232984,26.491,0.126,,,35.731,77114.07158,,5671.0,1.27399,1.01,Radial Velocity,2022.0,Multiple Observatories,70.0837,Gas Giant
HD 105779 b,HD 105779,14.1,1.26,203.41018048,0.64,0.0,,,3.38,2412.0,G2,5792.0,0.94,0.89,Radial Velocity,2022.0,La Silla Observatory,55.2411,Gas Giant
HD 106252 b,HD 106252,12.5,1.11,3178.28407,10.0,0.48,,,2.655,1535.0,G0,5874.0,1.05,1.05,Radial Velocity,2002.0,Lick Observatory,38.185,Gas Giant
HD 106270 b,HD 106270,12.4,1.11,3623.2438398,11.4,0.185,,,3.34,1888.0,G5 IV,5509.0,2.66,1.39,Radial Velocity,2011.0,W. M. Keck Observatory,93.808,Gas Giant
HD 106315 b,HD 106315,2.44,0.21768222,12.6,0.03964383,0.093,1153.0,277.0,0.0907,9.55237,F5 V,6327.0,1.296,1.091,Transit,2017.0,K2,109.353,Super-Earth
HD 106315 c,HD 106315,4.35,0.38808101,15.2,0.04782431,0.22,886.0,97.0,0.1536,21.05704,F5 V,6327.0,1.296,1.091,Transit,2017.0,K2,109.353,Neptunian
HD 10647 b,HD 10647,13.8,1.23,298.75,0.94,0.15,,,2.015,989.2,F9 V,6218.0,1.1,1.11,Radial Velocity,2006.0,W. M. Keck Observatory,17.3357,Gas Giant
HD 106515 A b,HD 106515 A,12.1,1.08,6006.9568923,18.9,0.571,,,4.48,3626.0,G5 V,5362.0,0.91,0.89,Radial Velocity,2012.0,La Silla Observatory,34.0915,Gas Giant
HD 106906 b,HD 106906,12.4,1.11,3496.0,11.0,,1800.0,,650.0,,F5 V,6516.0,2.12351,1.5,Imaging,2013.0,Las Campanas Observatory,103.029,Gas Giant
HD 10697 b,HD 10697,12.8,1.14,1825.2885414,5.743,0.104,,,2.051,1075.3799,G3 V,5641.0,1.863076,0.99,Radial Velocity,1999.0,W. M. Keck Observatory,33.1205,Gas Giant
HD 107148 b,HD 107148,9.6,0.856,66.741,0.21,0.05,,,0.269,48.056,G5 V,5797.0,1.169193,1.12,Radial Velocity,2005.0,W. M. Keck Observatory,49.4156,Gas Giant
HD 107148 c,HD 107148,4.7,0.42,19.89605828,0.0626,0.34,,,0.1407,18.3267,G5 V,5752.92,1.169193,1.105215,Radial Velocity,2021.0,Multiple Observatories,49.4156,Neptunian
HD 108147 b,HD 108147,10.9,0.973,82.95,0.261,0.53,890.0,,0.102,10.8985,F8 V CH+0.4,6255.73,1.20664,1.22,Radial Velocity,2002.0,La Silla Observatory,38.92,Gas Giant
HD 108202 b,HD 108202,13.1,1.17,953.485221,3.0,0.52,,,3.7,2990.0,K4/5 V,4556.03,0.66355,0.74,Radial Velocity,2023.0,La Silla Observatory,38.6846,Gas Giant
HD 108236 b,HD 108236,1.615,0.14408065,3.24,0.0102,0.045,1099.0,312.1807,0.04527,3.795963,G3 V,5660.0,0.877,0.869,Transit,2020.0,Transiting Exoplanet Survey Satellite (TESS),64.5978,Super-Earth
HD 108236 c,HD 108236,2.071,0.18476224,4.94,0.0155,0.034,932.0,162.1675,0.062,6.203449,G3 V,5660.0,0.877,0.869,Transit,2020.0,Transiting Exoplanet Survey Satellite (TESS),64.5978,Super-Earth
HD 108236 e,HD 108236,3.083,0.27504684,9.71,0.0306,0.058,636.0,35.0031,0.1367,19.590025,G3 V,5660.0,0.877,0.869,Transit,2020.0,Transiting Exoplanet Survey Satellite (TESS),64.5978,Neptunian
HD 108236 f,HD 108236,2.017,0.17994469,4.72,0.0149,0.051,,,0.1758,29.54115,G3 V,5660.0,0.877,0.869,Transit,2021.0,CHaracterising ExOPlanets Satellite (CHEOPS),64.5978,Super-Earth
HD 108341 b,HD 108341,13.3,1.19,715.11391575,2.25,0.85,,,2.0,1129.0,K2 V,5122.0,0.79,0.843,Radial Velocity,2014.0,La Silla Observatory,48.9102,Gas Giant
HD 108863 b,HD 108863,13.3,1.18,767.24162,2.414,0.032,,,1.32,437.7,K0,4878.0,5.74,1.59,Radial Velocity,2011.0,W. M. Keck Observatory,164.742,Gas Giant
HD 108874 b,HD 108874,13.6,1.21,451.3186,1.42,0.13,,,1.04,394.48123,G5,5600.0,1.05,1.1,Radial Velocity,2002.0,W. M. Keck Observatory,59.5175,Gas Giant
HD 108874 c,HD 108874,13.8,1.23,314.64,0.99,0.239,,,2.659,1624.0,G5,5551.0,1.05,0.95,Radial Velocity,2005.0,W. M. Keck Observatory,59.5175,Gas Giant
HD 109246 b,HD 109246,13.9,1.24,273.3338,0.86,0.12,,,0.33,68.27,G0 V,5844.0,1.07,1.2,Radial Velocity,2010.0,Haute-Provence Observatory,67.8349,Gas Giant
HD 109271 b,HD 109271,4.31,0.385,17.162,0.054,0.25,,,0.079,7.8543,G5 V,5783.0,1.294595,1.047,Radial Velocity,2013.0,La Silla Observatory,55.8716,Neptunian
HD 109271 c,HD 109271,5.27,0.47,24.154,0.076,0.15,,,0.196,30.93,G5 V,5783.0,1.294595,1.047,Radial Velocity,2013.0,La Silla Observatory,55.8716,Neptunian
HD 109286 b,HD 109286,13.2,1.17,950.30693693,2.99,0.338,259.4,0.709,1.259,520.1,G4 V,5694.0,1.089,0.98,Radial Velocity,2021.0,Haute-Provence Observatory,55.4156,Gas Giant
HD 109749 b,HD 109749,11.1,0.993,85.8141,0.27,0.0,,,0.0615,5.239891,G3 V,5824.0,1.22,1.13,Radial Velocity,2005.0,W. M. Keck Observatory,63.0821,Gas Giant
HD 10975 b,HD 10975,14.3,1.28,143.02278315,0.45,0.442,,,0.95,283.8,K0 III,4840.0,11.16,1.41,Radial Velocity,2021.0,Okayama Astrophysical Observatory,116.506,Gas Giant
HD 109988 b,HD 109988,12.1,1.08,6935.33366915,21.821,0.056,,,12.518,17132.15854,,5185.97,0.869694,0.88,Radial Velocity,2022.0,Multiple Observatories,42.5279,Gas Giant
HD 110014 b,HD 110014,12.4,1.11,3524.59,11.09,0.462,,,2.14,835.477,K2 III,4445.0,20.9,2.17,Radial Velocity,2009.0,La Silla Observatory,100.758,Gas Giant
HD 110067 b,HD 110067,2.2,0.19627119,5.69,0.01790274,,800.0,,0.0793,9.113678,K0.0 V,5266.0,0.788,0.798,Transit,2023.0,Multiple Observatories,32.1585,Super-Earth
HD 110067 c,HD 110067,2.388,0.21304346,6.3,0.01982202,,699.0,,0.1039,13.673694,K0.0 V,5266.0,0.788,0.798,Transit,2023.0,Multiple Observatories,32.1585,Super-Earth
HD 110067 d,HD 110067,2.852,0.25443884,8.52,0.02680692,,602.0,,0.1362,20.519617,K0.0 V,5266.0,0.788,0.798,Transit,2023.0,Multiple Observatories,32.1585,Neptunian
HD 110067 e,HD 110067,1.94,0.17307551,3.9,0.01227077,,533.0,,0.1785,30.793091,K0.0 V,5266.0,0.788,0.798,Transit,2023.0,Multiple Observatories,32.1585,Super-Earth
HD 110067 f,HD 110067,2.601,0.23204608,5.04,0.01585761,,489.0,,0.2163,41.05854,K0.0 V,5266.0,0.788,0.798,Transit,2023.0,Multiple Observatories,32.1585,Neptunian
HD 110067 g,HD 110067,2.607,0.23258136,8.4,0.02642936,,440.0,,0.2621,54.76992,K0.0 V,5266.0,0.788,0.798,Transit,2023.0,Multiple Observatories,32.1585,Neptunian
HD 110082 b,HD 110082,3.2,0.28548488,10.3,0.0325,0.2,957.2,198.3948,0.113,10.18271,F8 V,6200.0,1.19,1.21,Transit,2021.0,Transiting Exoplanet Survey Satellite (TESS),105.096,Neptunian
HD 110113 b,HD 110113,2.05,0.18288875,4.55,0.01431583,0.093,1371.0,735.49,0.035,2.541,G,5732.0,0.968,0.997,Transit,2021.0,Transiting Exoplanet Survey Satellite (TESS),106.307,Super-Earth
HD 110113 c,HD 110113,2.11384817,0.18858523,10.5,0.03303653,0.045,990.0,199.9,0.068,6.744,G,5732.0,0.968,0.997,Radial Velocity,2021.0,La Silla Observatory,106.307,Super-Earth
HD 110537 b,HD 110537,11.9,1.06,8612.83200129,27.099,0.401,,,16.714,24469.67342,G6/8 V,5718.0,1.16626,1.02,Radial Velocity,2022.0,Multiple Observatories,45.0858,Gas Giant
HD 11112 b,HD 11112,12.6,1.12,2598.56505563,8.176,0.285,,,13.38,17244.90764,,5905.64,1.47368,1.07,Radial Velocity,2022.0,Multiple Observatories,44.3804,Gas Giant
HD 111232 b,HD 111232,12.6,1.12,2531.50326176,7.965,0.214,,,2.148,1169.13202,G8 V,5512.0,0.9,0.96,Radial Velocity,2003.0,La Silla Observatory,28.9571,Gas Giant
HD 111232 c,HD 111232,12.2,1.08,5740.93451564,18.063,0.558,,,17.25,26472.44623,G8 V,5512.0,0.9,0.96,Radial Velocity,2022.0,Multiple Observatories,28.9571,Gas Giant
HD 111591 b,HD 111591,12.9,1.15,1398.452,4.4,0.26,,,2.5,1056.4,K0 III,4884.0,8.03,1.94,Radial Velocity,2017.0,Multiple Observatories,114.166,Gas Giant
HD 111998 b,HD 111998,12.9,1.15,1525.5763536,4.8,0.13,,,1.91,810.0,F6 V,6557.0,1.45,1.4,Radial Velocity,2016.0,La Silla Observatory,33.2237,Gas Giant
HD 112300 b,HD 112300,12.2,1.09,5031.22368281,15.83,0.36,,,1.33,466.63,M1 III,3657.0,65.8,1.4,Radial Velocity,2023.0,Bohyunsan Optical Astronomical Observatory,62.07324,Gas Giant
HD 112570 b,HD 112570,13.1,1.17,1086.97315194,3.42,0.2,,,3.9,2615.0,K0 III,4750.0,9.85,1.15,Radial Velocity,2023.0,Multiple Observatories,101.166,Gas Giant
HD 112640 b,HD 112640,12.9,1.15,1589.15,5.0,0.24,,,1.7,613.2,K0 III,4155.0,39.0,1.8,Radial Velocity,2020.0,Bohyunsan Optical Astronomical Observatory,323.335,Gas Giant
HD 113337 b,HD 113337,13.1,1.17,1035.80277841,3.259,0.28,,,1.022,317.58639,F6 V,6774.0,1.5,1.41,Radial Velocity,2013.0,Haute-Provence Observatory,36.18,Gas Giant
HD 113337 c,HD 113337,12.1,1.08,6299.67685515,19.821,0.164,,,6.805,5429.93477,F6 V,6774.0,1.5,1.41,Radial Velocity,2020.0,Haute-Provence Observatory,36.18,Gas Giant
HD 11343 c,HIP 8541,13.9,1.24,255.53403923,0.804,0.169,,,0.923,228.53731,K2 III/IV,4672.0,6.84,2.009,Radial Velocity,2022.0,Multiple Observatories,155.121,Gas Giant
HD 113538 b,HD 113538,13.2,1.18,114.41,0.36,0.14,,,1.24,663.2,K9 V,4462.0,0.53,0.585,Radial Velocity,2010.0,La Silla Observatory,16.2817,Gas Giant
HD 113538 c,HD 113538,13.8,1.24,295.57,0.93,0.2,,,2.44,1818.0,K9 V,4462.0,0.53,0.585,Radial Velocity,2010.0,La Silla Observatory,16.2817,Gas Giant
HD 113996 b,HD 113996,12.7,1.14,2002.329,6.3,0.28,,,1.6,610.2,K5 III,4181.0,25.11,1.49,Radial Velocity,2017.0,Bohyunsan Optical Astronomical Observatory,116.334,Gas Giant
HD 114082 b,HD 114082,11.2089807,1.0,2542.627256,8.0,0.395,,,0.5109,109.75,F3 V,6651.0,1.49,1.47,Radial Velocity,2022.0,La Silla Observatory,95.3906,Gas Giant
HD 114386 b,HD 114386,13.6,1.21,464.02947422,1.46,0.23,,,1.73,937.70001,K3 VC,4836.0,0.76,0.6,Radial Velocity,2003.0,La Silla Observatory,27.9243,Gas Giant
HD 114386 c,HD 114386,13.4,1.2,117.59651059,0.37,0.1,,,1.05,444.0,K3 VC,4895.0,0.76,0.8,Radial Velocity,2026.0,Las Campanas Observatory,27.9243,Gas Giant
HD 114729 b,HD 114729,13.9,1.24,262.20975,0.825,0.079,,,2.067,1121.79,G0 V,5844.0,1.473,0.936,Radial Velocity,2002.0,W. M. Keck Observatory,37.8063,Gas Giant
HD 114783 b,HD 114783,13.7,1.23,349.6,1.1,0.144,,,1.16,493.7,K0,5135.0,0.840622,0.853,Radial Velocity,2001.0,W. M. Keck Observatory,21.0628,Gas Giant
HD 114783 c,HD 114783,13.4,1.2,603.8739733,1.9,0.05,,,5.0,4352.0,K1 V,5135.0,0.840622,0.9,Radial Velocity,2018.0,W. M. Keck Observatory,21.0628,Gas Giant
HD 11505 b,HD 11505,12.6,1.12,2510.52658689,7.899,0.144,,,20.247,32669.22247,,5757.15,1.19568,1.03,Radial Velocity,2022.0,Multiple Observatories,38.9679,Gas Giant
HD 11506 b,HD 11506,12.9,1.15,1551.00262616,4.88,0.379,,,2.885,1617.7,G0 V,6123.0,1.24,1.22,Radial Velocity,2007.0,W. M. Keck Observatory,51.261,Gas Giant
HD 11506 c,HD 11506,14.0,1.25,127.1313628,0.4,0.228,,,0.771,223.92,G0 V,6123.0,1.24,1.22,Radial Velocity,2008.0,W. M. Keck Observatory,51.261,Gas Giant
HD 11506 d,HD 11506,12.3,1.1,4068.2036096,12.8,0.29,,,18.2,26500.0,G0 V,6123.0,1.24,1.22,Radial Velocity,2022.0,Multiple Observatories,51.261,Gas Giant
HD 115404 A b,HD 115404 A,6.09,0.543,30.82935548,0.097,0.232,,,0.088,10.49488,K2V,5019.17,0.727007,0.83,Radial Velocity,2022.0,Multiple Observatories,10.9816,Gas Giant
HD 115404 A c,HD 115404 A,12.5,1.11,3279.67133183,10.319,0.211,,,11.364,15319.22517,K2V,5019.17,0.727007,0.83,Radial Velocity,2022.0,Multiple Observatories,10.9816,Gas Giant
HD 115954 b,HD 115954,12.6,1.12,2685.65003915,8.45,0.487,144.9,0.064,5.0,3700.0,G0 V,5957.0,1.213,1.18,Radial Velocity,2021.0,Haute-Provence Observatory,87.6437,Gas Giant
HD 116029 b,HD 116029,13.6,1.21,444.962,1.4,0.0,,,1.65,670.0,K0,4819.0,4.89,0.83,Radial Velocity,2011.0,W. M. Keck Observatory,123.245,Gas Giant
HD 117207 b,HD 117207,13.4,1.19,669.34662514,2.106,0.157,,,3.787,2621.75,G7 IV-V,5732.0,1.074,1.053,Radial Velocity,2004.0,W. M. Keck Observatory,32.3547,Gas Giant
HD 11755 b,HD 11755,12.8,1.14,1789.3829,5.63,0.19,,,1.09,433.70001,G5,4312.0,20.58,0.72,Radial Velocity,2015.0,Bohyunsan Optical Astronomical Observatory,235.045,Gas Giant
HD 117618 b,HD 117618,8.59,0.766,55.30242,0.174,0.15,,,0.18,25.8,G2 V,5990.0,1.2,1.077,Radial Velocity,2004.0,Anglo-Australian Telescope,37.7781,Gas Giant
HD 118203 b,HD 118203,12.778238,1.14,680.15279098,2.14,0.3136,1361.0,593.4,0.0713,6.1349779,K0 IV,5742.0,2.04,1.27,Radial Velocity,2005.0,Haute-Provence Observatory,92.2589,Gas Giant
HD 118203 c,HD 118203,12.4,1.1,3747.19691853,11.79,0.26,146.0,,6.28,5103.0,K0 IV,5742.0,2.04,1.27,Radial Velocity,2024.0,Multiple Observatories,92.2589,Gas Giant
HD 11964 b,HD 11964,14.1,1.26,198.0,0.622,0.041,,,3.16,1945.0,G9 V CN+1,5303.0,2.00971,0.91,Radial Velocity,2005.0,W. M. Keck Observatory,33.5369,Gas Giant
HD 11964 c,HD 11964,5.38,0.48,25.0,0.0788,0.3,,,0.229,37.91,G9 V CN+1,5303.0,2.00971,0.91,Radial Velocity,2008.0,W. M. Keck Observatory,33.5369,Neptunian
HD 11977 b,HD 11977,12.7,1.13,2080.0,6.54,0.4,,,1.93,711.0,G8 III/IV,4970.0,10.09,1.91,Radial Velocity,2005.0,La Silla Observatory,67.9331,Gas Giant
HD 120084 b,HD 120084,12.7,1.13,2034.1018048,6.4,0.483,,,4.21,2142.0,G7 III,4879.0,10.37,2.16,Radial Velocity,2013.0,Okayama Astrophysical Observatory,103.044,Gas Giant
HD 121504 b,HD 121504,13.6,1.21,479.9233,1.51,0.03,,,0.33,63.33,G2 V,6027.0,1.07,1.62,Radial Velocity,2003.0,La Silla Observatory,41.6592,Gas Giant
HD 12235 b,HD 12235,3.23,0.288,10.48833743,0.033,0.376,,,0.054,4.36305,,5986.0,1.80185,1.1,Radial Velocity,2022.0,Multiple Observatories,31.7627,Neptunian
HD 12235 c,HD 12235,12.5,1.11,3135.69506346,9.866,0.174,,,22.21,36336.70679,,5986.0,1.80185,1.1,Radial Velocity,2022.0,Multiple Observatories,31.7627,Gas Giant
HD 122562 c,HD 122562,10.1,0.903,73.10053361,0.23,0.228,,,0.406,84.96276,,4956.0,2.16627,1.241,Radial Velocity,2022.0,Multiple Observatories,53.2528,Gas Giant
HD 124330 b,HD 124330,14.0,1.25,238.37130525,0.75,0.34,,,0.86,270.66,G4 IV,5873.0,1.30446,1.15,Radial Velocity,2021.0,Haute-Provence Observatory,60.1977,Gas Giant
HD 12484 b,HD 12484,13.2,1.17,947.1334,2.98,0.07,,,0.297,58.83,F8,5920.0,1.001848,1.01,Radial Velocity,2016.0,Haute-Provence Observatory,48.3367,Gas Giant
HD 125271 b,HD 125271,12.4,1.11,3465.60094993,10.904,0.165,,,10.817,14901.99295,,4703.93,0.751364,0.75,Radial Velocity,2022.0,Multiple Observatories,39.3466,Gas Giant
HD 125390 b,HD 125390,11.9,1.06,8646.20398403,27.204,0.597,,,3.496,1757.39151,G7 III,4882.0,6.47,1.82,Radial Velocity,2019.0,W. M. Keck Observatory,153.647,Gas Giant
HD 125612 b,HD 125612,13.2,1.17,945.22168242,2.974,0.446,,,1.349,557.69994,G3 V,5900.0,1.07,1.05,Radial Velocity,2007.0,W. M. Keck Observatory,57.6207,Gas Giant
HD 125612 c,HD 125612,4.07,0.363,15.57359194,0.049,0.149,,,0.051,4.15466,G3 V,5900.0,1.07,1.05,Radial Velocity,2009.0,La Silla Observatory,57.6207,Neptunian
HD 125612 d,HD 125612,12.7,1.13,2281.37230545,7.178,0.115,,,3.982,2822.72698,G3 V,5900.0,1.07,1.05,Radial Velocity,2009.0,La Silla Observatory,57.6207,Gas Giant
HD 12648 b,HD 12648,13.4,1.2,622.9468,1.96,0.04,,,0.54,133.60001,G5,4835.0,11.02,0.67,Radial Velocity,2015.0,Bohyunsan Optical Astronomical Observatory,182.192,Gas Giant
HD 126525 b,HD 126525,10.3,0.919,75.32571,0.237,0.035,,,1.837,960.41,G4 V,5638.0,0.979,0.897,Radial Velocity,2018.0,La Silla Observatory,37.6506,Gas Giant
HD 12661 b,HD 12661,13.3,1.18,772.3269,2.43,0.38,,,0.84,262.70862,K0,5645.0,1.2,1.2,Radial Velocity,2000.0,Multiple Observatories,37.8478,Gas Giant
HD 12661 c,HD 12661,13.2,1.18,899.45439181,2.83,0.031,,,2.8145,1708.0,K0,5748.0,1.11,1.02,Radial Velocity,2002.0,Multiple Observatories,37.8478,Gas Giant
HD 126614 b,HD 126614,12.7,1.14,107.74382997,0.339,0.548,,,2.249,1257.25303,G8 IV,5568.0,1.369794,0.96,Radial Velocity,2009.0,W. M. Keck Observatory,73.0961,Gas Giant
HD 127506 b,HD 127506,5.67,0.506,27.333243,0.086,0.24,,,0.287,65.78395,K3V,4595.32,0.735766,0.73,Radial Velocity,2022.0,Multiple Observatories,22.5279,Neptunian
HD 128311 b,HD 128311,13.5,1.2,562.24127,1.769,0.303,,,1.084,453.019,K0,4965.0,0.76,0.828,Radial Velocity,2002.0,W. M. Keck Observatory,16.3292,Gas Giant
HD 128311 c,HD 128311,13.0,1.16,1204.25787,3.789,0.159,,,1.74,921.538,K0,4965.0,0.76,0.828,Radial Velocity,2005.0,W. M. Keck Observatory,16.3292,Gas Giant
HD 128356 b,HD 128356,13.9,1.24,282.8687,0.89,0.57,,,0.87,298.2,K3 V,4875.0,0.85,0.65,Radial Velocity,2016.0,Multiple Observatories,26.1548,Gas Giant
HD 128717 b,HD 128717,12.1,1.08,6293.0024586,19.8,0.85,,,4.85,3420.0,,6210.0,1.248,1.212,Astrometry,2025.0,European Space Agency (ESA) Gaia Satellite,73.636,Gas Giant
HD 129445 b,HD 129445,13.3,1.18,797.74930157,2.51,0.7,,,2.9,1840.0,G6 V,5646.0,1.175816,0.99,Radial Velocity,2009.0,Las Campanas Observatory,67.4386,Gas Giant
HD 130322 b,HD 130322,13.7,1.22,365.49,1.15,0.029,720.0,,0.0925,10.70871,K0 V,5387.0,0.85,0.92,Radial Velocity,1999.0,La Silla Observatory,31.8766,Gas Giant
HD 131496 b,HD 131496,13.4,1.2,572.094,1.8,0.181,,,2.01,896.0,K0,4846.0,4.44,1.34,Radial Velocity,2011.0,W. M. Keck Observatory,131.849,Gas Giant
HD 13167 b,HD 13167,13.1,1.17,1052.0173,3.31,0.563,,,4.1,2613.0,G3 V,5671.0,2.39,1.35,Radial Velocity,2018.0,W. M. Keck Observatory,148.934,Gas Giant
HD 13189 b,HD 13189,12.4,1.11,3480.2385,10.95,0.27,,,1.25,471.60001,K2,4175.0,38.41,2.24,Radial Velocity,2005.0,Thueringer Landessternwarte Tautenburg,497.823,Gas Giant
HD 132406 b,HD 132406,12.8,1.14,1887.90073758,5.94,0.25,,,1.98,908.0,G0 V,5766.0,1.34,0.973,Radial Velocity,2007.0,Haute-Provence Observatory,70.7832,Gas Giant
HD 132563 b,HD 132563,13.6,1.21,473.547,1.49,0.22,,,2.62,1544.0,F8,6289.0,1.29577,1.231,Radial Velocity,2011.0,Roque de los Muchachos Observatory,105.155,Gas Giant
HD 133131 A b,HD 133131 A,13.6,1.21,451.3186,1.42,0.33,,,1.44,649.0,G2 V,5799.0,0.955014,0.95,Radial Velocity,2016.0,Las Campanas Observatory,51.4736,Gas Giant
HD 133131 A c,HD 133131 A,14.3,1.28,133.4886,0.42,0.49,,,4.49,3568.0,G2 V,5799.0,0.955014,0.95,Radial Velocity,2016.0,Las Campanas Observatory,51.4736,Gas Giant
HD 133131 B b,HD 133131 B,13.3,1.18,794.575,2.5,0.61,,,6.15,5769.0,G2 V,5805.0,0.989538,0.93,Radial Velocity,2016.0,Las Campanas Observatory,51.2993,Gas Giant
HD 134060 b,HD 134060,3.16,0.282,10.1,0.0318,0.45,,,0.0444,3.2696,G3 IV,5966.0,1.164285,1.095,Radial Velocity,2019.0,La Silla Observatory,24.0125,Neptunian
HD 134060 c,HD 134060,5.91,0.527,29.29,0.0922,0.11,,,2.3928,1291.5646,G3 IV,5966.0,1.164285,1.095,Radial Velocity,2019.0,La Silla Observatory,24.0125,Neptunian
HD 134606 b,HD 134606,2.97,0.265,9.09,0.02860034,0.092,,,0.1046,12.089,G5IV,5576.0,1.158,1.046,Radial Velocity,2024.0,Multiple Observatories,26.7909,Neptunian
HD 134606 c,HD 134606,3.37,0.301,11.31,0.03558524,0.055,,,0.3007,58.883,G5IV,5576.0,1.158,1.046,Radial Velocity,2024.0,Multiple Observatories,26.7909,Neptunian
HD 134606 d,HD 134606,7.59,0.677,44.8,0.14095656,0.092,,,1.941,966.5,G5IV,5576.0,1.158,1.046,Radial Velocity,2024.0,Multiple Observatories,26.7909,Gas Giant
HD 134606 e,HD 134606,1.33,0.119,2.34,0.00736246,0.2,,,0.0527,4.3203,G5IV,5576.0,1.158,1.046,Radial Velocity,2024.0,Multiple Observatories,26.7909,Terrestrial
HD 134606 f,HD 134606,2.24,0.2,5.63,0.01771396,0.081,,,0.1784,26.915,G5IV,5576.0,1.158,1.046,Radial Velocity,2024.0,Multiple Observatories,26.7909,Super-Earth
HD 134987 b,HD 134987,13.5,1.21,511.7063,1.61,0.23,,,0.81,258.17999,G5 V,5736.0,1.22,1.1,Radial Velocity,1999.0,W. M. Keck Observatory,26.1804,Gas Giant
HD 134987 c,HD 134987,13.9,1.24,260.0,0.82,0.12,,,5.8,5000.0,G5 V,5585.0,1.25,1.1,Radial Velocity,2009.0,Multiple Observatories,26.1804,Gas Giant
HD 135344 A b,HD 135344 A,16.25302201,1.45,3178.28407,10.0,0.5,1585.0,,16.5,,A0 V,9540.0,1.5,2.32,Imaging,2025.0,Paranal Observatory,141.595,Gas Giant
HD 135625 b,HD 135625,13.3,1.19,731.0053361,2.3,0.16,,,5.4,4055.0,G3 IV/V,6040.64,1.35743,1.28,Radial Velocity,2023.0,La Silla Observatory,56.518,Gas Giant
HD 135694 b,HD 135694,2.857,0.25488491,6.1,0.01919275,0.0,750.83,71.8,0.124695,15.923475568,,5712.0,1.08,1.02,Transit,2023.0,Transiting Exoplanet Survey Satellite (TESS),73.8713,Neptunian
HD 135872 b,HD 135872,12.8,1.14,1744.56012602,5.489,0.164,,,4.172,2422.32597,,4992.0,3.93038,1.646,Radial Velocity,2022.0,Multiple Observatories,82.4251,Gas Giant
HD 136118 b,HD 136118,12.3,1.1,4164.18778851,13.102,0.344,,,2.327,1187.59765,F7 V,6097.0,1.67754,1.18,Radial Velocity,2022.0,Multiple Observatories,51.4359,Gas Giant
HD 136352 b,HD 136352,1.664,0.14845239,4.72,0.01485078,0.0,905.0,111.6,0.0964,11.57797,G4 V,5664.0,1.058,0.87,Radial Velocity,2019.0,La Silla Observatory,14.682,Super-Earth
HD 136352 c,HD 136352,2.916,0.26014854,11.24,0.03536499,0.0,677.0,35.1,0.1721,27.59221,G4 V,5664.0,1.058,0.87,Radial Velocity,2019.0,La Silla Observatory,14.682,Neptunian
HD 136352 d,HD 136352,2.562,0.22856672,8.82,0.02775082,0.0,431.0,5.74,0.425,107.245,G4 V,5664.0,1.058,0.87,Radial Velocity,2019.0,La Silla Observatory,14.682,Neptunian
HD 136418 b,HD 136418,13.3,1.19,680.1562,2.14,0.25,,,1.29,464.29999,G5,4989.0,3.78,1.48,Radial Velocity,2009.0,W. M. Keck Observatory,105.168,Gas Giant
HD 136925 b,HD 136925,13.9,1.24,266.97586188,0.84,0.103,,,5.13,4540.0,,5773.19,1.193078,0.875104,Radial Velocity,2021.0,Multiple Observatories,47.874,Gas Giant
HD 13724 c,HD 13724,8.18,0.729,50.85254512,0.16,0.651,,,0.534,142.22895,,5835.31,1.04198,1.004,Radial Velocity,2022.0,Multiple Observatories,43.465,Gas Giant
HD 137388 b,HD 137388,9.32,0.832,63.566,0.2,0.36,,,0.89,330.0,K2 IV,5181.0,0.88,0.68,Radial Velocity,2011.0,La Silla Observatory,40.4841,Gas Giant
HD 137496 b,HD 137496,1.31,0.11687057,4.04,0.01271126,0.0,2130.0,,0.02732,1.62116,G,5799.0,1.59,1.04,Transit,2021.0,K2,155.317,Terrestrial
HD 137496 c,HD 137496,12.6,1.13,2434.56559762,7.66,0.477,370.0,,1.2163,479.9,G,5799.0,1.59,1.04,Radial Velocity,2021.0,Multiple Observatories,155.317,Gas Giant
HD 13808 b,HD 13808,3.35,0.299,11.2,0.03523896,0.071,,,0.10519,14.1815,K2 V,5035.0,0.781,0.771,Radial Velocity,2021.0,La Silla Observatory,28.2305,Neptunian
HD 13808 c,HD 13808,3.13,0.279,9.96,0.03133751,0.156,,,0.2554,53.753,K2 V,5035.0,0.781,0.771,Radial Velocity,2021.0,La Silla Observatory,28.2305,Neptunian
HD 13908 b,HD 13908,13.9,1.24,274.91,0.865,0.02,,,0.154,19.382,F8 V,6255.0,1.67,1.29,Radial Velocity,2013.0,Haute-Provence Observatory,79.5515,Gas Giant
HD 13908 c,HD 13908,12.8,1.15,1630.4,5.13,0.12,,,2.03,931.0,F8 V,6255.0,1.67,1.29,Radial Velocity,2013.0,Haute-Provence Observatory,79.5515,Gas Giant
HD 13931 b,HD 13931,13.2,1.18,889.9195396,2.8,0.02,,,5.15,4218.0,G0,5867.0,1.25,1.3,Radial Velocity,2009.0,W. M. Keck Observatory,47.3963,Gas Giant
HD 139357 b,HD 139357,12.1,1.08,6315.5682755,19.871,0.099,,,2.949,1124.79139,K4 III,4700.0,11.47,2.69,Radial Velocity,2008.0,Thueringer Landessternwarte Tautenburg,112.09,Gas Giant
HD 1397 b,HD 1397,11.500434,1.026,131.89945,0.415,0.251,1228.3,356.0,0.1097,11.53533,G5 III/IV,5521.0,2.336,1.324,Transit,2018.0,Transiting Exoplanet Survey Satellite (TESS),79.5702,Gas Giant
HD 14067 b,HD 14067,12.2,1.09,4862.7746271,15.3,0.65,,,5.15,2744.0,G9 III,4815.0,12.4,2.4,Radial Velocity,2014.0,Okayama Astrophysical Observatory,142.024,Gas Giant
HD 140901 b,HD 140901,4.07,0.363,15.57359194,0.049,0.472,,,0.085,9.02378,G7 IV,5610.0,0.95,0.99,Radial Velocity,2022.0,Multiple Observatories,15.2528,Neptunian
HD 140901 c,HD 140901,13.4,1.2,572.0911326,1.8,0.77,,,11.8,14386.0,G7 IV,5610.0,0.95,1.06,Radial Velocity,2022.0,Multiple Observatories,15.2528,Gas Giant
HD 141004 b,HD 141004,3.77,0.336,13.63483866,0.0429,0.16,,,0.1238,15.5083,G0Vvar,5885.38,1.389372,1.051904,Radial Velocity,2021.0,Multiple Observatories,11.8148,Neptunian
HD 141399 b,HD 141399,14.3,1.28,143.34133,0.451,0.04,,,0.415,94.44,K0,5600.0,1.387236,1.07,Radial Velocity,2014.0,Multiple Observatories,37.0169,Gas Giant
HD 141399 c,HD 141399,13.6,1.22,422.7139,1.33,0.048,,,0.689,201.99,K0,5600.0,1.387236,1.07,Radial Velocity,2014.0,Multiple Observatories,37.0169,Gas Giant
HD 141399 d,HD 141399,13.7,1.22,375.0394,1.18,0.074,,,2.09,1069.8,K0,5600.0,1.387236,1.07,Radial Velocity,2014.0,Multiple Observatories,37.0169,Gas Giant
HD 141399 e,HD 141399,14.1,1.25,209.7678,0.66,0.26,,,5.0,5000.0,K0,5600.0,1.387236,1.07,Radial Velocity,2014.0,Multiple Observatories,37.0169,Gas Giant
HD 141937 b,HD 141937,11.9,1.06,8714.85491994,27.42,0.41,,,1.5,653.21997,G2/G3 V,5870.0,1.03,1.09,Radial Velocity,2002.0,La Silla Observatory,33.3622,Gas Giant
HD 142 A d,HD 142,10.9,0.971,82.63538582,0.26,0.13,,,0.474,108.45299,F7V,6245.0,1.47,1.21,Radial Velocity,2022.0,Multiple Observatories,26.1853,Gas Giant
HD 142 b,HD 142,12.7,1.13,2256.5816897,7.1,0.158,,,1.039,351.43394,F7V,6245.0,1.47,1.21,Radial Velocity,2001.0,Anglo-Australian Telescope,26.1853,Gas Giant
HD 142 c,HD 142,12.4,1.11,3464.64746471,10.901,0.277,,,9.811,10159.64279,F7V,6245.0,1.47,1.21,Radial Velocity,2012.0,Anglo-Australian Telescope,26.1853,Gas Giant
HD 142022 A b,HD 142022 A,12.9,1.15,1433.40611557,4.51,0.53,,,2.93,1928.0,G9 IV-V,5421.0,1.04,0.9,Radial Velocity,2005.0,La Silla Observatory,34.2802,Gas Giant
HD 142245 b,HD 142245,13.1,1.17,975.7381,3.07,0.0,,,2.78,1299.0,K0,4922.0,4.63,3.5,Radial Velocity,2011.0,W. M. Keck Observatory,97.2305,Gas Giant
HD 142415 b,HD 142415,13.5,1.2,530.7761,1.67,0.5,,,1.06,386.29999,G1 V,5940.0,1.04,1.07,Radial Velocity,2003.0,La Silla Observatory,35.5318,Gas Giant
HD 143105 b,HD 143105,13.7,1.22,384.5743,1.21,0.07,,,0.0379,2.1974,F5,6380.0,1.647304,1.51,Radial Velocity,2016.0,Haute-Provence Observatory,46.7789,Gas Giant
HD 143361 b,HD 143361,12.9,1.15,1382.55357045,4.35,0.197,,,1.988,1039.15,G6 V,5507.0,0.916,0.968,Radial Velocity,2008.0,Las Campanas Observatory,68.5146,Gas Giant
HD 143811 AB b,HD 143811 A,15.69257298,1.4,1938.7532827,6.1,0.19,1042.0,,63.0,117000.0,,6791.0,1.68398,1.32,Imaging,2025.0,Paranal Observatory,136.608,Gas Giant
HD 144899 b,HD 144899,4.77,0.425,20.34101805,0.064,0.821,,,0.242,40.43914,,6126.0,1.64802,1.16,Radial Velocity,2022.0,Multiple Observatories,115.665,Neptunian
HD 145377 b,HD 145377,12.8,1.14,1913.3366,6.02,0.31,,,0.45,103.95,G3 V,6014.0,1.05,1.2,Radial Velocity,2008.0,La Silla Observatory,53.4884,Gas Giant
HD 145457 b,HD 145457,13.2,1.18,888.01256916,2.794,0.111,,,0.762,176.13,K0,4757.0,9.9,1.9,Radial Velocity,2010.0,Subaru Telescope,135.292,Gas Giant
HD 145675 c,14 Her,12.9,1.15,1597.08774518,5.025,0.393,,,11.924,15732.45889,K0V,5338.0,0.93,0.91,Radial Velocity,2021.0,Multiple Observatories,17.9323,Gas Giant
HD 145934 b,HD 145934,13.4,1.19,658.5404593,2.072,0.078,,,4.89,2751.53433,K0,4823.75,6.930587,2.058,Radial Velocity,2015.0,W. M. Keck Observatory,227.881,Gas Giant
HD 1461 b,HD 1461,2.42,0.216,6.44,0.0202624,0.172,,,0.0634,5.77152,G0 V,5765.0,1.152288,1.02,Radial Velocity,2010.0,W. M. Keck Observatory,23.4534,Super-Earth
HD 1461 c,HD 1461,2.23,0.199,5.59,0.01758802,0.305,,,0.1117,13.5052,G0 V,5765.0,1.152288,1.02,Radial Velocity,2015.0,La Silla Observatory,23.4534,Super-Earth
HD 147018 b,HD 147018,13.4,1.19,674.0,2.12,0.4686,,,0.2388,44.236,G9 V,5441.0,0.937948,0.927,Radial Velocity,2009.0,La Silla Observatory,40.4256,Gas Giant
HD 147018 c,HD 147018,12.7,1.13,2080.0,6.56,0.133,,,1.922,1008.0,G9 V,5441.0,0.937948,0.927,Radial Velocity,2009.0,La Silla Observatory,40.4256,Gas Giant
HD 147379 b,HD 147379,4.94,0.44,21.6,0.0679612,0.063,,,0.3193,86.58,M0.0 V,4090.0,0.628304,0.58,Radial Velocity,2017.0,Calar Alto Observatory,10.7643,Neptunian
HD 147513 b,HD 147513,13.7,1.22,385.0,1.21,0.26,,,1.32,528.4,G3/5V,5883.0,0.98,1.11,Radial Velocity,2003.0,La Silla Observatory,12.9032,Gas Giant
HD 14787 b,HD 14787,13.7,1.23,356.28743,1.121,0.155,,,1.7,676.6,G5,4946.0,5.01,1.43,Radial Velocity,2018.0,W. M. Keck Observatory,119.137,Gas Giant
HD 147873 b,HD 147873,12.8,1.15,1633.6462,5.14,0.207,,,0.522,116.596,G1 V,5972.0,2.29,1.38,Radial Velocity,2016.0,Multiple Observatories,109.055,Gas Giant
HD 147873 c,HD 147873,13.3,1.19,731.009,2.3,0.23,,,1.36,491.54,G1 V,5972.0,2.29,1.38,Radial Velocity,2016.0,Multiple Observatories,109.055,Gas Giant
HD 148156 b,HD 148156,13.9,1.24,270.144,0.85,0.52,,,2.45,1027.0,G0/2 V,6308.0,1.21,1.22,Radial Velocity,2009.0,La Silla Observatory,57.1289,Gas Giant
HD 148164 b,HD 148164,13.7,1.22,390.9309,1.23,0.587,,,0.993,328.55,F8,6032.0,1.34,1.21,Radial Velocity,2018.0,W. M. Keck Observatory,77.1971,Gas Giant
HD 148164 c,HD 148164,12.8,1.15,1640.0028,5.16,0.125,,,6.15,5062.0,F8,6032.0,1.34,1.21,Radial Velocity,2018.0,W. M. Keck Observatory,77.1971,Gas Giant
HD 149026 b,HD 149026,8.29466,0.74,120.7754,0.38,0.0,1626.0,1095.91,0.04364,2.87589,G0,6179.0,1.41,1.42,Radial Velocity,2005.0,Subaru Telescope,75.8643,Gas Giant
HD 149143 b,HD 149143,13.6,1.22,422.7139,1.33,0.0167,,,0.053,4.07182,G0,5856.0,1.44,1.2,Radial Velocity,2005.0,Haute-Provence Observatory,73.2801,Gas Giant
HD 149806 b,HD 149806,12.3,1.1,4003.68444298,12.597,0.357,,,12.404,16521.52778,K0V,5352.05,0.89,0.93,Radial Velocity,2022.0,Multiple Observatories,20.2727,Gas Giant
HD 150010 b,HD 150010,13.3,1.18,762.7881768,2.4,0.2,,,1.4,562.0,K2 III,4153.0,16.2,1.3,Radial Velocity,2022.0,Bohyunsan Optical Astronomical Observatory,144.49,Gas Giant
HD 1502 b,HD 1502,13.2,1.18,874.0325,2.75,0.031,,,1.262,428.5,K0,4947.0,4.67,1.46,Radial Velocity,2011.0,W. M. Keck Observatory,190.953,Gas Giant
HD 150706 b,HD 150706,13.3,1.18,772.32302901,2.43,0.38,,,6.7,5894.0,G0 V,5961.0,0.96,1.17,Radial Velocity,2012.0,Haute-Provence Observatory,28.2697,Gas Giant
HD 151450 b,HD 151450,6.94,0.619,38.45723725,0.121,0.496,,,0.16,21.89288,,6091.98,1.17184,1.14,Radial Velocity,2022.0,Multiple Observatories,43.6002,Gas Giant
HD 151450 c,HD 151450,12.8,1.15,1636.18063924,5.148,0.138,,,14.131,18144.76236,,6091.98,1.17184,1.14,Radial Velocity,2022.0,Multiple Observatories,43.6002,Gas Giant
HD 152079 b,HD 152079,13.2,1.18,845.74563,2.661,0.532,,,4.187,2918.92,G6 V,5907.0,1.128,1.147,Radial Velocity,2009.0,Las Campanas Observatory,87.8888,Gas Giant
HD 152581 b,HD 152581,13.4,1.2,594.02427,1.869,0.04,,,1.66,686.5,K0,5027.0,5.14,1.3,Radial Velocity,2011.0,W. M. Keck Observatory,165.76,Gas Giant
HD 152843 b,HD 152843,3.05,0.27210324,9.82,0.03089718,0.046,1003.11,265.4,0.1049,11.62071,G0,6310.0,1.43,1.15,Transit,2021.0,Transiting Exoplanet Survey Satellite (TESS),107.898,Neptunian
HD 152843 c,HD 152843,5.94,0.52993222,9.67,0.03042522,0.074,253.08,133.1,0.1482,19.502104,G0,6310.0,1.43,1.15,Transit,2021.0,Transiting Exoplanet Survey Satellite (TESS),107.898,Neptunian
HD 15337 b,HD 15337,1.77,0.1579091,6.519,0.02051107,0.058,1001.0,161.7314,0.05245,4.7559804,K1 V,5131.0,0.855,0.829,Transit,2019.0,Transiting Exoplanet Survey Satellite (TESS),44.8155,Super-Earth
HD 15337 c,HD 15337,2.526,0.22535501,6.792,0.02137002,0.096,656.1,45.0685,0.1235,17.180546,K1 V,5131.0,0.855,0.829,Transit,2019.0,Transiting Exoplanet Survey Satellite (TESS),44.8155,Neptunian
HD 153557 b,HD 153557,4.77,0.425,20.34101805,0.064,0.065,,,0.068,7.29903,K0,4837.0,0.745171,0.79,Radial Velocity,2022.0,Multiple Observatories,17.9412,Neptunian
HD 153557 c,HD 153557,4.36,0.389,17.48056238,0.055,0.511,,,0.111,15.27018,K0,4837.0,0.745171,0.79,Radial Velocity,2022.0,Multiple Observatories,17.9412,Neptunian
HD 153557 d,HD 153557,11.9,1.06,8725.66108578,27.454,0.152,,,21.449,40654.64809,K0,4837.0,0.745171,0.79,Radial Velocity,2022.0,Multiple Observatories,17.9412,Gas Giant
HD 153950 b,HD 153950,13.2,1.17,937.5985,2.95,0.34,,,1.28,499.39999,F8 V,6124.0,1.28,1.25,Radial Velocity,2008.0,La Silla Observatory,48.4549,Gas Giant
HD 154088 b,HD 154088,2.46,0.219,6.6,0.02076592,0.344,,,0.134,18.56,K0 IV-V,5374.0,0.95,0.91,Radial Velocity,2021.0,La Silla Observatory,18.2692,Super-Earth
HD 154345 b,HD 154345,13.7,1.22,376.9444907,1.186,0.058,,,4.158,3280.0,G8,5468.0,0.85,0.89,Radial Velocity,2006.0,W. M. Keck Observatory,18.284,Gas Giant
HD 154391 b,HD 154391,12.5,1.12,2892.2385037,9.1,0.2,,,7.46,5163.0,K1 III,4909.0,8.56,2.07,Radial Velocity,2023.0,Multiple Observatories,100.947,Gas Giant
HD 154672 b,HD 154672,12.8,1.14,1706.7471,5.37,0.61,,,0.6,163.94,G3 IV,5743.0,1.32,1.18,Radial Velocity,2008.0,Las Campanas Observatory,63.0484,Gas Giant
HD 154857 b,HD 154857,13.3,1.18,778.6835,2.45,0.46,,,1.29,408.60001,G5 V,5589.0,2.3,1.96,Radial Velocity,2004.0,Anglo-Australian Telescope,63.4482,Gas Giant
HD 154857 c,HD 154857,13.2,1.18,819.97,2.58,0.06,,,5.36,3452.0,G5 V,5605.0,1.76,1.718,Radial Velocity,2014.0,Anglo-Australian Telescope,63.4482,Gas Giant
HD 155193 b,HD 155193,14.0,1.25,238.37130525,0.75,0.21,,,1.04,352.65,F8 IV,6239.0,1.76439,1.221,Radial Velocity,2021.0,Haute-Provence Observatory,57.7995,Gas Giant
HD 155358 b,HD 155358,13.8,1.23,314.6517,0.99,0.17,,,0.63,194.3,G0,5905.0,1.38,1.15,Radial Velocity,2007.0,McDonald Observatory,43.6197,Gas Giant
HD 155358 c,HD 155358,13.9,1.24,261.0,0.82,0.16,,,1.02,391.9,G0,5900.0,1.38,0.92,Radial Velocity,2007.0,McDonald Observatory,43.6197,Gas Giant
HD 155918 b,HD 155918,2.67,0.239,7.62788177,0.024,0.194,,,0.03,1.87567,G2V,5771.84,1.01906,1.03,Radial Velocity,2022.0,Multiple Observatories,27.561,Neptunian
HD 155918 c,HD 155918,12.8,1.14,1878.04805696,5.909,0.071,,,13.183,17202.19446,G2V,5771.84,1.01906,1.03,Radial Velocity,2022.0,Multiple Observatories,27.561,Gas Giant
HD 156098 b,HD 156098,4.12,0.368,15.89142035,0.05,0.109,,,0.167,21.85849,,6419.19,2.75716,1.29,Radial Velocity,2022.0,Multiple Observatories,48.249,Neptunian
HD 156098 c,HD 156098,12.8,1.14,1661.6069118,5.228,0.391,,,8.415,7841.5839,,6419.19,2.75716,1.29,Radial Velocity,2022.0,Multiple Observatories,48.249,Gas Giant
HD 156279 b,HD 156279,12.5,1.12,2997.75753482,9.432,0.647,,,0.502,133.40355,G6,5453.0,0.95,0.94,Radial Velocity,2011.0,Haute-Provence Observatory,36.1945,Gas Giant
HD 156279 c,HD 156279,12.5,1.11,3098.82696825,9.75,0.261,,,5.486,4818.25358,G6,5453.0,0.95,0.94,Radial Velocity,2018.0,W. M. Keck Observatory,36.1945,Gas Giant
HD 156411 b,HD 156411,14.0,1.25,235.18,0.74,0.22,,,1.88,842.2,F8 IV/V,5900.0,2.16,1.25,Radial Velocity,2009.0,La Silla Observatory,56.8655,Gas Giant
HD 156668 b,HD 156668,1.87,0.167,4.15,0.013,0.0,,,0.05,4.6455,K2,4850.0,0.72,0.772,Radial Velocity,2010.0,W. M. Keck Observatory,24.3323,Super-Earth
HD 156668 c,HD 156668,6.17,0.55,31.49679513,0.0991,0.089,,,1.57,811.3,K2,4903.69,0.774528,0.785167,Radial Velocity,2021.0,Multiple Observatories,24.3323,Gas Giant
HD 156846 b,HD 156846,12.4,1.11,3391.2461,10.67,0.85,,,1.12,359.51001,G0 V,6090.0,1.9,1.38,Radial Velocity,2007.0,La Silla Observatory,47.7332,Gas Giant
HD 158038 b,HD 158038,13.5,1.21,486.2799,1.53,0.29,,,1.5,521.0,K0,4860.0,4.5,1.3,Radial Velocity,2011.0,W. M. Keck Observatory,94.8625,Gas Giant
HD 158996 b,HD 158996,12.3,1.1,4449.62,14.0,0.13,,,2.1,820.2,K5 III,4069.0,50.3,1.8,Radial Velocity,2018.0,Bohyunsan Optical Astronomical Observatory,283.659,Gas Giant
HD 15906 b,HD 15906,2.24,0.19983976,5.65,0.0178,0.11,668.0,33.14,0.09,10.924709,K V,4757.0,0.762,0.79,Transit,2023.0,Transiting Exoplanet Survey Satellite (TESS),45.5621,Super-Earth
HD 15906 c,HD 15906,2.93,0.26139754,8.91,0.028,0.04,532.0,13.37,0.141,21.583298,K V,4757.0,0.762,0.79,Transit,2023.0,Transiting Exoplanet Survey Satellite (TESS),45.5621,Neptunian
HD 159243 b,HD 159243,13.7,1.22,359.13,1.13,0.02,,,0.11,12.62,G0 V,6123.0,1.12,1.125,Radial Velocity,2013.0,Haute-Provence Observatory,73.3055,Gas Giant
HD 159243 c,HD 159243,13.4,1.2,603.9,1.9,0.075,,,0.8,248.4,G0 V,6123.0,1.12,1.125,Radial Velocity,2013.0,Haute-Provence Observatory,73.3055,Gas Giant
HD 159868 b,HD 159868,13.3,1.19,704.94694,2.218,0.024,,,2.32,1184.1,G5 V,5534.0,2.13,1.19,Radial Velocity,2006.0,Anglo-Australian Telescope,55.8503,Gas Giant
HD 159868 c,HD 159868,14.0,1.25,244.09344,0.768,0.184,,,1.032,351.0,G5 V,5534.0,2.13,1.19,Radial Velocity,2012.0,Anglo-Australian Telescope,55.8503,Gas Giant
HD 1605 b,HD 1605,13.8,1.23,296.85322,0.934,0.095,,,1.492,577.2,K1 IV,4915.0,3.49,1.33,Radial Velocity,2015.0,Multiple Observatories,88.8047,Gas Giant
HD 1605 c,HD 1605,13.0,1.16,1150.5446,3.62,0.099,,,3.584,2149.0,K1 IV,4915.0,3.49,1.33,Radial Velocity,2015.0,Multiple Observatories,88.8047,Gas Giant
HD 160691 d,HD 160691,3.23,0.288,10.49,0.03300523,0.0,900.0,,0.0952,9.6392,G3 IV-V,5773.0,1.33,1.13,Radial Velocity,2004.0,La Silla Observatory,15.5981,Neptunian
HD 161178 b,HD 161178,14.1,1.26,181.16219199,0.57,0.044,,,0.85,279.3,G9 III,4786.0,10.95,1.06,Radial Velocity,2021.0,Okayama Astrophysical Observatory,107.188,Gas Giant
HD 16141 b,HD 16141,10.9,0.971,82.6358,0.26,0.25,,,0.36,75.523,G5 IV,5757.0,1.48,1.11,Radial Velocity,2000.0,W. M. Keck Observatory,37.7861,Gas Giant
HD 16175 b,HD 16175,12.8,1.14,1875.1876013,5.9,0.6,,,2.12,990.0,G2,5981.0,1.72,1.63,Radial Velocity,2009.0,Lick Observatory,59.859,Gas Giant
HD 162020 b,HD 162020,12.5,1.11,3127.4472,9.84,0.28,650.0,,0.08,8.4282,K3 V,4723.0,0.75,0.42,Radial Velocity,2002.0,La Silla Observatory,30.8248,Gas Giant
HD 163607 b,HD 163607,13.9,1.24,249.051588,0.7836,0.7441,,,0.362,75.2203,G5,5522.0,1.76,1.12,Radial Velocity,2010.0,W. M. Keck Observatory,67.7855,Gas Giant
HD 163607 c,HD 163607,13.3,1.19,699.54383,2.201,0.08,,,2.39,1272.0,G5,5522.0,1.76,1.12,Radial Velocity,2010.0,W. M. Keck Observatory,67.7855,Gas Giant
HD 16417 b,HD 16417,5.0,0.446,22.1,0.0696,0.2,,,0.14,17.24,G1 V,5841.0,1.639984,1.2,Radial Velocity,2008.0,Anglo-Australian Telescope,25.3936,Neptunian
HD 164509 b,HD 164509,14.3,1.28,140.79869,0.443,0.238,,,0.87,280.17,G5,5859.0,1.11,1.12,Radial Velocity,2010.0,W. M. Keck Observatory,53.1119,Gas Giant
HD 164595 b,HD 164595,4.16,0.371,16.14,0.05078186,0.088,,,0.23,40.0,G2 V,5790.0,1.023606,0.99,Radial Velocity,2015.0,Haute-Provence Observatory,28.254,Neptunian
HD 164604 b,HD 164604,12.3,1.1,4195.3349724,13.2,0.479,,,1.362,653.9,K3.5 V,4663.0,0.78,0.77,Radial Velocity,2009.0,Las Campanas Observatory,39.3633,Gas Giant
HD 164604 c,HD 164604,12.5,1.12,3019.3698665,9.5,0.196,,,5.556,5387.0,K3.5 V,4663.0,0.78,0.77,Radial Velocity,2026.0,Las Campanas Observatory,39.3633,Gas Giant
HD 164922 b,HD 164922,13.3,1.19,116.0,0.36497499,0.08,159.4,0.1578,2.16,1207.0,G9 V,5390.0,0.946,0.926,Radial Velocity,2005.0,W. M. Keck Observatory,22.0016,Gas Giant
HD 164922 c,HD 164922,3.66,0.327,13.0,0.04090237,0.12,400.5,6.29,0.341,75.74,G9 V,5390.0,0.946,0.926,Radial Velocity,2016.0,Multiple Observatories,22.0016,Neptunian
HD 164922 d,HD 164922,1.83,0.163,4.0,0.01258534,0.12,,,0.103,12.458,G9 V,5390.0,0.946,0.926,Radial Velocity,2020.0,Roque de los Muchachos Observatory,22.0016,Super-Earth
HD 164922 e,HD 164922,3.23,0.288,10.52012027,0.0331,0.086,,,0.2292,41.763,G9 V,5393.43,1.001813,0.921146,Radial Velocity,2021.0,Multiple Observatories,22.0016,Neptunian
HD 165131 b,HD 165131,12.1,1.08,5943.3912109,18.7,0.6708,,,3.54,2342.6,G3/5 V,5870.0,1.06419,1.06,Radial Velocity,2023.0,Multiple Facilities,57.4263,Gas Giant
HD 165155 b,HD 165155,13.2,1.18,918.5287,2.89,0.2,,,1.13,434.5,G8 V,5426.0,0.95,1.02,Radial Velocity,2016.0,Multiple Observatories,63.3574,Gas Giant
HD 1666 b,HD 1666,12.7,1.13,2040.0,6.43,0.63,,,0.94,270.0,F7 V,6317.0,1.93,1.5,Radial Velocity,2015.0,Multiple Observatories,117.908,Gas Giant
HD 166724 b,HD 166724,13.0,1.16,1207.7479466,3.8,0.734,,,5.42,5144.0,K0 IV-V,5127.0,0.797485,0.81,Radial Velocity,2012.0,La Silla Observatory,45.1342,Gas Giant
HD 167042 b,HD 167042,13.6,1.21,444.00628458,1.397,0.01,,,1.22,417.67,K1 IV,4919.0,4.63,1.39,Radial Velocity,2007.0,Lick Observatory,49.6633,Gas Giant
HD 167677 b,HD 167677,13.2,1.18,905.81095995,2.85,0.182,,,2.877,1820.0,G5 V,5474.0,0.95271,0.96,Radial Velocity,2023.0,Multiple Facilities,54.3258,Gas Giant
HD 167768 b,HD 167768,13.9,1.24,270.15414595,0.85,0.149,,,0.1512,20.6532,G8 III,4851.0,9.7,1.08,Radial Velocity,2022.0,Okayama Astrophysical Observatory,107.214,Gas Giant
HD 168009 b,HD 168009,3.05,0.272,9.53485221,0.03,0.12,,,0.1192,15.1479,G2V,5778.33,1.209505,0.986073,Radial Velocity,2021.0,Multiple Observatories,23.3032,Neptunian
HD 168443 b,HD 168443,12.6,1.13,2424.3950886,7.628,0.53,,,0.292,58.11187,G5,5491.0,1.711479,0.98,Radial Velocity,1998.0,W. M. Keck Observatory,39.6245,Gas Giant
HD 168443 c,HD 168443,12.2,1.09,5500.33841154,17.306,0.21,,,2.842,1753.1096,G5,5491.0,1.711479,0.98,Radial Velocity,2000.0,W. M. Keck Observatory,39.6245,Gas Giant
HD 168746 b,HD 168746,11.1,0.993,85.8141,0.27,0.11,900.0,,0.07,6.404,G5,5570.0,1.09,1.07,Radial Velocity,2002.0,La Silla Observatory,41.5681,Gas Giant
HD 168863 b,HD 168863,12.7,1.13,2154.87659946,6.78,0.187,,,10.961,14773.93272,,4905.0,0.777826,0.8,Radial Velocity,2022.0,Multiple Observatories,39.8979,Gas Giant
HD 1690 b,HD 1690,12.5,1.12,2793.7257,8.79,0.64,,,1.36,533.0,K1 III,4374.0,21.66,1.86,Radial Velocity,2010.0,La Silla Observatory,752.615,Gas Giant
HD 16905 b,HD 16905,12.4,1.11,3591.4609991,11.3,0.68,,,8.8,10256.0,K3 V,4866.12,0.77494,0.85,Radial Velocity,2022.0,Multiple Observatories,39.7401,Gas Giant
HD 169142 b,HD 169142,13.1,1.17,953.485221,3.0,,,,37.2,,,7246.0,1.53702,1.85,Imaging,2023.0,Paranal Observatory,113.6,Gas Giant
HD 169830 b,HD 169830,13.2,1.18,804.42369812,2.531,0.294,345.0,,0.765,225.67372,F8 V,6300.0,1.935709,1.17,Radial Velocity,2000.0,La Silla Observatory,37.6048,Gas Giant
HD 169830 c,HD 169830,12.6,1.13,2437.42605328,7.669,0.246,,,3.075,1818.82339,F7 V,6300.0,1.935709,1.17,Radial Velocity,2003.0,La Silla Observatory,37.6048,Gas Giant
HD 170469 b,HD 170469,14.1,1.25,209.7678,0.66,0.11,,,2.24,1145.0,G5 IV,5842.0,1.24,1.1,Radial Velocity,2007.0,W. M. Keck Observatory,60.178,Gas Giant
HD 17092 b,HD 17092,12.5,1.11,3219.6179,10.13,0.17,,,1.31,359.89999,K0 III,4326.0,13.58,6.73,Radial Velocity,2007.0,McDonald Observatory,228.422,Gas Giant
HD 171028 b,HD 171028,13.2,1.18,832.7146,2.62,0.59,,,1.32,550.0,G0,5671.0,2.47,1.53,Radial Velocity,2007.0,La Silla Observatory,111.659,Gas Giant
HD 171238 b,HD 171238,12.5,1.12,2796.8899816,8.8,0.358,,,2.518,1515.0,G8 V,5467.0,1.01,0.92,Radial Velocity,2009.0,La Silla Observatory,44.8113,Gas Giant
HD 17156 b,HD 17156,12.26262489,1.094,1036.12060682,3.26,0.6772,888.0,68.8,0.1632,21.2164294,G5,6046.0,1.517,1.285,Radial Velocity,2007.0,Subaru Telescope,78.0863,Gas Giant
HD 173416 b,HD 173416,13.4,1.2,585.12209729,1.841,0.208,,,1.158,322.03,G8,4683.0,13.5,2.0,Radial Velocity,2008.0,Xinglong Station,132.184,Gas Giant
HD 174205 b,HD 174205,13.0,1.16,1334.8793094,4.2,0.4,,,1.7,582.0,K2,4308.0,26.6,1.8,Radial Velocity,2022.0,Bohyunsan Optical Astronomical Observatory,234.027,Gas Giant
HD 175167 b,HD 175167,12.3,1.09,4703.8604236,14.8,0.51,,,2.4,1175.0,G5 IV/V,5635.0,1.75,1.09,Radial Velocity,2009.0,Las Campanas Observatory,71.0863,Gas Giant
HD 175541 b,HD 175541,14.1,1.26,190.06234,0.598,0.11,,,0.975,298.43,G8 IV,5013.0,4.19,1.39,Radial Velocity,2007.0,W. M. Keck Observatory,129.603,Gas Giant
HD 17674 b,HD 17674,13.9,1.24,276.5121,0.87,0.13,,,1.42,623.8,G0 V,5904.0,1.18,0.98,Radial Velocity,2017.0,Haute-Provence Observatory,44.4264,Gas Giant
HD 176986 d,HD 176986,2.49,0.222,6.76,0.02126934,,363.0,4.09,0.28149,61.376,K2.5 V,4931.0,0.782,0.789,Radial Velocity,2026.0,Multiple Observatories,27.7843,Super-Earth
HD 177565 b,HD 177565,4.0,0.357,15.1,0.04750967,0.0593,,,0.246,44.505,G8V,5627.0,0.971489,1.0,Radial Velocity,2017.0,La Silla Observatory,16.9179,Neptunian
HD 177830 b,HD 177830,13.5,1.2,537.1327,1.69,0.1,,,1.14,410.10001,K0,4901.0,3.26,1.7,Radial Velocity,1999.0,W. M. Keck Observatory,62.7674,Gas Giant
HD 177830 c,HD 177830,7.87,0.702,47.6725,0.15,0.3,,,0.5137,110.9,K0,4949.0,2.62,1.47,Radial Velocity,2010.0,W. M. Keck Observatory,62.7674,Gas Giant
HD 178911 B b,HD 178911 B,12.6,1.12,2552.1749,8.03,0.11,,,0.34,71.484,G5,5588.0,1.08,1.24,Radial Velocity,2001.0,W. M. Keck Observatory,40.9727,Gas Giant
HD 179949 b,HD 179949,13.9,1.24,291.12,0.916,0.022,,,0.0443,3.092514,F8 V,6168.0,1.266865,1.21,Radial Velocity,2000.0,Anglo-Australian Telescope,27.4573,Gas Giant
HD 180053 b,HD 180053,13.3,1.19,697.31902,2.194,0.081,,,0.843,213.72,K0,5131.0,4.06,1.75,Radial Velocity,2018.0,W. M. Keck Observatory,137.043,Gas Giant
HD 18015 b,HD 18015,13.1,1.17,1048.8337431,3.3,0.148,,,3.87,2278.0,G6 IV,5603.0,3.13,1.49,Radial Velocity,2018.0,W. M. Keck Observatory,123.801,Gas Giant
HD 180314 b,HD 180314,12.0,1.07,7216.92963775,22.707,0.247,,,1.448,394.73,K0,4917.0,9.2,2.6,Radial Velocity,2010.0,Subaru Telescope,122.362,Gas Giant
HD 180617 b,HD 180617,3.53,0.315,12.214,0.03842935,0.101,,,0.343,105.911,M2.5 V,3534.0,0.481,0.484,Radial Velocity,2018.0,Calar Alto Observatory,5.91059,Neptunian
HD 180902 b,HD 180902,13.5,1.2,535.54355,1.685,0.107,,,1.4,510.9,K0 III/IV,4961.0,4.16,1.41,Radial Velocity,2009.0,W. M. Keck Observatory,104.577,Gas Giant
HD 181234 b,HD 181234,12.5,1.12,2980.91262925,9.379,0.726,,,7.427,7593.40512,G8 IV,5386.0,1.059423,0.94,Radial Velocity,2019.0,La Silla Observatory,47.7458,Gas Giant
HD 181342 b,HD 181342,13.2,1.18,807.2882,2.54,0.022,,,1.592,564.1,K0 III,4945.0,4.71,1.69,Radial Velocity,2009.0,W. M. Keck Observatory,120.391,Gas Giant
HD 18143 b,HD 18143,3.28,0.293,10.80616584,0.034,0.224,,,0.088,10.2851,K2,5078.0,0.87,0.85,Radial Velocity,2022.0,Multiple Observatories,22.5243,Neptunian
HD 18143 c,HD 18143,12.5,1.11,3177.64841319,9.998,0.194,,,17.53,28982.41764,K2,5078.0,0.87,0.85,Radial Velocity,2022.0,Multiple Observatories,22.5243,Gas Giant
HD 181433 d,HD 181433,13.2,1.18,858.1366989,2.7,0.444,,,6.74,6896.1,K3 IV,4918.0,0.79,0.86,Radial Velocity,2008.0,La Silla Observatory,26.8762,Gas Giant
HD 181720 b,HD 181720,14.0,1.25,127.132,0.4,0.26,,,1.85,956.0,G1 V,5736.0,1.5,1.03,Radial Velocity,2009.0,La Silla Observatory,60.2046,Gas Giant
HD 183263 b,HD 183263,13.1,1.17,1103.1824007,3.471,0.383,,,1.46,624.87404,G2 IV,5948.0,1.23,1.06,Radial Velocity,2004.0,W. M. Keck Observatory,54.1955,Gas Giant
HD 183263 c,HD 183263,12.5,1.12,2958.98246917,9.31,0.051,,,5.585,4667.97841,G2 IV,5948.0,1.23,1.06,Radial Velocity,2008.0,W. M. Keck Observatory,54.1955,Gas Giant
HD 183579 b,HD 183579,3.49,0.31135748,20.4,0.06418558,0.061,752.0,58.1,0.1322,17.471291,G2 V,5784.0,0.96,0.996,Transit,2021.0,Transiting Exoplanet Survey Satellite (TESS),57.2651,Neptunian
HD 184010 b,HD 184010,12.1,1.08,98.52680617,0.31,0.0,,,0.94,286.6,K0 III-IV,4971.0,4.86,1.35,Radial Velocity,2022.0,Okayama Astrophysical Observatory,60.7993,Gas Giant
HD 184010 c,HD 184010,11.8,1.06,95.3485221,0.3,0.0,,,1.334,484.3,K0 III-IV,4971.0,4.86,1.35,Radial Velocity,2022.0,Okayama Astrophysical Observatory,60.7993,Gas Giant
HD 184010 d,HD 184010,14.3,1.28,143.02278315,0.45,0.0,,,1.92,836.4,K0 III-IV,4971.0,4.86,1.35,Radial Velocity,2022.0,Okayama Astrophysical Observatory,60.7993,Gas Giant
HD 18438 b,HD 18438,12.1,1.08,6674.396547,21.0,0.1,,,2.1,803.0,M2.5 III,3860.0,88.475,1.84,Radial Velocity,2023.0,Bohyunsan Optical Astronomical Observatory,224.146,Gas Giant
HD 185269 b,HD 185269,13.8,1.23,321.0083,1.01,0.229,,,0.077,6.83776,G0 IV,5923.0,2.0,1.3,Radial Velocity,2006.0,Lick Observatory,51.9917,Gas Giant
HD 185283 b,HD 185283,13.6,1.22,413.1769291,1.3,0.07,,,4.6,4060.0,K3 V,4848.0,0.743303,0.8,Radial Velocity,2023.0,La Silla Observatory,31.395,Gas Giant
HD 18599 b,HD 18599,2.6,0.23195686,24.1,0.07582708,0.34,863.0,145.0,0.048,4.1374354,K2 V,5145.0,0.767,0.863,Transit,2022.0,Transiting Exoplanet Survey Satellite (TESS),38.5653,Neptunian
HD 187085 b,HD 187085,13.9,1.24,265.70588,0.836,0.251,,,2.1,1019.74,G0 V,6117.0,1.27,1.189,Radial Velocity,2006.0,Anglo-Australian Telescope,45.8993,Gas Giant
HD 187123 b,HD 187123,14.2,1.27,166.218,0.523,0.0103,,,0.0426,3.0965828,G3 V,5790.0,1.15043,1.04,Radial Velocity,1998.0,W. M. Keck Observatory,45.9548,Gas Giant
HD 187123 c,HD 187123,13.2,1.18,912.16752809,2.87,0.252,,,4.89,3810.0,G3 V,5790.0,1.15043,1.04,Radial Velocity,2008.0,W. M. Keck Observatory,45.9548,Gas Giant
HD 18742 b,HD 18742,13.1,1.17,1080.622,3.4,0.04,,,1.82,766.0,G8/K0 IV,4940.0,5.13,1.36,Radial Velocity,2011.0,W. M. Keck Observatory,162.685,Gas Giant
HD 188015 b,HD 188015,13.6,1.21,476.72,1.5,0.137,,,1.203,461.2,G5 IV,5746.0,1.125296,1.09,Radial Velocity,2004.0,W. M. Keck Observatory,50.6706,Gas Giant
HD 188641 b,HD 188641,11.9,1.06,9333.03117155,29.365,0.034,,,12.027,14583.81038,,5897.32,1.94492,1.07,Radial Velocity,2022.0,Multiple Observatories,64.3399,Gas Giant
HD 189567 b,HD 189567,2.85,0.254,8.5,0.02674399,0.189,,,0.111,14.288,G3 V,5726.0,1.04,0.83,Radial Velocity,2021.0,La Silla Observatory,17.9055,Neptunian
HD 189567 c,HD 189567,2.54,0.227,7.0,0.02202446,0.16,,,0.197,33.688,G3 V,5726.0,1.04,0.83,Radial Velocity,2021.0,La Silla Observatory,17.9055,Neptunian
HD 189733 b,HD 189733,12.66617,1.13,359.1479,1.13,0.0,1209.0,356.0,0.03126,2.21857567,K2 V,5052.0,0.75,0.79,Radial Velocity,2005.0,Haute-Provence Observatory,19.7638,Gas Giant
HD 190007 b,HD 190007,4.06,0.362,15.5,0.04876845,0.136,,,0.092,11.724128,K4 V,4610.0,0.79,0.77,Radial Velocity,2020.0,Multiple Observatories,12.7141,Neptunian
HD 190228 b,HD 190228,12.9,1.15,1598.67688721,5.03,0.559,,,2.406,1143.59858,G5 IV,5360.0,2.58658,1.415,Radial Velocity,2022.0,Multiple Observatories,62.7146,Gas Giant
HD 190360 b,HD 190360,13.5,1.2,533.95172376,1.68,0.3184,150.0,,3.963,2892.0,G,5552.0,1.201,0.991,Radial Velocity,2003.0,Haute-Provence Observatory,16.0069,Gas Giant
HD 190360 c,HD 190360,5.44,0.485,25.42627256,0.08,0.165,,,0.1296,17.1173,G,5552.0,1.201,0.991,Radial Velocity,2005.0,W. M. Keck Observatory,16.0069,Neptunian
HD 190647 b,HD 190647,13.4,1.19,630.89255,1.985,0.224,,,2.231,1176.45,G5 V,5656.0,1.376,1.069,Radial Velocity,2007.0,La Silla Observatory,54.4738,Gas Giant
HD 190984 b,HD 190984,13.0,1.16,1137.82569706,3.58,0.57,,,5.5,4885.0,F8 V,5988.0,1.53,0.91,Radial Velocity,2009.0,La Silla Observatory,148.187,Gas Giant
HD 191806 b,HD 191806,12.5,1.12,2966.61035094,9.334,0.213,,,2.749,1603.38923,K0,6010.0,1.40223,1.07,Radial Velocity,2016.0,Haute-Provence Observatory,65.6668,Gas Giant
HD 191939 b,HD 191939,3.41,0.30422035,10.0,0.03146352,0.031,880.0,100.0,0.0804,8.8803256,G9 V,5348.0,0.94,0.81,Transit,2020.0,Transiting Exoplanet Survey Satellite (TESS),53.6089,Neptunian
HD 191939 c,HD 191939,3.195,0.2850393,8.0,0.02517081,0.034,600.0,21.0,0.1752,28.579743,G9 V,5348.0,0.94,0.81,Transit,2020.0,Transiting Exoplanet Survey Satellite (TESS),53.6089,Neptunian
HD 191939 d,HD 191939,2.995,0.26719646,2.8,0.00880979,0.031,540.0,14.3,0.2132,38.353037,G9 V,5348.0,0.94,0.81,Transit,2020.0,Transiting Exoplanet Survey Satellite (TESS),53.6089,Neptunian
HD 191939 e,HD 191939,13.0,1.16,112.2,0.35302068,0.031,390.0,3.9,0.407,101.12,G9 V,5348.0,0.94,0.81,Radial Velocity,2022.0,W. M. Keck Observatory,53.6089,Gas Giant
HD 191939 f,HD 191939,13.2,1.18,915.34581216,2.88,0.0,125.0,,3.71,2898.0,G9 V,5348.0,0.94,0.81,Radial Velocity,2022.0,W. M. Keck Observatory,53.6089,Gas Giant
HD 191939 g,HD 191939,3.74,0.334,13.5,0.04247575,0.03,278.0,0.99,0.812,284.0,G9 V,5348.0,0.94,0.81,Radial Velocity,2022.0,Multiple Observatories,53.6089,Neptunian
HD 192263 b,HD 192263,14.2,1.26,177.9848,0.56,0.05,486.0,,0.15,24.3556,K2 V,4976.0,0.74,0.66,Radial Velocity,1999.0,La Silla Observatory,19.6359,Gas Giant
HD 192310 b,HD 192310,4.27,0.381,16.9,0.0532,0.13,355.0,,0.32,74.72,K3V,5166.0,0.857922,0.8,Radial Velocity,2011.0,La Silla Observatory,8.79687,Neptunian
HD 192310 c,HD 192310,5.25,0.469,24.0,0.076,0.32,185.0,,1.18,525.8,K3V,5166.0,0.857922,0.8,Radial Velocity,2011.0,La Silla Observatory,8.79687,Neptunian
HD 192699 b,HD 192699,13.4,1.19,666.17168,2.096,0.082,,,1.063,340.94,G8 IV,5041.0,4.41,1.38,Radial Velocity,2007.0,Lick Observatory,71.8627,Gas Giant
HD 194490 b,HD 194490,12.4,1.11,3561.90295725,11.207,0.251,,,11.116,13092.18348,,5861.32,1.14911,1.06,Radial Velocity,2022.0,Multiple Observatories,80.2349,Gas Giant
HD 195019 b,HD 195019,13.0,1.16,1264.9634,3.98,0.01,,,0.14,18.20132,G3 IV-V,5751.0,1.48,1.21,Radial Velocity,1998.0,Lick Observatory,37.6681,Gas Giant
HD 196050 b,HD 196050,12.9,1.15,1493.7935129,4.7,0.2,,,2.65,1392.0,G3 V,5879.0,1.42,1.27,Radial Velocity,2002.0,Anglo-Australian Telescope,50.6742,Gas Giant
HD 196067 b,HD 196067,12.4,1.11,3623.2438398,11.4,0.56292,,,4.71,3413.7,G0 V,6072.0,1.71,1.16,Radial Velocity,2012.0,La Silla Observatory,39.9346,Gas Giant
HD 19615 b,HD 19615,12.6,1.12,2701.5414595,8.5,0.2,,,1.1,402.0,K0,4263.0,32.3,1.1,Radial Velocity,2022.0,Bohyunsan Optical Astronomical Observatory,265.155,Gas Giant
HD 196885 A b,HD 196885 A,13.2,1.18,819.97,2.58,0.48,,,2.37,1333.0,F8 V,6254.0,1.31,1.28,Radial Velocity,2007.0,Haute-Provence Observatory,34.1692,Gas Giant
HD 197037 b,HD 197037,13.9,1.24,251.0,0.79,0.22,,,2.07,1035.7,F7 V,6150.0,1.105,1.11,Radial Velocity,2012.0,McDonald Observatory,33.1944,Gas Giant
HD 199509 b,HD 199509,7.43,0.663,43.22466335,0.136,0.373,,,0.426,99.62167,G3V,5796.02,0.92,1.04,Radial Velocity,2022.0,Multiple Observatories,24.3056,Gas Giant
HD 19994 b,HD 19994,13.6,1.21,435.41,1.37,0.063,,,1.305,466.2,F8 V,6188.0,1.79647,1.365,Radial Velocity,2003.0,La Silla Observatory,22.5242,Gas Giant
HD 20003 b,HD 20003,3.43,0.306,11.66,0.0367,0.36,,,0.0974,11.8482,G8 V,5494.0,0.921637,0.875,Radial Velocity,2019.0,La Silla Observatory,41.8316,Neptunian
HD 20003 c,HD 20003,3.89,0.347,14.44,0.0454,0.1,,,0.1964,33.9239,G8 V,5494.0,0.921637,0.875,Radial Velocity,2019.0,La Silla Observatory,41.8316,Neptunian
HD 200964 b,HD 200964,13.5,1.21,508.21017,1.599,0.087,,,1.565,606.3,G8 IV,4982.0,4.92,1.39,Radial Velocity,2010.0,Lick Observatory,72.5922,Gas Giant
HD 200964 c,HD 200964,13.7,1.22,385.84562,1.214,0.243,,,1.96,852.5,G8 IV,4982.0,4.92,1.39,Radial Velocity,2010.0,Lick Observatory,72.5922,Gas Giant
HD 202206 c,HD 202206,12.2,1.08,5689.157,17.9,0.22,,,2.41,1260.0,G6 V,5766.0,1.04,1.07,Radial Velocity,2004.0,La Silla Observatory,45.9665,Gas Giant
HD 202772 A b,HD 202772 A,17.317905,1.545,323.23311,1.017,0.038,2132.0,3440.0,0.05208,3.308958,,6272.0,2.591,1.72,Transit,2019.0,Transiting Exoplanet Survey Satellite (TESS),161.498,Gas Giant
HD 203030 b,HD 203030,14.4595851,1.29,3496.112477,11.0,,1040.0,,487.1,,G8 V,5603.0,0.856458,0.94,Imaging,2006.0,Palomar Observatory,39.2503,Gas Giant
HD 20329 b,HD 20329,1.72,0.15344839,7.42,0.02334593,0.0,2141.0,3474.0,0.018,0.926118,,5596.0,1.13,0.9,Transit,2022.0,Transiting Exoplanet Survey Satellite (TESS),63.6796,Super-Earth
HD 203387 b,HD 203387,13.1,1.17,1106.04285636,3.48,0.732,,,1.771,512.5352,,5174.32,10.5852,2.817,Radial Velocity,2022.0,Multiple Observatories,61.7477,Gas Giant
HD 203387 c,HD 203387,12.6,1.13,2378.9456264,7.485,0.202,,,5.067,2481.07227,,5174.32,10.5852,2.817,Radial Velocity,2022.0,Multiple Observatories,61.7477,Gas Giant
HD 2039 b,HD 2039,12.7,1.14,1999.1507,6.29,0.71,,,2.2,1120.0,G2/G3 IV/V,5945.0,1.19,1.23,Radial Velocity,2002.0,Anglo-Australian Telescope,85.6922,Gas Giant
HD 204313 b,HD 204313,12.9,1.15,1466.7780983,4.615,0.1,,,3.185,2041.11539,G5 V,5767.0,1.1,1.03,Radial Velocity,2010.0,La Silla Observatory,47.7945,Gas Giant
HD 204313 c,HD 204313,4.31,0.385,17.16273398,0.054,0.059,,,0.211,34.95875,G5 V,5767.0,1.1,1.03,Radial Velocity,2015.0,La Silla Observatory,47.7945,Neptunian
HD 204313 e,HD 204313,12.2,1.09,4868.17771002,15.317,0.253,,,7.457,7325.64666,G5 V,5767.0,1.1,1.03,Radial Velocity,2022.0,Multiple Observatories,47.7945,Gas Giant
HD 204941 b,HD 204941,10.1,0.903,73.1009,0.23,0.37,,,2.55,1733.0,K1/2V,5026.0,0.78,0.58,Radial Velocity,2011.0,La Silla Observatory,28.7165,Gas Giant
HD 205158 b,HD 205158,13.9,1.24,124.58873554,0.392,0.145,,,0.177,25.33798,,6133.55,1.87741,1.16,Radial Velocity,2022.0,Multiple Observatories,86.6159,Gas Giant
HD 205739 b,HD 205739,13.6,1.21,435.41,1.37,0.27,,,0.896,279.8,F7 V,6176.0,1.33,1.22,Radial Velocity,2008.0,Las Campanas Observatory,92.5087,Gas Giant
HD 206255 b,HD 206255,6.47,0.577,34.2,0.10760469,0.23,,,0.461,96.045,G5 IV/V,5635.0,2.221489,1.42,Radial Velocity,2019.0,Las Campanas Observatory,75.2363,Gas Giant
HD 206610 b,HD 206610,13.4,1.19,647.10188,2.036,0.1,,,1.74,673.2,K0 III,4842.0,6.12,1.55,Radial Velocity,2009.0,W. M. Keck Observatory,147.192,Gas Giant
HD 206893 b,HD 206893,14.01122587,1.25,8899.195396,28.0,0.14,1429.2,,9.6,9350.0,F5 V,6500.0,1.31116,1.32,Imaging,2021.0,Gemini Observatory,40.7583,Gas Giant
HD 206893 c,HD 206893,16.36511182,1.46,4036.4207689,12.7,0.41,1181.9,,3.53,2090.0,F5 V,6500.0,1.31116,1.32,Imaging,2022.0,European Southern Observatory,40.7583,Gas Giant
HD 207496 b,HD 207496,2.25,0.2007319,6.1,0.01919275,0.231,743.0,72.9,0.0629,6.441008,K2.5 V,4819.0,0.769,0.8,Transit,2023.0,Transiting Exoplanet Survey Satellite (TESS),23.606,Super-Earth
HD 20781 b,HD 20781,1.21,0.108,1.93,0.0061,0.1,,,0.0529,5.3135,K0 V,5256.0,0.833609,0.7,Radial Velocity,2019.0,La Silla Observatory,35.9715,Terrestrial
HD 20781 c,HD 20781,2.17,0.193,5.33,0.0168,0.09,,,0.1004,13.8905,K0 V,5256.0,0.833609,0.7,Radial Velocity,2019.0,La Silla Observatory,35.9715,Super-Earth
HD 20781 d,HD 20781,3.25,0.29,10.61,0.0334,0.11,,,0.1647,29.158,K0 V,5256.0,0.833609,0.7,Radial Velocity,2019.0,La Silla Observatory,35.9715,Neptunian
HD 20781 e,HD 20781,3.83,0.342,14.03,0.0442,0.06,,,0.3374,85.5073,K0 V,5256.0,0.833609,0.7,Radial Velocity,2019.0,La Silla Observatory,35.9715,Neptunian
HD 20782 b,HD 20782,13.6,1.21,472.83,1.4878,0.95,,,1.3649,597.0643,G1.5 V,5782.13,1.12681,1.04,Radial Velocity,2006.0,Anglo-Australian Telescope,35.9864,Gas Giant
HD 207832 b,HD 207832,14.2,1.26,177.9848,0.56,0.197,,,0.586,160.07,G5 V,5726.0,0.89,1.05,Radial Velocity,2012.0,W. M. Keck Observatory,58.9291,Gas Giant
HD 207832 c,HD 207832,14.0,1.25,232.0159,0.73,0.27,,,2.112,1155.7,G5 V,5710.0,0.901,0.94,Radial Velocity,2012.0,W. M. Keck Observatory,58.9291,Gas Giant
HD 207897 b,HD 207897,2.34302132,0.20903072,14.8,0.04656601,0.0,581.75,26.5,0.117,16.20166,K0 V,5106.0,0.7827,0.8208,Transit,2021.0,Transiting Exoplanet Survey Satellite (TESS),28.2938,Super-Earth
HD 20794 b,HD 20794,1.45,0.129,2.7,0.0085,0.064,660.0,,0.1257,18.314,G6 V,5368.0,0.93,0.79,Radial Velocity,2011.0,La Silla Observatory,6.00278,Terrestrial
HD 20794 d,HD 20794,2.04,0.182,4.8,0.015,0.077,388.0,,0.3625,89.68,G6 V,5368.0,0.93,0.79,Radial Velocity,2011.0,La Silla Observatory,6.00278,Super-Earth
HD 20794 e,HD 20794,2.03,0.181,4.77,0.01500802,0.29,,,0.509,147.02,G8,5401.0,0.93,0.813,Radial Velocity,2017.0,La Silla Observatory,6.00278,Super-Earth
HD 20794 f,HD 20794,2.28,0.203,5.82,0.01831177,0.45,,,1.3541,647.6,G6 V,5368.0,0.93,0.79,Radial Velocity,2025.0,Multiple Observatories,6.00278,Super-Earth
HD 208487 b,HD 208487,14.3,1.27,146.20106722,0.46,0.37,,,0.53,129.36,G2 V,6134.0,1.16,1.15,Radial Velocity,2004.0,Anglo-Australian Telescope,45.147,Gas Giant
HD 208527 b,HD 208527,12.5,1.11,3146.4,9.9,0.08,,,2.1,875.5,M1 III,4035.0,51.1,1.6,Radial Velocity,2012.0,Bohyunsan Optical Astronomical Observatory,312.202,Gas Giant
HD 20868 b,HD 20868,13.7,1.22,397.2875,1.25,0.75,,,0.95,380.85001,K3/4 IV,4802.0,0.76,0.39,Radial Velocity,2008.0,La Silla Observatory,47.7223,Gas Giant
HD 208897 b,HD 208897,13.7,1.22,379.48711796,1.194,0.02,,,1.063,358.27,K0,4860.0,4.98,1.25,Radial Velocity,2017.0,Multiple Observatories,67.4872,Gas Giant
HD 209458 b,HD 209458,15.58051,1.39,232.0159,0.73,0.0,1459.0,587.098,0.04707,3.52474859,G0 V,6091.0,1.19,1.23,Radial Velocity,1999.0,W. M. Keck Observatory,48.3016,Gas Giant
HD 210193 b,HD 210193,14.3,1.27,153.1,0.48170406,0.24,,,1.487,649.918,G3 V,5790.0,1.05971,1.04,Radial Velocity,2019.0,Las Campanas Observatory,42.2029,Gas Giant
HD 210277 b,HD 210277,13.6,1.22,410.0007,1.29,0.48,,,1.13,442.19,G0 V,5538.0,1.07,1.01,Radial Velocity,1998.0,W. M. Keck Observatory,21.2985,Gas Giant
HD 210702 b,HD 210702,13.6,1.21,481.5100366,1.515,0.071,,,1.079,355.5,K1 IV,4912.0,4.54,1.33,Radial Velocity,2007.0,Lick Observatory,54.1963,Gas Giant
HD 211403 b,HD 211403,12.8,1.14,1760.76937478,5.54,0.084,380.0,3.44,0.768,223.8,F7 V,6273.0,1.206,1.2,Radial Velocity,2021.0,Haute-Provence Observatory,83.0919,Gas Giant
HD 211810 b,HD 211810,14.0,1.25,212.9461,0.67,0.68,,,2.656,1558.0,G5,5652.0,1.13,1.03,Radial Velocity,2018.0,W. M. Keck Observatory,64.6353,Gas Giant
HD 211970 b,HD 211970,3.66,0.327,13.0,0.04090237,0.15,,,0.143,25.201,K7 V,4127.0,0.574175,0.61,Radial Velocity,2019.0,Las Campanas Observatory,13.1277,Neptunian
HD 212301 b,HD 212301,14.2,1.27,162.0933,0.51,0.0,,,0.03,2.24571,F8 V,6239.0,1.16,1.55,Radial Velocity,2005.0,La Silla Observatory,54.2304,Gas Giant
HD 212771 b,HD 212771,13.3,1.18,759.6137,2.39,0.076,,,1.19,380.7,G8 IV,5003.0,5.27,1.56,Radial Velocity,2009.0,W. M. Keck Observatory,111.155,Gas Giant
HD 213240 b,HD 213240,12.8,1.14,1655.88600047,5.21,0.42,,,1.89,882.70001,G0/1 V,5979.0,1.51,1.57,Radial Velocity,2001.0,La Silla Observatory,40.8707,Gas Giant
HD 213472 b,HD 213472,13.1,1.17,1112.3994245,3.5,0.53,,,13.0,17000.0,,5729.54,1.433902,1.048132,Radial Velocity,2021.0,Multiple Observatories,64.4527,Gas Giant
HD 213519 b,HD 213519,2.99,0.267,9.2170238,0.029,0.413,,,0.099,11.12214,,5840.0,1.08287,1.05,Radial Velocity,2022.0,Multiple Observatories,41.0014,Neptunian
HD 213885 b,HD 213885,1.745,0.15567847,8.83,0.02778215,0.0,2128.0,1882.94,0.02012,1.008035,G,5978.0,1.1011,1.068,Transit,2019.0,Transiting Exoplanet Survey Satellite (TESS),48.0883,Super-Earth
HD 213885 c,HD 213885,4.71,0.42,19.95,0.06276941,0.0,1265.4,,0.056798,4.78503,G,5978.0,1.1011,1.068,Radial Velocity,2019.0,Multiple Observatories,48.0883,Neptunian
HD 21411 b,HD 21411,9.52,0.85,65.9,0.20734355,0.4,,,0.362,84.288,G8 V,5605.0,0.825605,0.89,Radial Velocity,2019.0,Las Campanas Observatory,29.1328,Gas Giant
HD 214823 b,HD 214823,12.1,1.08,5914.78665427,18.61,0.161,,,3.08,1854.84424,G0,6215.0,2.04,1.115,Radial Velocity,2016.0,Haute-Provence Observatory,101.368,Gas Giant
HD 21520 b,HD 21520,2.697,0.24061064,17.7,0.05569043,0.0,637.0,25.7431,0.1726,25.1292,,5871.0,1.044,1.09,Transit,2024.0,Transiting Exoplanet Survey Satellite (TESS),79.208,Neptunian
HD 215497 c,HD 215497,13.0,1.16,111.23994245,0.35,0.47,,,1.31,566.0,K3 V,5113.0,0.85,0.92,Radial Velocity,2009.0,La Silla Observatory,40.5468,Gas Giant
HD 216435 b,HD 216435,13.7,1.22,400.4,1.26,0.07,,,2.56,1311.0,G0 V,5999.0,1.800029,1.3,Radial Velocity,2002.0,Anglo-Australian Telescope,32.9834,Gas Giant
HD 216437 b,HD 216437,13.0,1.16,1334.8793094,4.2,0.31,,,2.57,1359.0,G1 V,5909.0,1.394,1.22,Radial Velocity,2002.0,Anglo-Australian Telescope,26.6902,Gas Giant
HD 216520 b,HD 216520,3.18,0.284,10.26,0.03228141,0.09,,,0.198,35.45,K2,5103.0,0.76,0.82,Radial Velocity,2020.0,Multiple Observatories,19.552,Neptunian
HD 216520 c,HD 216520,3.03,0.271,9.44,0.02970141,0.12,,,0.528,154.43,K2,5103.0,0.76,0.82,Radial Velocity,2020.0,Multiple Observatories,19.552,Neptunian
HD 216536 b,HD 216536,13.8,1.23,333.7215,1.05,0.38,,,0.61,148.60001,K0,4639.0,9.83,0.81,Radial Velocity,2015.0,McDonald Observatory,376.233,Gas Giant
HD 216770 b,HD 216770,14.1,1.26,181.1631,0.57,0.37,,,0.46,118.45,G9 V CN+1,5399.0,0.93,0.74,Radial Velocity,2003.0,La Silla Observatory,36.6625,Gas Giant
HD 21693 b,HD 21693,2.8,0.25,8.23,0.0259,0.12,,,0.1455,22.6786,G8 V,5430.0,0.914378,0.8,Radial Velocity,2019.0,La Silla Observatory,33.255,Neptunian
HD 21693 c,HD 21693,4.34,0.387,17.37,0.0547,0.07,,,0.2586,53.7357,G8 V,5430.0,0.914378,0.8,Radial Velocity,2019.0,La Silla Observatory,33.255,Neptunian
HD 217107 b,HD 217107,13.6,1.21,459.57987652,1.446,0.1284,,,0.07359,7.1270166,G,5622.0,1.2245,1.045,Radial Velocity,1998.0,Lick Observatory,20.0619,Gas Giant
HD 217107 c,HD 217107,12.9,1.15,1388.91013859,4.37,0.3918,,,5.922,5138.7,G,5622.0,1.2245,1.045,Radial Velocity,2005.0,Lick Observatory,20.0619,Gas Giant
HD 21749 c,GJ 143,0.892,0.07957891,3.7,0.01164144,,701.0,144.765,0.0695,7.78993,K4.5,4640.0,0.695,0.73,Transit,2019.0,Transiting Exoplanet Survey Satellite (TESS),16.32,Terrestrial
HD 217786 b,HD 217786,12.3,1.1,4402.55909376,13.852,0.311,,,2.446,1301.36009,F8 V,5966.0,1.27,1.14,Radial Velocity,2011.0,La Silla Observatory,55.4847,Gas Giant
HD 217786 c,HD 217786,2.61,0.233,7.31005336,0.023,0.399,,,0.038,2.52221,F8 V,5966.0,1.27,1.14,Radial Velocity,2022.0,Multiple Observatories,55.4847,Neptunian
HD 217958 b,HD 217958,14.2,1.27,166.54208527,0.524,0.156,,,3.758,2560.19774,,5930.64,1.32619,1.08,Radial Velocity,2022.0,Multiple Observatories,61.7957,Gas Giant
HD 218566 b,HD 218566,9.32,0.832,63.566,0.2,0.3,,,0.69,225.7,K3V,4730.0,0.85,0.76,Radial Velocity,2010.0,W. M. Keck Observatory,28.8274,Gas Giant
HD 219077 b,HD 219077,12.5,1.11,3057.50927534,9.62,0.768,,,5.935,5478.68861,G8 V+,5362.0,1.91,0.92,Radial Velocity,2012.0,La Silla Observatory,29.1864,Gas Giant
HD 219134 b,HD 219134,1.602,0.14292087,4.74,0.01491363,0.0,1015.0,176.2,0.03876,3.092926,K3 V,4699.0,0.778,0.81,Radial Velocity,2015.0,Roque de los Muchachos Observatory,6.53127,Super-Earth
HD 219134 c,HD 219134,1.511,0.13480239,4.36,0.01371803,0.062,782.0,62.1,0.0653,6.76458,K3 V,4699.0,0.778,0.81,Radial Velocity,2015.0,Roque de los Muchachos Observatory,6.53127,Super-Earth
HD 219134 d,HD 219134,1.61,0.14363458,16.17,0.05087625,0.138,410.5,4.72,0.237,46.859,K3 V,4699.0,0.778,0.81,Radial Velocity,2015.0,Roque de los Muchachos Observatory,6.53127,Super-Earth
HD 219134 f,HD 219134,1.31,0.11687037,7.3,0.02296825,0.148,522.6,12.38,0.1463,22.717,K3 V,4699.0,0.778,0.81,Radial Velocity,2015.0,Multiple Observatories,6.53127,Terrestrial
HD 219134 g,HD 219134,3.28,0.293,10.80622,0.034,0.0,,,0.3753,94.2,K3 V,4913.0,0.77,0.794,Radial Velocity,2015.0,Multiple Observatories,6.53127,Neptunian
HD 219134 h,HD 219134,12.7,1.14,108.0622,0.34,0.06,,,3.11,2247.0,K3 V,4913.0,0.77,0.794,Radial Velocity,2015.0,Roque de los Muchachos Observatory,6.53127,Gas Giant
HD 219139 b,HD 219139,14.0,1.24,247.90615746,0.78,0.11,,,0.94,275.5,G5 III,4831.0,11.22,1.46,Radial Velocity,2021.0,Okayama Astrophysical Observatory,104.935,Gas Giant
HD 219415 b,HD 219415,13.8,1.23,317.83,1.0,0.4,,,3.2,2093.3,K0 III,4820.0,2.9,1.0,Radial Velocity,2012.0,McDonald Observatory,165.184,Gas Giant
HD 219666 b,HD 219666,4.898,0.437,17.6,0.055,0.05,1076.0,64.2648,0.06356,6.034468,G5 V,5540.0,1.059,1.02,Transit,2018.0,Transiting Exoplanet Survey Satellite (TESS),94.1719,Neptunian
HD 219828 b,HD 219828,4.59,0.409,19.06970442,0.06,0.091,,,0.049,3.83483,G0 IV,5891.0,1.56,1.04,Radial Velocity,2007.0,La Silla Observatory,73.114,Neptunian
HD 219828 c,HD 219828,12.2,1.09,5102.41724598,16.054,0.811,,,5.657,4789.87297,G0 IV,5891.0,1.56,1.04,Radial Velocity,2016.0,Multiple Facilities,73.114,Gas Giant
HD 220074 b,HD 220074,12.2,1.09,5288.6912,16.64,0.14,,,1.6,672.09998,M2 III,3787.0,54.92,2.2,Radial Velocity,2012.0,Bohyunsan Optical Astronomical Observatory,324.54,Gas Giant
HD 220197 b,HD 220197,9.32,0.832,63.566,0.2,0.187,,,2.729,1728.0,G5,5683.0,0.98,0.91,Radial Velocity,2018.0,Roque de los Muchachos Observatory,64.411,Gas Giant
HD 220689 b,HD 220689,13.7,1.22,381.3940884,1.2,0.054,,,3.396,2266.4,G3 V,5921.0,1.068,1.016,Radial Velocity,2012.0,La Silla Observatory,46.8778,Gas Giant
HD 220773 b,HD 220773,13.6,1.21,460.8,1.45,0.51,,,4.94,3724.7,F9,5940.0,1.679696,1.16,Radial Velocity,2011.0,McDonald Observatory,50.5103,Gas Giant
HD 220842 b,HD 220842,13.1,1.17,1010.6994,3.18,0.404,,,0.74,218.47,F8,5960.0,1.41647,1.13,Radial Velocity,2016.0,Haute-Provence Observatory,64.6498,Gas Giant
HD 221287 b,HD 221287,13.1,1.17,982.05,3.09,0.08,,,1.25,456.1,F7 V,6304.0,1.13864,1.25,Radial Velocity,2007.0,La Silla Observatory,55.9231,Gas Giant
HD 221416 b,HD 221416,9.17,0.836,60.5,0.19,0.115,1314.67,495.9065,0.1228,14.2767,K0 IV/V,5080.0,2.943,1.212,Transit,2019.0,Transiting Exoplanet Survey Satellite (TESS),95.5483,Gas Giant
HD 221420 b,HD 221420,12.0,1.07,7278.2705203,22.9,0.14,,,10.15,10090.0,G2 IV-V,5847.0,1.947,1.351,Radial Velocity,2019.0,Anglo-Australian Telescope,31.1415,Gas Giant
HD 221585 b,HD 221585,13.5,1.21,511.7063,1.61,0.123,,,2.306,1173.0,G8 IV,5620.0,1.850575,1.19,Radial Velocity,2016.0,Haute-Provence Observatory,55.8535,Gas Giant
HD 222076 b,HD 222076,13.5,1.21,495.8148,1.56,0.08,,,1.83,871.0,K0 III,4806.0,4.1,1.07,Radial Velocity,2016.0,Multiple Observatories,91.1538,Gas Giant
HD 222155 b,HD 222155,13.4,1.2,581.62598481,1.83,0.16,,,5.14,3999.0,G2 V,5701.0,1.85,1.21,Radial Velocity,2011.0,Haute-Provence Observatory,50.6078,Gas Giant
HD 222237 b,HD 222237,12.8,1.15,1649.52943233,5.19,0.56,,,10.8,14892.0,K3 V,4751.0,0.71,0.76,Radial Velocity,2024.0,Multiple Observatories,11.4469,Gas Giant
HD 222582 b,HD 222582,12.6,1.12,2660.2371,8.37,0.73,,,1.34,572.38,G5 V,5790.0,1.13,1.12,Radial Velocity,1999.0,W. M. Keck Observatory,42.1586,Gas Giant
HD 224018 b,HD 224018,0.91,0.0811849,4.1,0.01290004,0.06,968.0,,0.0952,10.6413,G V,5784.0,1.147,1.013,Radial Velocity,2025.0,Roque de los Muchachos Observatory,105.48,Terrestrial
HD 224018 c,HD 224018,2.42,0.21589831,10.4,0.03272206,0.02,641.0,,0.217,36.57669,G V,5784.0,1.147,1.013,Transit,2025.0,K2,105.48,Super-Earth
HD 224018 d,HD 224018,2.4,0.21411403,4.2,0.01321468,0.04,411.0,,0.53,138.0731,G V,5784.0,1.147,1.013,Transit,2025.0,K2,105.48,Super-Earth
HD 224538 b,HD 224538,12.7,1.13,2075.73732612,6.531,0.476,,,2.375,1202.05199,F8/G0 IV/V,6097.0,1.54,1.23,Radial Velocity,2016.0,Multiple Observatories,79.0608,Gas Giant
HD 224693 b,HD 224693,14.0,1.25,222.481,0.7,0.104,,,0.191,26.6904,G2 V,5894.0,1.93,1.31,Radial Velocity,2006.0,W. M. Keck Observatory,93.5015,Gas Giant
HD 22496 b,HD 22496,2.22,0.198,5.57,0.01752518,,573.0,26.0,0.051,5.09071,K5/M0V,4385.0,0.674,0.684,Radial Velocity,2021.0,Paranal Observatory,13.5956,Super-Earth
HD 22532 b,HD 22532,13.4,1.19,673.79622284,2.12,0.03,,,1.9,872.6,G8 III/IV,5038.0,5.69,1.57,Radial Velocity,2022.0,La Silla Observatory,161.183,Gas Giant
HD 22781 b,HD 22781,12.3,1.1,4338.2,13.65,0.8191,,,1.167,528.07,K1,5027.0,0.743475,0.75,Radial Velocity,2011.0,Haute-Provence Observatory,32.6034,Gas Giant
HD 22946 d,HD 22946,2.607,0.23258136,26.57,0.08359857,,546.0,18.561,0.2958,47.42489,F7/F8V,6169.0,1.117,1.098,Transit,2023.0,Transiting Exoplanet Survey Satellite (TESS),62.7792,Neptunian
HD 23079 b,HD 23079,13.2,1.18,845.42356262,2.66,0.07348,,,1.6,735.74,F9.5 V,5994.0,1.08,1.16,Radial Velocity,2001.0,Anglo-Australian Telescope,33.4591,Gas Giant
HD 23127 b,HD 23127,13.5,1.21,485.32641,1.527,0.406,,,2.37,1211.17,G2 V,5843.0,1.49,1.208,Radial Velocity,2006.0,Anglo-Australian Telescope,93.8555,Gas Giant
HD 231701 b,HD 231701,13.7,1.22,359.1479,1.13,0.13,,,0.567,141.63,F8 V,6101.0,1.53,1.21,Radial Velocity,2007.0,W. M. Keck Observatory,108.877,Gas Giant
HD 233604 b,HD 233604,12.7,1.13,2089.644,6.575,0.05,,,0.747,192.0,K5,4791.0,10.9,1.5,Radial Velocity,2013.0,McDonald Observatory,847.058,Gas Giant
HD 233832 b,HD 233832,13.5,1.2,565.7374,1.78,0.359,,,2.827,2058.0,G0,4981.0,0.68,0.71,Radial Velocity,2018.0,Roque de los Muchachos Observatory,58.742,Gas Giant
HD 23472 b,HD 23472,2.0,0.17842836,8.32,0.02617765,0.072,543.0,16.0,0.1162,17.667087,K4 V,4684.0,0.71,0.67,Transit,2019.0,Transiting Exoplanet Survey Satellite (TESS),39.0341,Super-Earth
HD 23472 c,HD 23472,1.87,0.16683051,3.41,0.01072906,0.063,467.0,7.96,0.1646,29.79749,K4 V,4684.0,0.71,0.67,Transit,2019.0,Transiting Exoplanet Survey Satellite (TESS),39.0341,Super-Earth
HD 23472 d,HD 23472,0.75,0.06691063,0.55,0.00173049,0.07,909.0,117.0,0.04298,3.97664,K4 V,4684.0,0.71,0.67,Transit,2022.0,Transiting Exoplanet Survey Satellite (TESS),39.0341,Terrestrial
HD 23472 e,HD 23472,0.818,0.0729772,0.72,0.00226537,0.07,723.0,46.7,0.068,7.90754,K4 V,4684.0,0.71,0.67,Transit,2022.0,Transiting Exoplanet Survey Satellite (TESS),39.0341,Terrestrial
HD 23472 f,HD 23472,1.137,0.10143652,0.77,0.00242269,0.07,630.0,26.3,0.0906,12.1621839,K4 V,4684.0,0.71,0.67,Transit,2022.0,Transiting Exoplanet Survey Satellite (TESS),39.0341,Terrestrial
HD 235088 b,HD 235088,1.982,0.1768225,4.15,0.01305736,0.0,805.0,70.0,0.0706,7.4341325,K V,5075.0,0.772,0.849,Transit,2023.0,Transiting Exoplanet Survey Satellite (TESS),41.1706,Super-Earth
HD 23596 b,HD 23596,12.4,1.1,3786.607641,11.914,0.282,,,2.694,1535.11912,F8,6040.0,1.53,1.1,Radial Velocity,2003.0,Haute-Provence Observatory,52.0018,Gas Giant
HD 238090 b,HD 238090,2.52,0.225,6.89,0.02167826,0.3,469.6,8.1,0.0932,13.671,M0.0 V,3933.0,0.57,0.578,Radial Velocity,2020.0,Multiple Observatories,15.2354,Neptunian
HD 238914 b,HD 238914,12.8,1.14,1906.98,6.0,0.56,,,5.7,4100.0,K7,4769.0,12.73,1.47,Radial Velocity,2018.0,Multiple Observatories,519.452,Gas Giant
HD 240210 b,HD 240210,12.8,1.14,1655.82,5.21,0.15,,,1.16,501.75,K3 III,4297.0,25.456816,0.82,Radial Velocity,2009.0,McDonald Observatory,372.405,Gas Giant
HD 240237 b,HD 240237,12.2,1.09,5050.3187,15.89,0.4,,,1.92,745.70001,K2 III,3926.0,71.23,8.76,Radial Velocity,2011.0,McDonald Observatory,933.377,Gas Giant
HD 24040 b,HD 24040,12.9,1.15,1589.142035,5.0,0.04,,,4.92,3668.0,G0 V,5802.0,1.3,1.11,Radial Velocity,2006.0,W. M. Keck Observatory,46.6224,Gas Giant
HD 24040 c,HD 24040,9.35,0.834,63.88350981,0.201,0.11,,,1.3,515.4,G0 V,5776.49,1.387296,1.10394,Radial Velocity,2021.0,Multiple Observatories,46.6224,Gas Giant
HD 24064 b,HD 24064,12.3,1.1,4096.8287,12.89,0.35,,,1.29,535.59998,K0,4052.0,40.0,1.61,Radial Velocity,2015.0,Bohyunsan Optical Astronomical Observatory,300.247,Gas Giant
HD 24085 b,HD 24085,3.46,0.309,11.8,0.03712677,0.22,,,0.034,2.0455,G0 V,6034.0,1.412551,1.22,Radial Velocity,2019.0,Las Campanas Observatory,54.9004,Neptunian
HD 25015 b,HD 25015,12.5,1.12,2884.92845034,9.077,0.341,,,6.248,6134.427,K2 V,5160.0,0.83,0.86,Radial Velocity,2019.0,La Silla Observatory,37.433,Gas Giant
HD 25171 b,HD 25171,13.9,1.24,290.81445,0.915,0.042,,,2.971,1802.29,F8 V,6125.0,1.23,1.076,Radial Velocity,2010.0,La Silla Observatory,55.6146,Gas Giant
HD 25463 b,HD 25463,2.54535814,0.22708203,8.7,0.02737326,0.0,1198.46,461.4,0.076,7.0491423,,6353.0,1.4182,1.251,Transit,2023.0,Transiting Exoplanet Survey Satellite (TESS),45.6181,Neptunian
HD 25463 c,HD 25463,1.36354953,0.12164795,4.3,0.01352931,0.0,1585.57,1413.5,0.0443,3.04405,,6353.0,1.4182,1.251,Transit,2023.0,Transiting Exoplanet Survey Satellite (TESS),45.6181,Terrestrial
HD 25723 b,HD 25723,13.3,1.18,794.5710175,2.5,0.04,,,1.49,457.01,K1 III,4766.0,13.76,2.12,Radial Velocity,2020.0,Lick Observatory,114.816,Gas Giant
HD 25912 b,HD 25912,6.9,0.616,38.13940884,0.12,0.05,,,0.242,41.83156,,5920.58,0.995896,1.08,Radial Velocity,2022.0,Multiple Observatories,49.1661,Gas Giant
HD 25912 c,HD 25912,12.2,1.09,5252.75008249,16.527,0.051,,,17.848,26308.65619,,5920.58,0.995896,1.08,Radial Velocity,2022.0,Multiple Observatories,49.1661,Gas Giant
HD 260655 b,HD 260655,1.24,0.11062558,2.14,0.00673319,0.039,709.0,42.2,0.02933,2.76953,M0 V,3803.0,0.439,0.439,Transit,2022.0,Transiting Exoplanet Survey Satellite (TESS),10.0055,Terrestrial
HD 260655 c,HD 260655,1.533,0.13676533,3.09,0.00972223,0.038,557.0,16.1,0.04749,5.70588,M0 V,3803.0,0.439,0.439,Transit,2022.0,Transiting Exoplanet Survey Satellite (TESS),10.0055,Super-Earth
HD 26161 b,HD 26161,11.9,1.06,9045.39646322,28.46,0.922,,,10.087,10942.29013,,6057.62,1.455981,1.12,Radial Velocity,2021.0,Multiple Observatories,40.9128,Gas Giant
HD 2638 b,HD 2638,14.3,1.28,133.4886,0.42,0.0,,,0.04,3.4442,K1 V,5186.0,0.94,0.77,Radial Velocity,2005.0,La Silla Observatory,54.9621,Gas Giant
HD 2685 b,HD 2685,16.14096,1.44,371.8611,1.17,0.091,2061.0,1436.49,0.0568,4.12688,,6801.0,1.56,1.43,Transit,2019.0,Transiting Exoplanet Survey Satellite (TESS),196.852,Gas Giant
HD 27442 b,HD 27442,13.5,1.21,495.8,1.56,0.06,,,1.271,428.1,K1/2III,4846.0,3.18,1.23,Radial Velocity,2000.0,Anglo-Australian Telescope,18.2704,Gas Giant
HD 27631 b,HD 27631,13.5,1.21,495.81231492,1.56,0.141,,,3.242,2198.14,G3 IV/V,5737.0,0.923,0.944,Radial Velocity,2012.0,La Silla Observatory,50.2862,Gas Giant
HD 27894 b,HD 27894,14.1,1.26,196.73578393,0.619,0.047,,,0.125,18.01939,K2 V,4875.0,0.891767,0.81,Radial Velocity,2005.0,La Silla Observatory,43.8214,Gas Giant
HD 27894 c,HD 27894,8.24,0.735,51.48846,0.162,0.015,,,0.198,36.07,K2 V,4875.0,0.891767,0.8,Radial Velocity,2017.0,La Silla Observatory,43.8214,Gas Giant
HD 27894 d,HD 27894,12.7,1.13,2063.65984665,6.493,0.343,,,5.362,5019.54244,K2 V,4875.0,0.891767,0.81,Radial Velocity,2017.0,La Silla Observatory,43.8214,Gas Giant
HD 27969 b,HD 27969,12.9,1.15,1525.5763536,4.8,0.182,261.0,0.76,1.552,654.5,G0 V,5966.0,1.27,1.16,Radial Velocity,2021.0,Haute-Provence Observatory,67.9328,Gas Giant
HD 28109 b,HD 28109,2.69,0.23998614,6.2,0.01950738,0.0071,867.0,98.7475,0.1357,22.891054,F8,6189.0,1.425,1.227,Transit,2022.0,Transiting Exoplanet Survey Satellite (TESS),139.611,Neptunian
HD 28109 c,HD 28109,4.13,0.36845456,9.2,0.02894644,0.0039,643.0,29.9535,0.308,55.99712,F8,6189.0,1.425,1.227,Transit,2022.0,Transiting Exoplanet Survey Satellite (TESS),139.611,Neptunian
HD 28109 d,HD 28109,3.11,0.27745609,5.8,0.01824884,0.0054,561.0,17.3745,0.411,84.2899,F8,6189.0,1.425,1.227,Transit,2022.0,Transiting Exoplanet Survey Satellite (TESS),139.611,Neptunian
HD 28185 b,HD 28185,12.8,1.14,1859.29618095,5.85,0.063,,,1.034,385.92,G5,5602.0,1.048,0.974,Radial Velocity,2001.0,La Silla Observatory,39.3809,Gas Giant
HD 28185 c,HD 28185,12.8,1.14,1906.970442,6.0,0.15,,,8.5,9090.0,G5,5602.0,1.048,0.974,Radial Velocity,2022.0,Multiple Observatories,39.3809,Gas Giant
HD 28192 b,HD 28192,12.2,1.08,99.7981198,0.314,0.104,,,0.118,14.23283,,5919.87,1.07094,1.08,Radial Velocity,2022.0,Multiple Observatories,49.8063,Gas Giant
HD 28254 b,HD 28254,13.0,1.16,1207.7479466,3.8,0.95,,,2.45,1333.0,G5 V,5664.0,1.48,1.1,Radial Velocity,2010.0,La Silla Observatory,55.2884,Gas Giant
HD 284149 AB b,HD 284149 A,12.0,1.07,8352.53053596,26.28,,2395.0,,431.16,,,6035.0,1.36,1.13,Imaging,2017.0,Paranal Observatory,117.807,Gas Giant
HD 28471 b,HD 28471,1.75,0.156,3.72,0.01170443,0.195,1377.0,,0.042,3.1649,G5 V,5766.0,1.08,0.98,Radial Velocity,2025.0,La Silla Observatory,43.6455,Super-Earth
HD 28471 c,HD 28471,2.26,0.201,5.72,0.01799713,0.088,1066.0,,0.065,6.1245,G5 V,5766.0,1.08,0.98,Radial Velocity,2025.0,La Silla Observatory,43.6455,Super-Earth
HD 28471 d,HD 28471,2.06,0.184,4.91,0.01544859,0.093,945.0,,0.1,11.681,G5 V,5766.0,1.08,0.98,Radial Velocity,2025.0,La Silla Observatory,43.6455,Super-Earth
HD 285507 b,HD 285507,13.8,1.23,311.4734,0.98,0.09,,,0.06,6.0881,K4.5 V,4503.0,0.69,0.82,Radial Velocity,2013.0,Fred Lawrence Whipple Observatory,45.0293,Gas Giant
HD 285968 b,HD 285968,2.83,0.253,8.4,0.026,0.0,450.0,,0.066,8.7836,M2 V,3703.49,0.478214,0.5,Radial Velocity,2008.0,La Silla Observatory,9.47045,Neptunian
HD 28678 b,HD 28678,13.5,1.21,490.09386,1.542,0.149,,,1.18,380.2,G8 IV,4972.0,6.48,1.53,Radial Velocity,2011.0,W. M. Keck Observatory,189.908,Gas Giant
HD 29021 b,HD 29021,12.9,1.15,1420.69297929,4.47,0.453,,,2.294,1365.0,G5,5560.0,0.85,0.86,Radial Velocity,2017.0,Haute-Provence Observatory,30.9939,Gas Giant
HD 290327 b,HD 290327,13.3,1.18,772.3269,2.43,0.08,,,3.43,2443.0,G8 V,5505.0,0.95,0.84,Radial Velocity,2009.0,La Silla Observatory,56.433,Gas Giant
HD 29399 b,HD 29399,13.5,1.21,498.99059899,1.57,0.05,,,1.913,892.7,K1 III,4845.0,4.5,1.17,Radial Velocity,2022.0,La Silla Observatory,44.1518,Gas Giant
HD 2952 b,HD 2952,13.9,1.24,284.77425267,0.896,0.269,,,1.117,312.08,K0 III,4853.0,10.9,1.91,Radial Velocity,2013.0,Okayama Astrophysical Observatory,110.103,Gas Giant
HD 29985 b,HD 29985,12.8,1.14,1739.47487151,5.473,0.261,,,13.39,20608.14049,,4678.0,0.574666,0.75,Radial Velocity,2022.0,Multiple Observatories,31.2707,Gas Giant
HD 30177 b,HD 30177,12.6,1.12,2670.71210402,8.403,0.207,,,3.604,2514.53422,G8 V,5580.0,1.019,0.98,Radial Velocity,2002.0,Anglo-Australian Telescope,55.5867,Gas Giant
HD 30177 c,HD 30177,12.7,1.14,1954.64470305,6.15,0.039,,,10.258,12085.45186,G8 V,5580.0,1.019,0.98,Radial Velocity,2016.0,Multiple Observatories,55.5867,Gas Giant
HD 30562 b,HD 30562,13.6,1.21,467.20775829,1.47,0.76,,,2.34,1157.0,G2 IV,5882.0,1.61,1.12,Radial Velocity,2009.0,Lick Observatory,26.1597,Gas Giant
HD 30669 b,HD 30669,14.3,1.27,149.37,0.47,0.18,,,2.69,1684.0,G9 V,5400.0,0.91,0.92,Radial Velocity,2014.0,La Silla Observatory,58.0844,Gas Giant
HD 30856 b,HD 30856,13.5,1.21,491.68301,1.547,0.061,,,1.85,847.0,K0 III,4895.0,4.4,1.17,Radial Velocity,2011.0,W. M. Keck Observatory,131.199,Gas Giant
HD 31253 b,HD 31253,14.1,1.26,197.0546,0.62,0.3,,,1.26,466.0,F8,6130.0,1.75,1.7,Radial Velocity,2010.0,W. M. Keck Observatory,58.1438,Gas Giant
HD 31527 b,HD 31527,3.22,0.288,10.47,0.0329,0.1,,,0.1254,16.5535,G2 V,5898.0,1.073694,0.96,Radial Velocity,2019.0,La Silla Observatory,38.4473,Neptunian
HD 31527 c,HD 31527,3.85,0.343,14.16,0.0445,0.04,,,0.2663,51.2053,G2 V,5898.0,1.073694,0.96,Radial Velocity,2019.0,La Silla Observatory,38.4473,Neptunian
HD 31527 d,HD 31527,3.46,0.309,11.82,0.0372,0.24,,,0.8098,271.6737,G2 V,5898.0,1.073694,0.96,Radial Velocity,2019.0,La Silla Observatory,38.4473,Neptunian
HD 3167 b,HD 3167,1.67,0.14898768,4.97,0.01563737,0.0,1774.0,1650.0,0.01796,0.959641,K0 V,5261.0,0.88,0.837,Transit,2016.0,K2,47.2899,Super-Earth
HD 3167 c,HD 3167,3.0,0.26764253,11.13,0.0350189,0.06,564.0,16.9,0.1776,29.8454,K0 V,5261.0,0.88,0.837,Transit,2016.0,K2,47.2899,Neptunian
HD 3167 d,HD 3167,1.92,0.171,4.33,0.0136237,0.12,859.5,88.9,0.0763,8.4112,K0 V,5261.0,0.88,0.837,Radial Velocity,2017.0,Multiple Observatories,47.2899,Super-Earth
HD 3167 e,HD 3167,2.83,0.253,8.41,0.02646082,0.15,374.8,,0.3885,96.63,K0 V,5261.0,0.88,0.837,Radial Velocity,2022.0,CHaracterising ExOPlanets Satellite (CHEOPS),47.2899,Neptunian
HD 32518 b,HD 32518,13.2,1.18,905.49313154,2.849,0.028,,,0.594,157.35,K1 III,4580.0,10.22,1.13,Radial Velocity,2009.0,Thueringer Landessternwarte Tautenburg,122.115,Gas Giant
HD 32963 b,HD 32963,13.4,1.19,657.90480249,2.07,0.07,,,3.41,2372.0,G5 IV,5727.0,1.111044,0.94,Radial Velocity,2015.0,W. M. Keck Observatory,38.0786,Gas Giant
HD 330075 b,HD 330075,14.3,1.27,152.5584,0.48,0.0,990.0,,0.04,3.38773,K1,5000.0,0.84,0.47,Radial Velocity,2004.0,La Silla Observatory,45.2989,Gas Giant
HD 331093 b,HD 331093,13.6,1.21,476.7426105,1.5,0.59,,,1.44,621.62,K0,5544.0,1.1112,1.03,Radial Velocity,2021.0,Haute-Provence Observatory,50.1928,Gas Giant
HD 33142 b,HD 33142,13.7,1.22,400.46379282,1.26,0.049,,,1.074,330.0,K0 III,5025.4,4.17,1.52,Radial Velocity,2011.0,W. M. Keck Observatory,121.375,Gas Giant
HD 33142 c,HD 33142,13.9,1.24,282.86728223,0.89,0.081,,,1.955,810.2,K0 III,5025.4,4.17,1.52,Radial Velocity,2018.0,W. M. Keck Observatory,121.375,Gas Giant
HD 33142 d,HD 33142,9.32,0.832,63.5656814,0.2,0.191,,,0.452,89.9,K0 III,5025.4,4.17,1.52,Radial Velocity,2022.0,Multiple Observatories,121.375,Gas Giant
HD 332231 b,HD 332231,9.07303305,0.80944319,74.1,0.23314467,0.0,798.3,98.09,0.145,18.712024,F8,6128.0,1.266,1.1642,Transit,2020.0,Transiting Exoplanet Survey Satellite (TESS),80.6665,Gas Giant
HD 33283 b,HD 33283,12.5,1.12,104.56607,0.329,0.399,,,0.1508,18.1991,G3/G5 V,5935.0,1.97,1.38,Radial Velocity,2006.0,W. M. Keck Observatory,89.8623,Gas Giant
HD 33564 b,HD 33564,12.5,1.12,2892.1,9.1,0.34,,,1.1,388.0,F6 V,6250.0,1.4367,1.25,Radial Velocity,2005.0,Haute-Provence Observatory,20.9531,Gas Giant
HD 33844 b,HD 33844,13.4,1.19,638.8383,2.01,0.15,,,1.6,551.40002,K0 III,4861.0,5.39,1.84,Radial Velocity,2015.0,Anglo-Australian Telescope,105.779,Gas Giant
HD 33844 c,HD 33844,13.5,1.2,556.2025,1.75,0.13,,,2.24,916.0,K0 III,4861.0,5.29,1.78,Radial Velocity,2015.0,Anglo-Australian Telescope,105.779,Gas Giant
HD 34445 b,HD 34445,13.9,1.24,260.6206,0.82,0.27,,,2.07,1049.0,G0 V,5879.0,1.38,1.14,Radial Velocity,2009.0,W. M. Keck Observatory,46.0907,Gas Giant
HD 34445 c,HD 34445,8.42,0.752,53.5,0.168,0.036,,,0.7181,214.67,G0 V,5836.0,1.38,1.07,Radial Velocity,2017.0,Multiple Observatories,46.0907,Gas Giant
HD 34445 d,HD 34445,6.07,0.542,30.7,0.097,0.027,,,0.4817,117.87,G0 V,5836.0,1.38,1.07,Radial Velocity,2017.0,Multiple Observatories,46.0907,Gas Giant
HD 34445 e,HD 34445,4.26,0.38,16.8,0.0529,0.09,,,0.2687,49.175,G0 V,5836.0,1.38,1.07,Radial Velocity,2017.0,Multiple Observatories,46.0907,Neptunian
HD 34445 f,HD 34445,6.88,0.613,37.9,0.119,0.031,,,1.543,676.8,G0 V,5836.0,1.38,1.07,Radial Velocity,2017.0,Multiple Observatories,46.0907,Gas Giant
HD 34445 g,HD 34445,13.6,1.21,120.6,0.38,0.032,,,6.36,5700.0,G0 V,5836.0,1.38,1.07,Radial Velocity,2017.0,Multiple Observatories,46.0907,Gas Giant
HD 35759 b,HD 35759,13.0,1.16,1195.0408,3.76,0.389,,,0.389,82.467,G0,6060.0,1.759974,1.15,Radial Velocity,2016.0,Haute-Provence Observatory,71.2423,Gas Giant
HD 35843 b,HD 35843,2.29,0.204,5.84,0.01837469,0.0,,,0.088,9.8991,,5666.0,0.897,0.94,Radial Velocity,2025.0,Paranal Observatory,69.6026,Super-Earth
HD 35843 c,HD 35843,2.54,0.22660401,11.32,0.0356167,0.153,479.0,11.3814,0.25,46.9622,,5666.0,0.897,0.94,Transit,2025.0,Transiting Exoplanet Survey Satellite (TESS),69.6026,Neptunian
HD 360 b,HD 360,14.0,1.25,238.37130525,0.75,0.139,,,0.98,273.1,G8 III,4770.0,10.86,1.69,Radial Velocity,2021.0,Okayama Astrophysical Observatory,111.542,Gas Giant
HD 36384 b,HD 36384,12.7,1.13,2097.6674862,6.6,0.2,,,1.3,490.0,M0 III,3940.0,38.4,1.14,Radial Velocity,2023.0,Bohyunsan Optical Astronomical Observatory,209.309,Gas Giant
HD 3651 b,HD 3651,10.1,0.899,72.46524,0.228,0.645,,,0.295,62.25,K0 V,5221.0,0.871954,0.799,Radial Velocity,2003.0,Multiple Observatories,11.1336,Gas Giant
HD 37124 b,HD 37124,14.0,1.25,214.53525,0.675,0.054,,,0.53364,154.378,G4 V,5698.64,0.949168,0.85,Radial Velocity,2002.0,W. M. Keck Observatory,31.6634,Gas Giant
HD 37124 c,HD 37124,14.1,1.25,207.22516,0.652,0.125,,,1.71,885.5,G4 V,5698.64,0.949168,0.85,Radial Velocity,2002.0,W. M. Keck Observatory,31.6634,Gas Giant
HD 37124 d,HD 37124,14.0,1.25,221.20968,0.696,0.16,,,2.807,1862.0,G4 V,5698.64,0.949168,0.85,Radial Velocity,2005.0,W. M. Keck Observatory,31.6634,Gas Giant
HD 37605 b,HD 37605,13.2,1.18,854.9627,2.69,0.6745,,,0.277,55.01292,K0,5329.0,0.91,0.94,Radial Velocity,2004.0,McDonald Observatory,46.7864,Gas Giant
HD 37605 c,HD 37605,13.1,1.17,1013.8777,3.19,0.03,,,3.74,2720.0,K0,5329.0,0.91,0.94,Radial Velocity,2012.0,Multiple Observatories,46.7864,Gas Giant
HD 3765 b,HD 3765,8.56,0.764,54.98431441,0.173,0.298,,,2.108,1211.0,K2V,5049.8,0.83061,0.851785,Radial Velocity,2021.0,Multiple Observatories,17.926,Gas Giant
HD 38283 b,HD 38283,14.0,1.25,127.132,0.4,0.41,,,1.02,363.20001,F9.5 V,5981.0,1.49,1.37,Radial Velocity,2010.0,Anglo-Australian Telescope,38.0615,Gas Giant
HD 38529 b,HD 38529,14.1,1.25,206.58846455,0.65,0.256,,,0.115,14.3099,G4 IV,5697.0,2.857838,0.98,Radial Velocity,2000.0,Multiple Observatories,42.3538,Gas Giant
HD 38529 c,HD 38529,12.5,1.11,3299.05886466,10.38,0.357,,,3.226,2127.60566,G4 IV,5697.0,2.857838,0.98,Radial Velocity,2000.0,Multiple Observatories,42.3538,Gas Giant
HD 38801 b,HD 38801,12.5,1.11,3082.31534,9.698,0.017,,,1.623,685.25,K0,5338.0,2.029,1.207,Radial Velocity,2009.0,Subaru Telescope,91.4349,Gas Giant
HD 39091 b,HD 39091,12.3,1.1,4481.3805387,14.1,0.642,,,3.28,2088.8,G0 V,5998.0,1.17,1.07,Radial Velocity,2001.0,Anglo-Australian Telescope,18.2702,Gas Giant
HD 39194 b,HD 39194,1.99,0.178,4.62,0.01453615,0.101,,,0.05895,5.63692,K0 V,5205.0,0.783742,0.86,Radial Velocity,2021.0,La Silla Observatory,26.4131,Super-Earth
HD 39194 c,HD 39194,2.65,0.236,7.49,0.02356618,0.078,,,0.1083,14.0309,K0 V,5205.0,0.783742,0.86,Radial Velocity,2021.0,La Silla Observatory,26.4131,Neptunian
HD 39194 d,HD 39194,2.12,0.19,5.16,0.01623518,0.159,,,0.1949,33.874,K0 V,5205.0,0.783742,0.86,Radial Velocity,2021.0,La Silla Observatory,26.4131,Super-Earth
HD 39855 b,HD 39855,2.85,0.254,8.5,0.02674386,0.14,,,0.041,3.2498,G8 V,5576.0,0.744665,0.87,Radial Velocity,2019.0,Las Campanas Observatory,23.2599,Neptunian
HD 40307 f,HD 40307,2.13,0.19,5.2,0.0164,0.02,398.0,,0.247,51.76,K2.5 V,4956.0,0.716684,0.77,Radial Velocity,2013.0,La Silla Observatory,12.9363,Super-Earth
HD 40307 g,HD 40307,2.56,0.229,7.1,0.0223,0.29,255.0,,0.6,197.8,K2.5 V,4956.0,0.716684,0.77,Radial Velocity,2013.0,La Silla Observatory,12.9363,Neptunian
HD 40956 b,HD 40956,13.2,1.18,858.141,2.7,0.24,,,1.4,578.6,K0,4869.0,8.56,2.0,Radial Velocity,2017.0,Multiple Observatories,116.593,Gas Giant
HD 40979 b,HD 40979,12.9,1.15,1484.2661,4.67,0.25,,,0.85,264.14999,F8 V,6165.0,1.21,1.45,Radial Velocity,2002.0,Multiple Observatories,34.0883,Gas Giant
HD 4113 b,HD 4113,13.5,1.2,541.26177712,1.703,0.899,,,1.28,526.5239,G5 V,5688.0,1.077514,1.008,Radial Velocity,2007.0,La Silla Observatory,41.8727,Gas Giant
HD 42012 b,HD 42012,13.5,1.21,508.528,1.6,0.2,,,1.67,857.5,K0,5405.0,0.82,0.83,Radial Velocity,2017.0,Haute-Provence Observatory,36.7984,Gas Giant
HD 4203 b,HD 4203,13.3,1.19,708.7609,2.23,0.52,,,1.17,431.88,G5,5596.0,1.42,1.25,Radial Velocity,2001.0,W. M. Keck Observatory,81.3795,Gas Giant
HD 4203 c,HD 4203,13.3,1.19,689.66,2.17,0.24,,,6.95,6700.0,G5,5582.0,1.49795,0.99,Radial Velocity,2014.0,W. M. Keck Observatory,81.3795,Gas Giant
HD 4208 b,HD 4208,13.9,1.24,257.4423,0.81,0.042,,,1.662,832.97,G7 V Fe-1 CH-0.5,5717.0,0.846,0.883,Radial Velocity,2001.0,W. M. Keck Observatory,34.1937,Gas Giant
HD 42618 b,HD 42618,3.89,0.347,14.4,0.04530724,0.19,337.0,3.16,0.554,149.61,G4 V,5727.0,0.999,1.015,Radial Velocity,2016.0,Multiple Observatories,24.3358,Neptunian
HD 4308 b,HD 4308,4.12,0.368,15.8915,0.05,0.0,,,0.12,15.56,G5V,5686.0,1.02,0.93,Radial Velocity,2005.0,La Silla Observatory,22.0158,Neptunian
HD 4313 b,HD 4313,13.4,1.2,612.45841,1.927,0.147,,,1.157,356.21,G5,4943.0,5.14,1.63,Radial Velocity,2009.0,W. M. Keck Observatory,136.308,Gas Giant
HD 43197 b,HD 43197,14.2,1.26,175.75910907,0.553,0.742,,,0.882,308.92072,G8 V,5508.0,1.0,0.96,Radial Velocity,2010.0,La Silla Observatory,62.4112,Gas Giant
HD 43197 c,HD 43197,12.6,1.12,2500.67390628,7.868,0.149,,,8.54,9295.9735,G8 V,5508.0,1.0,0.96,Radial Velocity,2022.0,Multiple Observatories,62.4112,Gas Giant
HD 43691 b,HD 43691,13.2,1.18,810.4665,2.55,0.0796,,,0.238,36.9987,G0,6093.0,1.6,1.32,Radial Velocity,2007.0,Haute-Provence Observatory,85.6009,Gas Giant
HD 44219 b,HD 44219,14.1,1.26,184.34047606,0.58,0.41,,,1.26,472.0,G3 V,5752.0,1.32,1.2,Radial Velocity,2010.0,La Silla Observatory,52.9051,Gas Giant
HD 45184 b,HD 45184,3.52,0.314,12.19,0.0384,0.07,,,0.0644,5.8854,G1.5 V,5869.0,1.075139,1.03,Radial Velocity,2019.0,La Silla Observatory,21.9532,Neptunian
HD 45184 c,HD 45184,2.91,0.26,8.81,0.0277,0.07,,,0.11,13.1354,G1.5 V,5869.0,1.075139,1.03,Radial Velocity,2019.0,La Silla Observatory,21.9532,Neptunian
HD 45350 b,HD 45350,13.5,1.2,568.89,1.79,0.778,,,1.92,963.6,G5 V,5566.0,1.26442,0.98,Radial Velocity,2004.0,W. M. Keck Observatory,46.8733,Gas Giant
HD 45364 b,HD 45364,9.03,0.805,60.16491745,0.1893,0.067,,,0.6793,225.79,K0 V,5466.0,0.89,0.82,Radial Velocity,2008.0,La Silla Observatory,34.354,Gas Giant
HD 45364 c,HD 45364,14.2,1.26,174.48779544,0.549,0.019,,,0.902,345.43,K0 V,5466.0,0.89,0.82,Radial Velocity,2008.0,La Silla Observatory,34.354,Gas Giant
HD 45652 b,HD 45652,14.3,1.28,137.62039,0.433,0.607,,,0.237,44.073,G8/K0,5294.0,0.94,0.92,Radial Velocity,2008.0,Haute-Provence Observatory,34.8541,Gas Giant
HD 457 b,HD 457,11.9,1.07,8445.3364308,26.572,0.565,,,15.369,20324.58153,,6114.04,1.28194,1.15,Radial Velocity,2022.0,Multiple Observatories,55.0375,Gas Giant
HD 46375 b,HD 46375,10.0,0.894,71.8,0.226,0.063,,,0.0398,3.023573,K1 IV-V,5285.0,0.914196,0.92,Radial Velocity,2000.0,W. M. Keck Observatory,29.5529,Gas Giant
HD 47186 b,HD 47186,5.02,0.448,22.2481,0.07,0.04,,,0.05,4.0845,G6 V,5657.0,1.08,0.96,Radial Velocity,2008.0,La Silla Observatory,37.4574,Neptunian
HD 47186 c,HD 47186,13.0,1.16,111.42,0.35061,0.249,,,2.395,1353.6,G6 V,5657.0,1.08,0.96,Radial Velocity,2008.0,La Silla Observatory,37.4574,Gas Giant
HD 4732 b,HD 4732,13.4,1.19,631.2072163,1.986,0.266,,,1.129,371.74,K0 IV,4898.0,5.03,1.39,Radial Velocity,2012.0,Multiple Observatories,54.7841,Gas Giant
HD 4732 c,HD 4732,13.1,1.17,1069.49258955,3.365,0.187,,,4.725,3184.2,K0 IV,4898.0,5.03,1.39,Radial Velocity,2012.0,Multiple Observatories,54.7841,Gas Giant
HD 47366 b,HD 47366,13.4,1.19,661.71874337,2.082,0.071,,,1.207,360.08,K1 III,4866.0,7.3,1.81,Radial Velocity,2016.0,Okayama Astrophysical Observatory,84.3552,Gas Giant
HD 47366 c,HD 47366,13.5,1.21,483.73483545,1.522,0.161,,,1.84,677.53,K1 III,4866.0,7.3,1.81,Radial Velocity,2016.0,Okayama Astrophysical Observatory,84.3552,Gas Giant
HD 47536 b,HD 47536,12.6,1.13,2330.0,7.32,0.2,,,1.93,712.13,K1 III,4380.0,23.47,2.1,Radial Velocity,2002.0,La Silla Observatory,122.536,Gas Giant
HD 4760 b,HD 4760,12.3,1.1,4417.837,13.9,0.23,,,1.14,434.0,K2,4076.0,42.4,1.05,Radial Velocity,2021.0,Multiple Observatories,537.873,Gas Giant
HD 48265 b,HD 48265,12.6,1.13,2351.9302118,7.4,0.211,,,1.814,778.51,G5 IV/V,5733.0,1.901,1.312,Radial Velocity,2008.0,Las Campanas Observatory,90.5446,Gas Giant
HD 48265 c,HD 48265,12.9,1.15,1414.33641115,4.45,0.41,,,10.4,10418.0,G5 IV/V,5805.0,2.05,1.38,Radial Velocity,2026.0,Las Campanas Observatory,90.5446,Gas Giant
HD 48948 b,HD 48948,2.06,0.183,4.88,0.0153542,0.055,957.0,138.85,0.0652,7.34013,K3 V,4593.0,0.679,0.686,Radial Velocity,2024.0,Roque de los Muchachos Observatory,16.9043,Super-Earth
HD 48948 c,HD 48948,2.6,0.232,7.27,0.02287398,0.55,553.0,15.5,0.1951,38.06,K3 V,4593.0,0.679,0.686,Radial Velocity,2024.0,Roque de los Muchachos Observatory,16.9043,Neptunian
HD 48948 d,HD 48948,3.24,0.289,10.59,0.03331987,0.055,349.0,2.46,0.4894,151.92,K3 V,4593.0,0.679,0.686,Radial Velocity,2024.0,Roque de los Muchachos Observatory,16.9043,Neptunian
HD 4917 b,HD 4917,13.5,1.21,513.29545,1.615,0.066,,,1.167,400.5,K0 III/IV,4802.0,5.01,1.32,Radial Velocity,2018.0,W. M. Keck Observatory,204.277,Gas Giant
HD 49674 b,HD 49674,6.2,0.553,31.783,0.1,0.09,,,0.06,4.94737,G5 V,5602.0,1.02,1.03,Radial Velocity,2002.0,W. M. Keck Observatory,43.0399,Gas Giant
HD 50499 b,HD 50499,13.5,1.2,519.96988,1.636,0.266,,,3.833,2447.1,G1 V,6102.0,1.351,1.253,Radial Velocity,2005.0,W. M. Keck Observatory,46.2845,Gas Giant
HD 50499 c,HD 50499,13.2,1.17,931.2419,2.93,0.0,,,9.02,8619.9,G1 V,6099.0,1.42,1.31,Radial Velocity,2019.0,La Silla Observatory,46.2845,Gas Giant
HD 50554 b,HD 50554,12.8,1.14,1859.29618095,5.85,0.501,,,2.353,1293.0,F8 V,5987.0,1.02,1.04,Radial Velocity,2002.0,Lick Observatory,31.1664,Gas Giant
HD 51608 b,HD 51608,3.62,0.323,12.77,0.0402,0.09,,,0.1059,14.0726,G7 V,5358.0,0.916136,0.8,Radial Velocity,2019.0,La Silla Observatory,35.0553,Neptunian
HD 51608 c,HD 51608,3.87,0.346,14.31,0.045,0.14,,,0.3809,95.9446,G7 V,5358.0,0.916136,0.8,Radial Velocity,2019.0,La Silla Observatory,35.0553,Neptunian
HD 52265 b,HD 52265,13.7,1.22,384.5743,1.21,0.27,405.0,,0.52,119.27,G0V,6136.0,1.32,1.204,Radial Velocity,2000.0,W. M. Keck Observatory,29.9803,Gas Giant
HD 5278 b,HD 5278,2.45,0.21857474,7.8,0.02454154,0.08,943.0,132.0,0.1202,14.339156,F V,6203.0,1.194,1.126,Transit,2021.0,Transiting Exoplanet Survey Satellite (TESS),57.5846,Super-Earth
HD 5278 c,HD 5278,4.49,0.401,18.4,0.05789287,0.07,,,0.2416,40.87,F V,6203.0,1.194,1.126,Radial Velocity,2021.0,Paranal Observatory,57.5846,Neptunian
HD 5319 b,HD 5319,13.5,1.21,494.54348,1.556,0.092,,,1.57,637.1,G5,4871.0,4.06,1.27,Radial Velocity,2007.0,W. M. Keck Observatory,121.405,Gas Giant
HD 5319 c,HD 5319,13.8,1.23,334.67499,1.053,0.183,,,1.93,872.2,G5,4871.0,4.06,1.27,Radial Velocity,2014.0,W. M. Keck Observatory,121.405,Gas Giant
HD 55696 b,HD 55696,12.9,1.16,1357.12729789,4.27,0.705,,,3.18,1827.0,G0 V,6012.0,1.52,1.29,Radial Velocity,2018.0,W. M. Keck Observatory,77.9693,Gas Giant
HD 5583 b,HD 5583,12.8,1.14,1837.0574,5.78,0.076,,,0.53,139.35,,4830.0,9.09,1.01,Radial Velocity,2016.0,Roque de los Muchachos Observatory,219.216,Gas Giant
HD 5608 b,HD 5608,13.7,1.22,371.22357938,1.168,0.11,,,1.79,768.7,K0 IV,4807.0,5.43,1.29,Radial Velocity,2012.0,Okayama Astrophysical Observatory,58.1105,Gas Giant
HD 564 b,HD 564,12.5,1.12,104.88,0.33,0.096,,,1.2,492.3,G2/G3 V,5902.0,1.01,0.961,Radial Velocity,2014.0,La Silla Observatory,51.1659,Gas Giant
HD 56414 b,HD 56414,3.71,0.3309846,13.3,0.0418,0.68,1133.0,257.066,0.229,29.04992,,8500.0,1.751,1.89,Transit,2022.0,Transiting Exoplanet Survey Satellite (TESS),272.217,Neptunian
HD 56957 b,HD 56957,12.8,1.14,1880.90851263,5.918,0.273,,,6.426,5859.08992,,5743.0,1.77793,1.03,Radial Velocity,2022.0,Multiple Observatories,61.4925,Gas Giant
HD 5891 b,HD 5891,12.6,1.13,2425.0429,7.63,0.07,,,0.64,177.11,G5,4673.0,10.64,1.93,Radial Velocity,2011.0,W. M. Keck Observatory,283.502,Gas Giant
HD 59686 A b,HD 59686 A,12.7,1.13,2199.3836,6.92,0.05,,,1.086,299.36,K2 III,4658.0,13.2,1.9,Radial Velocity,2016.0,Lick Observatory,89.2721,Gas Giant
HD 60292 b,HD 60292,12.7,1.13,2065.895,6.5,0.27,,,1.5,495.4,K0 III,4348.0,27.0,1.7,Radial Velocity,2020.0,Bohyunsan Optical Astronomical Observatory,315.211,Gas Giant
HD 60532 b,HD 60532,13.8,1.23,336.8998,1.06,0.26,,,0.77,201.9,F6 IV,6245.0,2.57,1.5,Radial Velocity,2008.0,La Silla Observatory,25.9716,Gas Giant
HD 60532 c,HD 60532,13.3,1.18,797.7533,2.51,0.03,,,1.6,600.1,F6 IV,6245.0,2.57,1.5,Radial Velocity,2008.0,La Silla Observatory,25.9716,Gas Giant
HD 6061 b,HD 6061,2.42763557,0.21657951,10.0,0.03146352,0.0,1075.31,339.1,0.06,5.2549,,5934.0,1.0072,1.0269,Transit,2023.0,Transiting Exoplanet Survey Satellite (TESS),67.6203,Super-Earth
HD 62364 b,HD 62364,12.1,1.08,5965.63919939,18.77,0.607,,0.072,6.15,5138.0,F7 V,6255.0,1.401,1.157,Radial Velocity,2022.0,Multiple Observatories,53.112,Gas Giant
HD 62364 c,HD 62364,12.0,1.07,7923.46218651,24.93,0.773,,,36.984,74839.94555,F7 V,6255.0,1.401,1.19,Radial Velocity,2022.0,Multiple Observatories,53.112,Gas Giant
HD 62509 b,HD 62509,13.3,1.19,731.0,2.3,0.02,,,1.64,589.64,K0IIIvar,4892.63,8.9,2.0,Radial Velocity,2006.0,Multiple Observatories,10.34,Gas Giant
HD 62549 b,HD 62549,12.6,1.12,2707.58019923,8.519,0.15,,,11.842,14306.88519,,5930.46,1.23227,1.08,Radial Velocity,2022.0,Multiple Observatories,49.3305,Gas Giant
HD 63433 b,HD 63433,2.14,0.191,21.755,0.06844888,0.24,967.11,145.5707,0.072,7.1079475,G5 V,5553.0,0.934,0.956,Transit,2020.0,Transiting Exoplanet Survey Satellite (TESS),22.4035,Super-Earth
HD 63433 c,HD 63433,2.692,0.24,15.539,0.04889116,0.21,678.92,35.3582,0.146,20.5438281,G5 V,5553.0,0.934,0.956,Transit,2020.0,Transiting Exoplanet Survey Satellite (TESS),22.4035,Neptunian
HD 63433 d,HD 63433,1.073,0.09572681,1.25,0.00394,0.16,1040.0,,0.0503,4.209075,G5 V,5688.0,0.912,0.99,Transit,2023.0,Transiting Exoplanet Survey Satellite (TESS),22.4035,Terrestrial
HD 63454 b,HD 63454,12.31,1.098,79.4575,0.25,0.0,,,0.04,2.81805,K4 V,4812.0,0.77,0.42,Radial Velocity,2005.0,La Silla Observatory,37.6894,Gas Giant
HD 63765 b,HD 63765,14.2,1.27,168.4499,0.53,0.24,,,0.94,358.0,G9 V,5449.0,0.83,0.65,Radial Velocity,2009.0,La Silla Observatory,32.5376,Gas Giant
HD 63935 b,HD 63935,2.91575244,0.26012646,10.5,0.03303669,0.0,825.22,115.6,0.083,9.058807,,5513.0,0.9598,0.9406,Transit,2021.0,Transiting Exoplanet Survey Satellite (TESS),48.9739,Neptunian
HD 63935 c,HD 63935,3.06451296,0.273398,11.1,0.03492451,0.0,619.59,36.7,0.148,21.4027,,5513.0,0.9598,0.9406,Radial Velocity,2021.0,Multiple Observatories,48.9739,Neptunian
HD 64114 b,HD 64114,4.41,0.393,17.8,0.05600478,0.12,,,0.246,45.791,G7 V,5676.0,0.882858,0.95,Radial Velocity,2019.0,Las Campanas Observatory,31.5262,Neptunian
HD 64121 b,HD 64121,13.2,1.18,813.64072192,2.56,0.11,,,1.51,623.0,G8/K0 III,5078.0,5.44,1.64,Radial Velocity,2022.0,La Silla Observatory,129.966,Gas Giant
HD 6434 b,HD 6434,14.2,1.27,155.7367,0.49,0.17,,,0.14,21.998,G2/3 V,5769.0,1.12,1.1,Radial Velocity,2003.0,La Silla Observatory,42.358,Gas Giant
HD 65216 b,HD 65216,13.6,1.22,411.58985,1.295,0.27,,,1.301,577.6,G5 V,5612.0,0.88,0.874,Radial Velocity,2003.0,La Silla Observatory,35.1205,Gas Giant
HD 65216 c,HD 65216,13.4,1.19,645.1949,2.03,0.17,,,5.75,5370.0,G5 V,5612.0,0.88,0.874,Radial Velocity,2013.0,La Silla Observatory,35.1205,Gas Giant
HD 66141 b,HD 66141,12.8,1.14,1906.9,6.0,0.07,,,1.2,480.5,K2 III,4323.0,21.4,1.1,Radial Velocity,2012.0,Bohyunsan Optical Astronomical Observatory,68.1509,Gas Giant
HD 66428 b,HD 66428,12.4,1.11,3478.94974302,10.946,0.471,,,3.395,2269.81726,G8 IV (+ G),5716.0,1.13,1.01,Radial Velocity,2005.0,W. M. Keck Observatory,53.2817,Gas Giant
HD 66428 c,HD 66428,13.5,1.2,560.64930995,1.764,0.207,,,9.408,10478.84437,G8 IV (+ G),5716.0,1.13,1.01,Radial Velocity,2021.0,Multiple Observatories,53.2817,Gas Giant
HD 67087 b,HD 67087,13.1,1.17,973.0,3.06,0.17,,,1.08,352.2,F8 V,6330.0,1.55,1.36,Radial Velocity,2015.0,Multiple Observatories,76.5217,Gas Giant
HD 67087 c,HD 67087,12.9,1.15,1540.0,4.85,0.76,,,3.86,2374.0,F8 V,6330.0,1.55,1.36,Radial Velocity,2015.0,Multiple Observatories,76.5217,Gas Giant
HD 68402 b,HD 68402,12.6,1.12,2510.8444153,7.9,0.03,,,2.18,1103.0,G5 IV/V,5950.0,1.02,1.12,Radial Velocity,2016.0,Multiple Observatories,78.4293,Gas Giant
HD 68475 b,HD 68475,12.8,1.15,1639.99458012,5.16,0.62,,,7.27,7832.0,K2 VC,5022.0,0.79099,0.83,Radial Velocity,2026.0,Las Campanas Observatory,33.4297,Gas Giant
HD 6860 b,HD 6860,11.9,1.06,8981.83078182,28.26,0.28,,,2.03,663.87,M0 III,3802.0,86.4,2.49,Radial Velocity,2023.0,Bohyunsan Optical Astronomical Observatory,61.12469,Gas Giant
HD 68988 b,HD 68988,13.4,1.2,626.1251,1.97,0.12,,,0.07,6.27711,G2 V,5932.0,1.19,1.28,Radial Velocity,2001.0,Multiple Observatories,60.8447,Gas Giant
HD 68988 c,HD 68988,12.2,1.09,4776.96095721,15.03,0.45,,,13.2,16000.0,G2 V,5883.41,1.255733,1.171665,Radial Velocity,2021.0,Multiple Observatories,60.8447,Gas Giant
HD 69123 b,HD 69123,13.1,1.17,982.08977763,3.09,0.19,,,2.482,1193.3,K1 III,4842.0,7.72,1.68,Radial Velocity,2022.0,La Silla Observatory,75.116,Gas Giant
HD 69830 b,HD 69830,3.17,0.283,10.2,0.0321,0.1,,,0.0785,8.667,K0V,5385.0,0.886947,0.86,Radial Velocity,2006.0,La Silla Observatory,12.5591,Neptunian
HD 69830 c,HD 69830,3.46,0.309,11.8,0.0371,0.13,,,0.186,31.56,K0V,5385.0,0.886947,0.86,Radial Velocity,2006.0,La Silla Observatory,12.5591,Neptunian
HD 69830 d,HD 69830,4.45,0.397,18.1,0.057,0.07,,,0.63,197.0,K0V,5385.0,0.886947,0.86,Radial Velocity,2006.0,La Silla Observatory,12.5591,Neptunian
HD 70573 b,HD 70573,12.8,1.14,1900.0,6.1,0.4,,,1.76,851.8,G1-1.5 V,5737.0,0.976919,1.0,Radial Velocity,2007.0,La Silla Observatory,59.182,Gas Giant
HD 70642 b,HD 70642,13.0,1.16,1239.5307873,3.9,0.175,,,3.318,2124.54,G6 V,5732.0,0.984,1.078,Radial Velocity,2003.0,Anglo-Australian Telescope,29.276,Gas Giant
HD 72490 b,HD 72490,13.5,1.2,561.92344,1.768,0.124,,,1.88,858.0,G5,4934.0,4.96,1.21,Radial Velocity,2018.0,W. M. Keck Observatory,126.339,Gas Giant
HD 72659 b,HD 72659,13.2,1.17,949.67128012,2.988,0.2393,,,4.607,3549.0,G2 V,5929.0,1.36,1.033,Radial Velocity,2002.0,W. M. Keck Observatory,51.8949,Gas Giant
HD 72659 c,HD 72659,12.1,1.08,6165.8710958,19.4,0.114,,,21.5,35500.0,G2 V,5929.0,1.36,1.033,Radial Velocity,2022.0,Multiple Observatories,51.8949,Gas Giant
HD 72892 b,HD 72892,12.8,1.14,1737.88572948,5.468,0.419,,,0.228,39.44603,G5 V,5688.0,1.22,1.01,Radial Velocity,2016.0,Multiple Observatories,69.7311,Gas Giant
HD 73256 c,HD 73256,12.2,1.09,5085.254512,16.0,0.16,,,3.8,2690.0,G8 IV,5570.0,0.944723,1.0,Radial Velocity,2023.0,La Silla Observatory,36.708,Gas Giant
HD 73267 b,HD 73267,13.0,1.16,1321.53051631,4.158,0.261,,,2.229,1257.99159,K0 V,5387.0,0.909,0.93,Radial Velocity,2008.0,La Silla Observatory,50.4093,Gas Giant
HD 73267 c,HD 73267,12.8,1.15,1630.77755632,5.131,0.089,,,12.688,17071.78045,K0 V,5387.0,0.909,0.93,Radial Velocity,2022.0,Multiple Observatories,50.4093,Gas Giant
HD 73344 b,HD 73344,2.884,0.25729369,10.48,0.03297377,0.03,911.0,111.9729,0.131,15.611,F6 V,6252.6,1.22,1.2,Transit,2024.0,K2,35.26,Neptunian
HD 73344 c,HD 73344,13.5,1.2,118.54999581,0.373,0.124,,,0.3388,65.94,F6 V,6148.0,1.22,1.19,Radial Velocity,2025.0,Multiple Observatories,35.26,Gas Giant
HD 73344 d,HD 73344,13.2,1.18,810.46243785,2.55,0.18,,,6.7,5823.0,F6 V,6148.0,1.22,1.19,Radial Velocity,2025.0,Multiple Observatories,35.26,Gas Giant
HD 73526 b,HD 73526,13.1,1.17,978.9164,3.08,0.19,,,0.65,188.3,G6 V,5601.0,1.53,1.14,Radial Velocity,2002.0,Anglo-Australian Telescope,97.2396,Gas Giant
HD 73526 c,HD 73526,13.3,1.19,715.09,2.25,0.28,,,1.03,379.1,G6 V,5601.0,1.53,1.014,Radial Velocity,2005.0,Anglo-Australian Telescope,97.2396,Gas Giant
HD 73534 b,HD 73534,13.7,1.23,353.42696,1.112,0.126,,,2.99,1750.0,G5,4917.0,2.58,1.16,Radial Velocity,2008.0,W. M. Keck Observatory,83.3321,Gas Giant
HD 73583 b,HD 73583,2.79,0.24890756,10.2,0.03209279,0.09,714.0,43.3,0.0604,6.398042,K4 V,4511.0,0.65,0.73,Transit,2022.0,Transiting Exoplanet Survey Satellite (TESS),31.5666,Neptunian
HD 73583 c,HD 73583,2.39,0.21322189,9.7,0.03051961,0.08,498.0,10.2,0.1242,18.87974,K4 V,4511.0,0.65,0.73,Transit,2022.0,Transiting Exoplanet Survey Satellite (TESS),31.5666,Super-Earth
HD 74156 b,HD 74156,13.5,1.2,532.36258173,1.675,0.636,,,0.28,51.63564,G0,6068.0,1.510576,1.1,Radial Velocity,2003.0,Haute-Provence Observatory,57.603,Gas Giant
HD 74156 c,HD 74156,12.5,1.12,2753.98314665,8.665,0.377,,,3.678,2448.48726,G0,6068.0,1.510576,1.1,Radial Velocity,2003.0,Haute-Provence Observatory,57.603,Gas Giant
HD 7449 b,HD 7449,12.6,1.12,2597.92939882,8.174,0.752,,,2.438,1270.55195,F9.5 V,6024.0,0.97,1.196,Radial Velocity,2011.0,La Silla Observatory,38.662,Gas Giant
HD 74698 b,HD 74698,5.12,0.457,23.0,0.07,0.1,,123.0,0.121,15.017,G5 V,5783.0,1.333,1.039,Radial Velocity,2023.0,La Silla Observatory,52.0648,Neptunian
HD 74698 c,HD 74698,14.0,1.24,126.0,0.4,0.2,,0.088,4.5,3449.0,G5 V,5783.0,1.333,1.039,Radial Velocity,2023.0,La Silla Observatory,52.0648,Gas Giant
HD 75289 b,HD 75289,14.2,1.27,155.7367,0.49,0.03,1260.0,,0.05,3.50927,G0,6117.0,1.23,1.29,Radial Velocity,1999.0,La Silla Observatory,29.1158,Gas Giant
HD 75302 b,HD 75302,12.8,1.14,1716.2733978,5.4,0.39,,,5.3,4356.0,G5 V,5697.46,0.940904,1.06,Radial Velocity,2023.0,La Silla Observatory,30.3288,Gas Giant
HD 75784 b,HD 75784,13.8,1.23,317.83,1.0,0.097,,,1.032,341.2,G5,4867.0,3.4,1.26,Radial Velocity,2014.0,W. M. Keck Observatory,85.4321,Gas Giant
HD 75784 c,HD 75784,12.8,1.14,1792.5612,5.64,0.489,,,8.4,7900.0,G5,4867.0,3.4,1.26,Radial Velocity,2018.0,W. M. Keck Observatory,85.4321,Gas Giant
HD 75898 b,HD 75898,13.2,1.18,810.46243785,2.55,0.105,,,1.2025,422.82,F8 V,6122.0,1.55,1.295,Radial Velocity,2007.0,W. M. Keck Observatory,78.0505,Gas Giant
HD 75898 c,HD 75898,12.6,1.12,2698.36317543,8.49,0.08,,,7.39,6717.0,F8 V,6122.0,1.55,1.295,Radial Velocity,2024.0,Multiple Observatories,78.0505,Gas Giant
HD 76700 b,HD 76700,9.6,0.856,66.7443,0.21,0.09,,,0.05,3.97097,G6 V,5644.0,1.37,0.99,Radial Velocity,2002.0,Anglo-Australian Telescope,60.8831,Gas Giant
HD 76920 b,HD 76920,13.1,1.17,994.80291391,3.13,0.8782,,,1.091,415.891,K1 III,4664.0,8.33,1.0,Radial Velocity,2017.0,Multiple Observatories,184.031,Gas Giant
HD 77338 b,HD 77338,4.12,0.368,15.9,0.05,0.09,,,0.06,5.7361,K0 IV,5341.0,0.97,1.37,Radial Velocity,2012.0,La Silla Observatory,45.935,Neptunian
HD 77946 b,HD 77946,2.89646124,0.25840541,10.9,0.03429524,0.211,1128.86,413.1008,0.073,6.527363,F5,6007.0,1.3174,1.1973,Transit,2024.0,Transiting Exoplanet Survey Satellite (TESS),99.451,Neptunian
HD 79181 b,HD 79181,14.1,1.26,203.41018048,0.64,0.259,,,0.9,273.1,G8 III,4862.0,11.06,1.28,Radial Velocity,2021.0,Okayama Astrophysical Observatory,103.335,Gas Giant
HD 79498 b,HD 79498,13.6,1.22,425.8922,1.34,0.575,,,2.98,1807.0,G5,5748.0,1.05,1.08,Radial Velocity,2011.0,McDonald Observatory,48.9489,Gas Giant
HD 80606 b,HD 80606,11.56766808,1.032,1323.46926959,4.1641,0.93183,405.0,,0.4603,111.436765,G5,5565.0,1.05,1.05,Radial Velocity,2001.0,Multiple Observatories,66.4711,Gas Giant
HD 80653 b,HD 80653,1.613,0.14390247,5.72,0.01799713,0.0,2463.0,6130.0,0.01661,0.719573,G2,5959.0,1.22,1.18,Transit,2020.0,K2,109.86,Super-Earth
HD 80869 b,HD 80869,12.8,1.15,1609.80088146,5.065,0.924,203.2,0.142,2.905,1752.92067,G5,5837.0,1.062,1.06,Radial Velocity,2021.0,Haute-Provence Observatory,85.3951,Gas Giant
HD 80883 b,HD 80883,12.8,1.14,1748.0562385,5.5,0.203,,,6.462,6383.78352,,5177.91,0.814842,0.88,Radial Velocity,2022.0,Multiple Observatories,34.6011,Gas Giant
HD 80913 b,HD 80913,12.0,1.07,7505.2000029,23.614,0.313,,,9.95,10839.83341,,6013.24,1.6542,1.11,Radial Velocity,2022.0,Multiple Observatories,61.3603,Gas Giant
HD 81040 b,HD 81040,12.6,1.13,2301.07766668,7.24,0.525,,,1.946,1002.7,G2/G3,5755.0,0.91,0.99,Radial Velocity,2005.0,Multiple Observatories,34.4341,Gas Giant
HD 81688 b,HD 81688,13.5,1.2,525.68818518,1.654,0.04,,,0.648,183.93,K0 III-IV,4797.0,11.13,1.07,Radial Velocity,2007.0,Okayama Astrophysical Observatory,85.7183,Gas Giant
HD 81817 b,HD 81817,12.0,1.07,7668.5638041,24.128,0.097,,,3.233,1021.20159,K3 III,4140.0,83.8,4.3,Radial Velocity,2020.0,Bohyunsan Optical Astronomical Observatory,269.126,Gas Giant
HD 81817 c,HD 81817,12.0,1.07,7185.78245386,22.609,0.095,,,2.325,622.97802,K3 III,4140.0,83.8,4.3,Radial Velocity,2022.0,Multiple Observatories,269.126,Gas Giant
HD 82886 b,HD 82886,13.3,1.19,740.5439,2.33,0.07,,,1.58,705.0,G0,4953.0,5.26,2.53,Radial Velocity,2011.0,W. M. Keck Observatory,127.061,Gas Giant
HD 82943 b,HD 82943,13.5,1.2,534.25,1.681,0.162,,,1.18306,441.47,G2/3V,5935.0,1.1826,1.08,Radial Velocity,2003.0,La Silla Observatory,27.5902,Gas Giant
HD 82943 c,HD 82943,13.4,1.2,622.603,1.959,0.3663,,,0.74345,220.078,G2/3V,5935.0,1.1826,1.08,Radial Velocity,2003.0,La Silla Observatory,27.5902,Gas Giant
HD 8326 b,HD 8326,9.58,0.855,66.6,0.20954598,0.2,,,0.533,158.991,K2 V,4914.0,0.783181,0.8,Radial Velocity,2019.0,Las Campanas Observatory,30.6862,Gas Giant
HD 83443 b,HD 83443,14.1,1.25,127.76701961,0.402,0.012,,,0.0406,2.985628,K0 V,5442.0,0.94,1.0,Radial Velocity,2002.0,Multiple Observatories,40.8991,Gas Giant
HD 83443 c,HD 83443,13.6,1.21,476.7426105,1.5,0.76,,,8.0,8241.0,K0 V,5442.0,0.94,1.0,Radial Velocity,2022.0,Multiple Observatories,40.8991,Gas Giant
HD 8535 b,HD 8535,14.0,1.25,216.1244,0.68,0.15,,,2.45,1313.0,G0 V,6136.0,1.19,1.13,Radial Velocity,2010.0,La Silla Observatory,55.4401,Gas Giant
HD 85390 b,HD 85390,6.16,0.55,31.46517,0.099,0.5,,,1.373,799.52,K1.5 V,5186.0,0.8,0.758,Radial Velocity,2009.0,La Silla Observatory,33.5225,Gas Giant
HD 8574 b,HD 8574,13.4,1.19,645.1949,2.03,0.3,,,0.76,227.0,F8,6064.0,1.38,1.34,Radial Velocity,2002.0,Haute-Provence Observatory,44.8264,Gas Giant
HD 86065 b,HD 86065,12.5,1.12,2877.30056857,9.053,0.219,,,15.947,25775.78859,,4927.56,0.780347,0.81,Radial Velocity,2022.0,Multiple Observatories,40.3661,Gas Giant
HD 86081 b,HD 86081,13.6,1.21,470.3884,1.48,0.0119,,,0.0346,2.1378431,F8,5939.0,1.46,1.21,Radial Velocity,2006.0,W. M. Keck Observatory,103.936,Gas Giant
HD 86226 b,HD 86226,14.3,1.28,143.0235,0.45,0.059,176.0,,2.73,1628.0,G1 V,5863.0,1.053,1.019,Radial Velocity,2009.0,Las Campanas Observatory,45.683,Gas Giant
HD 86226 c,HD 86226,2.16,0.19270229,7.25,0.02281094,0.075,1311.0,647.901,0.049,3.98442,G1 V,5863.0,1.053,1.019,Transit,2020.0,Transiting Exoplanet Survey Satellite (TESS),45.683,Super-Earth
HD 86264 b,HD 86264,12.5,1.11,3117.26101586,9.808,0.821,,,2.763,1488.79123,F7 V,6210.0,1.88,1.26,Radial Velocity,2009.0,Lick Observatory,67.8107,Gas Giant
HD 86728 b,HD 86728,3.03,0.27,9.43,0.0296701,0.067,,,0.1916,31.1515,G1V,5610.0,1.237,0.967,Radial Velocity,2025.0,Multiple Observatories,14.9202,Neptunian
HD 8673 b,HD 8673,12.3,1.1,4210.59073594,13.248,0.73,,,2.97,1644.69097,F5,6389.05,1.50225,1.28,Radial Velocity,2009.0,Thueringer Landessternwarte Tautenburg,37.8619,Gas Giant
HD 86950 b,HD 86950,13.0,1.16,1144.188,3.6,0.17,,,2.72,1270.0,K1 III,4805.0,8.8,1.66,Radial Velocity,2016.0,Multiple Observatories,209.839,Gas Giant
HD 87646 b,HD 87646,12.4,1.1,3941.092,12.4,0.05,,,0.117,13.481,G,5770.0,1.55,1.12,Radial Velocity,2016.0,Apache Point Observatory,73.58352,Gas Giant
HD 87816 b,HD 87816,12.7,1.13,2142.16346318,6.74,0.78,,,1.618,484.17,K0 III,4989.0,9.0,2.41,Radial Velocity,2025.0,La Silla Observatory,133.233,Gas Giant
HD 87816 c,HD 87816,12.4,1.1,3877.5065654,12.2,0.19,,,10.14,7596.0,K0 III,4989.0,9.0,2.41,Radial Velocity,2025.0,La Silla Observatory,133.233,Gas Giant
HD 87883 b,HD 87883,12.7,1.14,2005.49724817,6.31,0.72,,,3.77,3006.0,K0,4980.0,0.798557,0.8,Radial Velocity,2009.0,Lick Observatory,18.2912,Gas Giant
HD 88072 b,HD 88072,12.6,1.12,2511.79790052,7.903,0.156,,,13.895,18538.79293,,5785.33,1.032,1.04,Radial Velocity,2022.0,Multiple Observatories,35.9098,Gas Giant
HD 88133 b,HD 88133,13.8,1.23,324.1866,1.02,0.031,,,0.0479,3.414884,G5,5392.0,2.2,1.26,Radial Velocity,2004.0,W. M. Keck Observatory,73.6123,Gas Giant
HD 88986 b,HD 88986,2.49,0.2221433,17.2,0.05411725,0.24,460.0,,0.58,146.05,G2 V,5861.0,1.543,1.25,Radial Velocity,2023.0,Haute-Provence Observatory,33.2673,Super-Earth
HD 89307 b,HD 89307,13.4,1.19,642.01338214,2.02,0.2,,,3.27,2166.0,G0 V,5955.0,1.1,1.27,Radial Velocity,2009.0,Lick Observatory,32.0104,Gas Giant
HD 89345 b,HD 89345,7.39794,0.66,34.9613,0.11,0.22,1089.0,275.6427,0.1066,11.8143,G5,5576.0,1.747,1.157,Transit,2018.0,K2,132.345,Gas Giant
HD 89744 b,HD 89744,12.6,1.12,2653.8805,8.35,0.677,,,0.917,256.78,F7 V,6291.0,2.13257,1.86,Radial Velocity,1999.0,Fred Lawrence Whipple Observatory,38.6364,Gas Giant
HD 89839 b,HD 89839,12.8,1.14,1748.0562385,5.5,0.185,,,4.713,3391.2,F7 V,6314.0,1.28588,1.21,Radial Velocity,2023.0,Multiple Facilities,57.3063,Gas Giant
HD 90156 b,HD 90156,4.43,0.395,17.98,0.057,0.31,,,0.25,49.77,G5V,5599.0,0.920286,0.84,Radial Velocity,2009.0,La Silla Observatory,21.9496,Neptunian
HD 9174 b,HD 9174,13.7,1.23,352.7913,1.11,0.12,,,2.2,1179.0,G8 IV,5577.0,1.67,1.03,Radial Velocity,2016.0,Multiple Observatories,81.4893,Gas Giant
HD 92788 b,HD 92788,13.0,1.16,1195.0408,3.76,0.35,,,0.97,325.803,G6 V,5744.0,1.14,1.15,Radial Velocity,2000.0,Multiple Observatories,34.6538,Gas Giant
HD 92788 c,HD 92788,13.0,1.16,1166.4361,3.67,0.46,,,10.5,11611.2975,G6 V,5744.0,1.14,1.15,Radial Velocity,2019.0,La Silla Observatory,34.6538,Gas Giant
HD 93083 b,HD 93083,13.4,1.2,117.59,0.37,0.14,,,0.477,143.58,K3 V,4995.0,0.850835,0.7,Radial Velocity,2005.0,La Silla Observatory,28.5159,Gas Giant
HD 93351 b,HD 93351,1.69,0.151,3.49611248,0.011,0.549,,,0.035,2.45946,,5408.0,0.911435,0.94,Radial Velocity,2022.0,Multiple Observatories,56.163,Super-Earth
HD 93351 c,HD 93351,12.3,1.1,4154.01727949,13.07,0.109,,,11.154,14010.2941,,5408.0,0.911435,0.94,Radial Velocity,2022.0,Multiple Observatories,56.163,Gas Giant
HD 93385 b,HD 93385,1.88,0.168,4.2,0.01321468,0.295,,,0.0756,7.3426,G2/G3 V,5977.0,1.18484,1.04,Radial Velocity,2021.0,La Silla Observatory,43.3475,Super-Earth
HD 93385 c,HD 93385,2.56,0.229,7.1,0.0223391,0.2,,,0.112,13.18,G2/G3 V,5977.0,1.18484,1.04,Radial Velocity,2021.0,La Silla Observatory,43.3475,Neptunian
HD 93385 d,HD 93385,2.89,0.258,8.7,0.02737326,0.09,,,0.2565,45.85,G2/G3 V,5977.0,1.18484,1.04,Radial Velocity,2021.0,La Silla Observatory,43.3475,Neptunian
HD 93963 A b,HD 93963 A,1.46954368,0.13110413,2.8,0.00880979,0.0,1842.23,2898.0,0.02061,1.0376109,G0 V,5908.0,1.0311,1.0844,Transit,2022.0,Transiting Exoplanet Survey Satellite (TESS),82.3432,Terrestrial
HD 93963 A c,HD 93963 A,3.11976057,0.27832688,18.4,0.05789287,0.0,1212.45,543.8,0.04726,3.6451389,G0 V,5908.0,1.0311,1.0844,Transit,2022.0,Transiting Exoplanet Survey Satellite (TESS),82.3432,Neptunian
HD 9446 b,HD 9446,14.0,1.25,222.472,0.7,0.2,,,0.189,30.052,G5 V,5793.0,1.0,1.0,Radial Velocity,2009.0,Haute-Provence Observatory,50.3503,Gas Giant
HD 9446 c,HD 9446,13.4,1.2,578.426,1.82,0.06,,,0.654,192.9,G5 V,5793.0,1.0,1.0,Radial Velocity,2009.0,Haute-Provence Observatory,50.3503,Gas Giant
HD 94771 b,HD 94771,14.2,1.27,169.0,0.53,0.39,,0.271,3.48,2164.0,G3/G5 V,5631.0,1.903,1.2,Radial Velocity,2023.0,La Silla Observatory,57.7807,Gas Giant
HD 94834 b,HD 94834,13.7,1.22,400.4658,1.26,0.14,,,2.74,1576.0,K0,4798.0,4.2,1.11,Radial Velocity,2018.0,W. M. Keck Observatory,98.1609,Gas Giant
HD 94890 b,HD 94890,13.3,1.19,676.97450691,2.13,0.22,,,2.07,824.61,K0 III,4867.0,10.71,1.74,Radial Velocity,2025.0,La Silla Observatory,61.7012,Gas Giant
HD 94890 c,HD 94890,12.5,1.12,2831.85110637,8.91,0.05,,,4.33,2492.19,K0 III,4867.0,10.71,1.74,Radial Velocity,2025.0,La Silla Observatory,61.7012,Gas Giant
HD 95086 b,HD 95086,12.9,1.15,1589.0,5.0,,1000.0,,55.7,,A8 III,7595.0,1.48667,1.6,Imaging,2013.0,Paranal Observatory,86.2279,Gas Giant
HD 95089 b,HD 95089,13.7,1.22,400.4658,1.26,0.119,,,1.36,464.4,G8/K0 IV,4918.0,5.08,1.54,Radial Velocity,2009.0,W. M. Keck Observatory,136.957,Gas Giant
HD 95089 c,HD 95089,13.1,1.17,1096.5135,3.45,0.284,,,3.33,1785.0,G8/K0 IV,4918.0,5.08,1.54,Radial Velocity,2018.0,W. M. Keck Observatory,136.957,Gas Giant
HD 95127 b,HD 95127,12.4,1.11,3378.5329,10.63,0.11,,,1.28,482.0,K0,4218.0,41.01,3.7,Radial Velocity,2015.0,McDonald Observatory,676.579,Gas Giant
HD 95338 b,HD 95338,4.27174254,0.3811,42.9,0.135,0.197,443.0,7.42,0.262,55.082694,K0.5 V,5097.0,0.868,0.848,Radial Velocity,2020.0,Las Campanas Observatory,36.9941,Neptunian
HD 95544 b,HD 95544,12.8,1.14,1913.64483855,6.021,0.049,156.5,0.1,3.166,2041.54152,G0,5722.0,1.088,1.01,Radial Velocity,2021.0,Haute-Provence Observatory,87.8049,Gas Giant
HD 95735 c,GJ 411,3.76,0.335,13.6,0.04279039,0.132,,,2.94,2946.0,M1.5 V,3719.0,0.3685,0.3899,Radial Velocity,2021.0,Multiple Observatories,5.675773,Neptunian
HD 95872 b,HD 95872,13.0,1.16,1188.6842,3.74,0.06,,,5.15,4375.0,K0 V,5312.0,0.84,0.7,Radial Velocity,2015.0,Multiple Facilities,72.2195,Gas Giant
HD 96063 b,HD 96063,13.7,1.22,403.6441,1.27,0.17,,,1.11,362.5,G6 V,5020.0,4.75,1.37,Radial Velocity,2011.0,W. M. Keck Observatory,140.065,Gas Giant
HD 96127 b,HD 96127,12.1,1.08,6661.7168,20.96,0.3,,,1.42,647.29999,K2 III,3943.0,51.1,10.94,Radial Velocity,2011.0,McDonald Observatory,587.659,Gas Giant
HD 96167 b,HD 96167,14.0,1.25,227.88411,0.717,0.685,,,1.332,498.04,G5,5733.0,1.94,1.27,Radial Velocity,2009.0,W. M. Keck Observatory,85.3006,Gas Giant
HD 96700 b,HD 96700,2.93,0.261,8.9,0.02800253,0.138,,,0.0777,8.1245,G0 V,5845.0,1.16,0.89,Radial Velocity,2021.0,La Silla Observatory,25.4111,Neptunian
HD 96700 c,HD 96700,1.69,0.151,3.5,0.01101223,0.293,,,0.141,19.88,G0 V,5845.0,1.16,0.89,Radial Velocity,2021.0,La Silla Observatory,25.4111,Super-Earth
HD 96700 d,HD 96700,3.61,0.322,12.7,0.03995867,0.27,,,0.424,103.5,G0 V,5845.0,1.16,0.89,Radial Velocity,2021.0,La Silla Observatory,25.4111,Neptunian
HD 96992 b,HD 96992,13.7,1.22,362.3262,1.14,0.41,,,1.24,514.0,K0,4725.0,7.43,0.96,Radial Velocity,2021.0,Multiple Observatories,396.082,Gas Giant
HD 97037 b,HD 97037,12.1,1.08,6707.76852973,21.105,0.357,,,6.925,6449.08337,,5874.1,1.26356,1.06,Radial Velocity,2022.0,Multiple Observatories,32.413,Gas Giant
HD 97048 b,HD 97048,13.3,1.18,794.575,2.5,,,,130.0,,Be9.5/AO,10000.0,2.25,2.4,Disk Kinematics,2019.0,Atacama Large Millimeter Array (ALMA),183.857,Gas Giant
HD 97658 b,HD 97658,2.12,0.18913406,8.3,0.02611472,0.05,751.0,41.924,0.0805,9.4897116,K1 V,5212.0,0.728,0.85,Radial Velocity,2010.0,W. M. Keck Observatory,21.5618,Super-Earth
HD 98219 b,HD 98219,13.4,1.2,624.21812,1.964,0.079,,,1.26,433.8,K0 III/IV,4925.0,4.6,1.41,Radial Velocity,2011.0,W. M. Keck Observatory,113.704,Gas Giant
HD 98649 b,HD 98649,12.5,1.11,3082.9355479,9.7,0.852,,,5.97,5384.0,G3/G5 V,5759.0,1.01,0.97,Radial Velocity,2012.0,La Silla Observatory,42.1727,Gas Giant
HD 98736 b,HD 98736,13.3,1.19,740.5439,2.33,0.226,,,1.864,968.8,G5,5271.0,0.93,0.92,Radial Velocity,2018.0,W. M. Keck Observatory,32.4459,Gas Giant
HD 99109 b,HD 99109,14.3,1.28,139.8452,0.44,0.09,,,1.11,439.29999,G8/K0 IV,5282.0,0.98,0.76,Radial Velocity,2005.0,W. M. Keck Observatory,54.7901,Gas Giant
HD 99283 b,HD 99283,13.8,1.23,308.29355479,0.97,0.2,,,1.08,310.4,K0 III,4886.0,11.21,1.76,Radial Velocity,2021.0,Okayama Astrophysical Observatory,111.093,Gas Giant
HD 99492 b,HD 99492,5.44,0.486,25.5,0.08023197,0.034,,,0.12,17.0503,K2 V,4929.0,0.822539,0.85,Radial Velocity,2004.0,W. M. Keck Observatory,18.2038,Neptunian
HD 99706 b,HD 99706,13.7,1.22,390.9309,1.23,0.25,,,1.98,841.0,K0,4862.0,5.52,1.46,Radial Velocity,2011.0,W. M. Keck Observatory,146.6,Gas Giant
HIP 105854 b,HIP 105854,12.6,1.12,2606.1,8.2,0.02,,,0.81,184.2,K2 III,4780.0,10.305119,2.1,Radial Velocity,2014.0,Multiple Observatories,78.6381,Gas Giant
HIP 107772 b,HIP 107772,3.64,0.325,12.9,0.04058774,0.18,,,0.243,55.199,M0 V,4006.0,0.513922,0.63,Radial Velocity,2020.0,Multiple Observatories,23.6434,Neptunian
HIP 107773 b,HIP 107773,13.4,1.19,629.3034,1.98,0.09,,,0.72,144.3,K1 III,4945.0,11.6,2.42,Radial Velocity,2015.0,Multiple Observatories,105.18,Gas Giant
HIP 109384 b,HIP 109384,13.5,1.21,495.8148,1.56,0.549,,,1.134,499.48,G5,5180.0,0.831075,0.78,Radial Velocity,2016.0,Haute-Provence Observatory,58.9582,Gas Giant
HIP 109600 b,HIP 109600,13.2,1.18,851.7844,2.68,0.163,,,0.706,232.08,G5,5530.0,0.971958,0.87,Radial Velocity,2016.0,Haute-Provence Observatory,66.3361,Gas Giant
HIP 111909 b,HIP 111909,13.7,1.22,384.57237247,1.21,,,,1.32,487.08,K1 III,4891.0,4.53,1.28,Radial Velocity,2025.0,Multiple Observatories,88.077,Gas Giant
HIP 111909 c,HIP 111909,13.9,1.24,257.44100967,0.81,,,,1.97,893.63,K1 III,4891.0,4.53,1.28,Radial Velocity,2025.0,Multiple Observatories,88.077,Gas Giant
HIP 113103 b,HIP 113103,1.829,0.16317273,4.0,0.0126,0.17,721.0,,0.06899,7.610303,,4930.0,0.742,0.761,Transit,2023.0,Transiting Exoplanet Survey Satellite (TESS),46.2122,Super-Earth
HIP 113103 c,HIP 113103,2.4,0.21411403,6.35,0.02,0.17,585.0,180.487,0.10479,14.245648,,4930.0,0.742,0.761,Transit,2023.0,Transiting Exoplanet Survey Satellite (TESS),46.2122,Super-Earth
HIP 114933 b,HIP 114933,13.4,1.2,616.58710958,1.94,0.21,,,2.84,1481.6,K0 III,4823.0,5.27,1.39,Radial Velocity,2021.0,Multiple Observatories,101.766,Gas Giant
HIP 116454 b,HIP 116454,2.469,0.22026981,9.7,0.03051961,0.215,753.2,51.2858,0.0792,9.1004157,K1,5048.0,0.758,0.8,Transit,2014.0,K2,62.4491,Super-Earth
HIP 12961 b,HIP 12961,13.2,1.18,114.4188,0.36,0.17,,,0.25,57.435,M0,3901.0,0.65,0.69,Radial Velocity,2010.0,La Silla Observatory,23.371,Gas Giant
HIP 14810 b,HIP 14810,13.0,1.16,1239.537,3.9,0.14399,,,0.0696,6.673892,G5,5544.0,1.07,1.01,Radial Velocity,2005.0,W. M. Keck Observatory,50.48,Gas Giant
HIP 14810 c,HIP 14810,13.6,1.22,416.3573,1.31,0.1566,,,0.549,147.747,G5,5544.0,1.07,1.01,Radial Velocity,2006.0,W. M. Keck Observatory,50.48,Gas Giant
HIP 14810 d,HIP 14810,14.1,1.26,187.5197,0.59,0.185,,,1.94,981.8,G5,5544.0,1.07,1.01,Radial Velocity,2009.0,W. M. Keck Observatory,50.48,Gas Giant
HIP 18606 b,HIP 18606,14.0,1.25,244.72787339,0.77,,,,1.61,674.94,K0/1 III,4860.0,4.83,1.21,Radial Velocity,2025.0,Multiple Observatories,47.0288,Gas Giant
HIP 19976 b,HIP 19976,4.94,0.441,21.61233168,0.068,0.304,,,0.234,50.65905,,4316.0,0.772319,0.67,Radial Velocity,2022.0,Multiple Observatories,40.2707,Neptunian
HIP 21152 b,HIP 21152,12.0,1.07,7627.881768,24.0,0.36,1300.0,,17.0,22000.0,F5 V,6655.0,1.59186,1.4,Imaging,2022.0,Multiple Observatories,43.4073,Gas Giant
HIP 29442 c,TOI-469,1.551,0.13837119,4.5,0.01415858,,1123.0,451.0,0.04518,3.5379559,,5289.0,0.98,0.901,Radial Velocity,2023.0,Paranal Observatory,68.192,Super-Earth
HIP 29442 d,TOI-469,1.538,0.13721141,5.14,0.01617225,,920.0,203.0,0.0673,6.429575,,5289.0,0.98,0.901,Radial Velocity,2023.0,Paranal Observatory,68.192,Super-Earth
HIP 34222 b,HIP 34222,13.9,1.24,263.79757781,0.83,0.305,,,0.492,159.986,K7 V,4050.0,0.6186,0.62,Radial Velocity,2021.0,Cerro Tololo Inter-American Observatory,22.8386,Gas Giant
HIP 35173 b,HIP 35173,3.61,0.322,12.7,0.03995847,0.16,,,0.217,41.516,K2 V,4881.0,0.773404,0.79,Radial Velocity,2019.0,Las Campanas Observatory,33.1562,Neptunian
HIP 35965 b,HIP 35965,12.6,1.12,2589.98368864,8.149,0.138,,,15.898,26125.56497,,4836.0,0.697551,0.78,Radial Velocity,2022.0,Multiple Observatories,50.1677,Gas Giant
HIP 38594 b,HIP 38594,2.77,0.247,8.1,0.02548532,0.17,,,0.256,60.722,M0,4086.3,0.626646,0.61,Radial Velocity,2020.0,Multiple Observatories,17.7886,Neptunian
HIP 38594 c,HIP 38594,7.94,0.708,48.4,0.15228267,0.16,,,3.805,3477.768,M0,4086.3,0.626646,0.61,Radial Velocity,2020.0,Multiple Observatories,17.7886,Gas Giant
HIP 39017 b,HIP 39017,12.0,1.07,7500.7504052,23.6,0.55,,,22.1,31000.0,A9/F0,7201.0,1.51987,1.52,Imaging,2024.0,Multiple Observatories,66.3217,Gas Giant
HIP 4845 b,HIP 4845,3.89,0.347,14.4,0.04530724,0.25,,,0.176,34.15,K7V,4010.0,0.603999,0.62,Radial Velocity,2020.0,Multiple Observatories,21.0974,Neptunian
HIP 48714 b,HIP 48714,5.11,0.456,22.9,0.0720511,0.5,,,0.112,17.818,M0.5 Ve,4015.5,0.595456,0.58,Radial Velocity,2020.0,Multiple Observatories,10.5298,Neptunian
HIP 5158 b,HIP 5158,13.6,1.21,451.0,1.42,0.52,,,0.89,345.72,,4962.0,0.75,0.78,Radial Velocity,2009.0,La Silla Observatory,51.6026,Gas Giant
HIP 5158 c,HIP 5158,12.2,1.09,4780.1632,15.04,0.14,,,7.7,9017.76,,4813.0,0.754089,0.78,Radial Velocity,2011.0,La Silla Observatory,51.6026,Gas Giant
HIP 54373 b,HIP 54373,2.87,0.256,8.62,0.02712142,0.2,,,0.063,7.76,K5 V,4021.0,0.564998,0.57,Radial Velocity,2019.0,Las Campanas Observatory,18.7168,Neptunian
HIP 54373 c,HIP 54373,3.57,0.318,12.44,0.03914042,0.2,,,0.099,15.144,K5 V,4021.0,0.564998,0.57,Radial Velocity,2019.0,Las Campanas Observatory,18.7168,Neptunian
HIP 54515 b,HIP 54515,12.2,1.08,5625.5628039,17.7,0.42,,,24.8,33000.0,A5 V,8100.0,1.64915,1.9,Imaging,2026.0,Subaru Telescope,82.8101,Gas Giant
HIP 54597 b,HIP 54597,13.3,1.18,762.7881768,2.4,0.03,,0.0143,4.0,3274.0,K5 V,4799.0,0.66,0.8,Radial Velocity,2023.0,La Silla Observatory,39.7429,Gas Giant
HIP 55507 b,HIP 55507,12.6,1.12,2585.53409095,8.135,0.362,,,5.062,5138.43727,M0,4171.0,0.723643,0.65,Radial Velocity,2022.0,Multiple Observatories,25.4893,Gas Giant
HIP 56640 b,HIP 56640,12.7,1.13,2151.69831539,6.77,0.118,,,4.55,2675.57603,K1 III,4769.0,4.93,1.75,Radial Velocity,2021.0,Multiple Observatories,122.324,Gas Giant
HIP 57274 c,HIP 57274,14.2,1.27,130.0,0.40902369,0.05,,,0.178,32.03,K4 V,4640.0,0.68,0.73,Radial Velocity,2011.0,W. M. Keck Observatory,25.8618,Gas Giant
HIP 57274 d,HIP 57274,14.2,1.27,167.4,0.5267,0.27,,,1.01,431.7,K4 V,4640.0,0.68,0.73,Radial Velocity,2011.0,W. M. Keck Observatory,25.8618,Gas Giant
HIP 5763 b,HIP 5763,14.2,1.27,162.09248757,0.51,0.054,,,0.17,30.014,K6 V,4352.0,0.750378,0.72,Radial Velocity,2021.0,Cerro Tololo Inter-American Observatory,31.9043,Gas Giant
HIP 63242 b,HIP 63242,12.5,1.12,2917.56,9.18,0.23,,,0.565,124.6,G8,4830.0,10.275655,1.54,Radial Velocity,2013.0,Multiple Observatories,156.456,Gas Giant
HIP 65 A b,HIP 65 A,22.75427,2.03,1021.18779,3.213,0.0,1411.0,661.0,0.01782,0.9809734,K4 V,4590.0,0.7242,0.781,Transit,2020.0,Transiting Exoplanet Survey Satellite (TESS),61.7856,Gas Giant
HIP 65407 b,HIP 65407,14.3,1.28,136.03124,0.428,0.14,,,0.177,28.125,K0,5460.0,0.952252,0.93,Radial Velocity,2016.0,Haute-Provence Observatory,61.7804,Gas Giant
HIP 65407 c,HIP 65407,13.9,1.24,249.17872,0.784,0.12,,,0.316,67.3,K0,5460.0,0.952252,0.93,Radial Velocity,2016.0,Haute-Provence Observatory,61.7804,Gas Giant
HIP 65426 b,HIP 65426,16.8135,1.5,2860.47,9.0,,1500.0,,92.0,,A2 V,8840.0,1.77,1.96,Imaging,2017.0,Paranal Observatory,108.875,Gas Giant
HIP 65891 b,HIP 65891,12.8,1.14,1871.37366042,5.888,0.128,,,2.794,1079.55726,K0 III,5000.0,8.93,2.49,Radial Velocity,2015.0,Multiple Observatories,150.292,Gas Giant
HIP 66074 b,HIP 66074,12.9,1.15,1589.142035,5.0,0.948,,,0.799,310.9,,4300.0,0.69,0.705,Astrometry,2023.0,European Space Agency (ESA) Gaia Satellite,35.4438,Gas Giant
HIP 67522 b,HIP 67522,9.9872018,0.891,71.4,0.225,0.064,1175.0,341.0878,0.0748,6.9594731,G1 V,5675.0,1.38,1.22,Transit,2020.0,Transiting Exoplanet Survey Satellite (TESS),127.28,Gas Giant
HIP 67522 c,HIP 67522,7.93595834,0.708,48.3,0.152,0.077,917.0,,0.1228,14.334892,G1 V,5675.0,1.38,1.22,Transit,2024.0,Transiting Exoplanet Survey Satellite (TESS),127.28,Gas Giant
HIP 67537 b,HIP 67537,12.3,1.1,4309.11754211,13.558,0.586,,,4.807,2523.64713,K1 III,4985.0,8.69,2.316,Radial Velocity,2017.0,Multiple Observatories,116.046,Gas Giant
HIP 67851 b,HIP 67851,13.7,1.22,365.50266805,1.15,0.13,,,0.42,89.23,K0 III,4840.0,5.45,1.28,Radial Velocity,2015.0,Multiple Observatories,64.1181,Gas Giant
HIP 67851 c,HIP 67851,12.7,1.13,2204.77565936,6.937,0.3,,,4.55,3128.41,K0 III,4840.0,5.45,1.28,Radial Velocity,2015.0,Multiple Observatories,64.1181,Gas Giant
HIP 70849 b,HIP 70849,12.9,1.15,1430.2278315,4.5,0.65,,,3.99,3649.0,K7 V,4105.0,0.633112,0.65,Radial Velocity,2009.0,La Silla Observatory,24.0572,Gas Giant
HIP 71135 b,HIP 71135,4.55,0.406,18.8,0.05915112,0.21,,,0.335,87.19,M1,4146.0,0.681296,0.66,Radial Velocity,2019.0,Las Campanas Observatory,32.3311,Neptunian
HIP 74890 b,HIP 74890,13.3,1.18,762.792,2.4,0.07,,,2.1,822.3,K1 III,4850.0,5.77,1.74,Radial Velocity,2016.0,Multiple Observatories,78.6562,Gas Giant
HIP 75092 b,HIP 75092,13.5,1.2,568.91284853,1.79,0.42,,,2.02,926.4,K0 III,4891.0,4.53,1.28,Radial Velocity,2021.0,Multiple Observatories,81.6696,Gas Giant
HIP 77900 b,HIP 77900,12.1,1.08,6674.396547,21.0,,2507.0,,3319.0,,,13646.0,,,Imaging,2024.0,European Space Agency (ESA) Gaia Satellite,150.862,Gas Giant
HIP 78530 b,HIP 78530,12.0,1.07,7300.0,23.0,,2700.0,,740.0,,B9 V,10500.0,2.10876,2.5,Imaging,2010.0,Gemini Observatory,136.759,Gas Giant
HIP 79098 AB b,HIP 79098 AB,12.1,1.08,6515.515,20.5,,2450.0,,345.0,,B9 V,9193.75,,3.75,Imaging,2019.0,Paranal Observatory,145.798,Gas Giant
HIP 79431 b,HIP 79431,13.4,1.19,667.415,2.1,0.29,,,0.36,111.7,M3 V,3191.0,0.478625,0.49,Radial Velocity,2009.0,W. M. Keck Observatory,14.5324,Gas Giant
HIP 81208 C b,HIP 81208 C,12.3,1.09,4703.8604236,14.8,,2050.0,,23.04,104100.0,M,,,0.135,Imaging,2023.0,Paranal Observatory,147.533,Gas Giant
HIP 8152 b,HIP 8152,2.53625843,0.22627021,8.9,0.02800253,0.0,794.96,88.9,0.093,10.751014,,5618.0,0.9603,0.9373,Transit,2023.0,Transiting Exoplanet Survey Satellite (TESS),101.694,Neptunian
HIP 8152 c,HIP 8152,2.52442508,0.22521451,10.7,0.03366596,0.2,650.68,39.9,0.139,19.60562,,5618.0,0.9603,0.9373,Transit,2023.0,Transiting Exoplanet Survey Satellite (TESS),101.694,Neptunian
HIP 8541 b,HIP 8541,12.6,1.13,2451.7283316,7.714,0.36,,,3.729,1852.14387,K2 III/IV,4672.0,6.84,2.009,Radial Velocity,2016.0,Multiple Observatories,155.121,Gas Giant
HIP 86221 b,HIP 86221,14.0,1.25,225.65816897,0.71,0.086,,,0.031,2.224,K5 V,,,0.79,Radial Velocity,2021.0,Cerro Tololo Inter-American Observatory,29.4898,Gas Giant
HIP 90988 b,HIP 90988,13.4,1.19,668.07531151,2.102,0.081,,,1.36,455.73816,K1 III,4883.0,3.94,1.613,Radial Velocity,2021.0,Multiple Observatories,94.0349,Gas Giant
HIP 91258 b,HIP 91258,13.7,1.23,346.4347,1.09,0.02,,,0.06,5.0505,G5 V,5519.0,0.89,0.97,Radial Velocity,2013.0,Haute-Provence Observatory,45.8846,Gas Giant
HIP 94235 b,HIP 94235,3.0,0.26764253,379.0,1.19246736,0.32,1060.0,219.2841,0.0787,7.713057,G V,5991.0,1.08,1.094,Transit,2022.0,Transiting Exoplanet Survey Satellite (TESS),58.5146,Neptunian
HIP 948 b,HIP 948,12.1,1.08,6547.2651842,20.6,0.23,,,15.037,24955.45756,,4497.0,0.688488,0.71,Radial Velocity,2022.0,Multiple Observatories,34.8523,Gas Giant
HIP 9618 b,HIP 9618,3.82838127,0.34154589,8.3,0.02611472,0.0,640.88,40.3,0.145,20.772858,,5649.0,0.9593,0.942,Transit,2023.0,Transiting Exoplanet Survey Satellite (TESS),67.5478,Neptunian
HIP 9618 c,HIP 9618,3.42855926,0.3058761,7.0,0.02202446,0.0,470.31,11.7,0.269,52.56363,,5649.0,0.9593,0.942,Transit,2023.0,Transiting Exoplanet Survey Satellite (TESS),67.5478,Neptunian
HIP 97166 b,HIP 97166,2.4801338,0.2212631,19.1,0.06009532,0.29,701.66,9.0686,0.091,10.288914,K0 V,5216.0,0.8418,0.9342,Transit,2021.0,Transiting Exoplanet Survey Satellite (TESS),65.9501,Super-Earth
HIP 97166 c,HIP 97166,2.75,0.245,8.0,0.02517081,0.0,642.0,,0.124,16.432,K0 V,5216.0,0.8418,0.9342,Radial Velocity,2021.0,Multiple Observatories,65.9501,Neptunian
HIP 97233 b,HIP 97233,12.1,1.08,6098.17364511,19.187,0.63,,,2.491,1062.26506,K0/1 III,5020.0,5.34,1.81,Radial Velocity,2014.0,Multiple Observatories,102.275,Gas Giant
HIP 99770 b,HIP 99770,12.2,1.09,5117.0373527,16.1,0.25,,,16.9,18600.0,A5-A6,8000.0,1.93986,1.85,Imaging,2023.0,Multiple Observatories,40.0765,Gas Giant
HN Lib b,HN Lib,2.2,0.196,5.46,0.01717908,0.079,234.4,0.503,0.1417,36.116,M4.0 V,3347.0,0.299,0.291,Radial Velocity,2023.0,Calar Alto Observatory,6.24442,Super-Earth
HN Peg b,HN Peg,11.7768,1.05066,6991.57,21.9987,,,,773.0,,G0 V,6186.0,1.006954,1.08,Imaging,2006.0,Spitzer Space Telescope,18.1186,Gas Giant
HR 2562 b,HR 2562,12.44199,1.11,4195.3349724,13.2,,1255.0,,27.0,,F5 V,6597.0,1.334,1.368,Imaging,2016.0,Gemini Observatory,34.0071,Gas Giant
HR 5183 b,HR 5183,13.1,1.17,1052.01202717,3.31,0.84,171.0,,18.0,27000.0,G0 V,5794.0,1.53,1.07,Radial Velocity,2019.0,Multiple Observatories,31.4607,Gas Giant
HR 810 b,HR 810,12.7,1.14,1970.5361234,6.2,0.14,,,0.92,302.79999,G0V,6167.0,1.13,1.34,Radial Velocity,1999.0,La Silla Observatory,17.3181,Gas Giant
HR 858 b,HR 858,2.004,0.17878521,3.55,0.01116955,0.0,1552.0,989.7,0.04888,3.585287,F6 V,6354.0,1.258,1.204,Transit,2019.0,Transiting Exoplanet Survey Satellite (TESS),31.964,Super-Earth
HR 858 c,HR 858,1.979,0.17655486,3.8,0.01195614,0.0,1309.0,512.0,0.0687,5.973865,F6 V,6354.0,1.258,1.204,Transit,2019.0,Transiting Exoplanet Survey Satellite (TESS),31.964,Super-Earth
HR 858 d,HR 858,2.001,0.17851757,7.1,0.0223391,0.0,1061.0,217.0,0.1046,11.230511,F6 V,6354.0,1.258,1.204,Transit,2019.0,Transiting Exoplanet Survey Satellite (TESS),31.964,Super-Earth
HR 8799 b,HR 8799,13.0,1.2,2000.0,7.0,,1200.0,,68.0,170000.0,A5 V,7204.58,1.49338,1.5,Imaging,2008.0,Gemini Observatory,41.2441,Gas Giant
HR 8799 c,HR 8799,13.0,1.2,3000.0,10.0,0.5,1200.0,,38.0,69000.0,A5 V,7204.58,1.49338,1.5,Imaging,2008.0,Gemini Observatory,41.2441,Gas Giant
HR 8799 d,HR 8799,13.0,1.2,3000.0,10.0,0.6,1300.0,,24.0,37000.0,A5 V,7204.58,1.49338,1.5,Imaging,2008.0,W. M. Keck Observatory,41.2441,Gas Giant
HR 8799 e,HR 8799,13.11453,1.17,3178.3,10.0,0.15,1150.0,,16.4,20815.6,A5,7400.0,1.49338,1.51,Imaging,2010.0,W. M. Keck Observatory,41.2441,Gas Giant
HS Psc b,HS Psc,13.6,1.21,464.02947422,1.46,0.27,,,0.0435,3.986,K7 V,4203.0,0.65,0.69,Radial Velocity,2024.0,McDonald Observatory,37.6604,Gas Giant
HU Aqr AB b,HU Aqr,12.8,1.14,1875.197,5.9,0.0,,,3.6,2390.0,,5952.0,,0.88,Eclipse Timing Variations,2011.0,Yunnan Astronomical Observatory,192.19807871,Gas Giant
HU Aqr AB c,HU Aqr,12.9,1.15,1430.235,4.5,0.51,,,5.4,4368.0,,5952.0,,0.88,Eclipse Timing Variations,2011.0,Yunnan Astronomical Observatory,192.19807871,Gas Giant
IC 4651 9122 b,IC 4651 9122,12.7,1.14,2002.329,6.3,0.18,,,2.038,734.0,,4740.1,10.267424,2.1,Radial Velocity,2018.0,La Silla Observatory,859.324,Gas Giant
IRAS 04125+2902 b,IRAS 04125+2902,10.73820351,0.958,80.8,0.254,,854.0,41.4199,0.077,8.834978,,4080.0,1.45,0.7,Transit,2024.0,Transiting Exoplanet Survey Satellite (TESS),159.244,Gas Giant
ITG 15 b,ITG 15 A,12.1,1.08,6674.396547,21.0,,2601.0,,435.0,,,,,,Imaging,2024.0,European Space Agency (ESA) Gaia Satellite,136.37,Gas Giant
K2-10 b,K2-10,3.773,0.33660509,25.2,0.07928807,0.31,649.0,42.1,0.137,19.30553,F9,5533.0,0.956,0.88,Transit,2015.0,K2,272.36,Neptunian
K2-100 b,K2-100,3.88,0.34615101,21.8,0.06859047,0.0,1841.0,1915.0,0.0301,1.6739035,G0 V,5945.0,1.24,1.15,Transit,2016.0,K2,188.959,Neptunian
K2-101 b,K2-101,2.0,0.17842836,4.66,0.0147,0.1,618.0,,0.1124,14.6762429,K3,4927.0,0.76,0.82,Transit,2016.0,K2,188.33,Super-Earth
K2-104 b,K2-104,1.79,0.15969338,3.86,0.0121,0.09,798.0,62.1,0.0242,1.9741954,M2.5e,3712.0,0.48,0.51,Transit,2016.0,K2,189.289,Super-Earth
K2-105 b,K2-105,3.4,0.30332821,15.4,0.04845382,0.0,805.0,100.0,0.0796,8.26726,K1,5373.0,0.905,0.94,Transit,2017.0,K2,197.989,Neptunian
K2-107 b,K2-107,15.98,1.42564011,266.9772,0.84,0.0,1649.0,,0.0475,3.313959,F9 IV,6061.0,1.81,1.3,Transit,2017.0,K2,685.2,Gas Giant
K2-108 b,K2-108,5.33,0.47551075,59.4,0.18689236,0.18,1360.0,762.0,0.0581,4.733999,,5599.0,1.76,1.17,Transit,2017.0,K2,477.295,Neptunian
K2-11 b,K2-11,7.55,0.67356588,44.4,0.14,,734.0,9.84,0.2257,39.93767,G8,5433.0,5.15,1.35,Transit,2015.0,K2,329.309,Gas Giant
K2-110 b,K2-110,2.592,0.23124315,15.9,0.05002699,0.13,638.0,27.7,0.10207,13.86375,K3 V,5010.0,0.713,0.738,Transit,2017.0,K2,116.474,Neptunian
K2-111 b,K2-111,1.82,0.1623698,5.58,0.01755664,0.1,1309.0,490.0,0.0565,5.3518,G2,5775.0,1.25,0.84,Transit,2017.0,K2,200.394,Super-Earth
K2-111 c,K2-111,3.33,0.297,11.08,0.03486158,0.071,,,0.11569,15.6805,G2,5775.0,1.25,0.84,Radial Velocity,2020.0,Multiple Observatories,200.394,Neptunian
K2-113 b,K2-113,12.14,1.08305826,410.0007,1.29,0.0,1098.0,277.39,0.0642,5.817685,G,5660.0,1.24,1.04,Transit,2017.0,K2,635.722,Gas Giant
K2-114 b,K2-114,10.59248676,0.945,638.83509807,2.01,0.079,701.4,40.0,0.0944,11.390931,,4899.0,0.832,0.863,Transit,2017.0,K2,475.758,Gas Giant
K2-115 b,K2-115,11.80305668,1.053,321.00669107,1.01,0.063,696.0,20.4393,0.1415,20.2729914,G4,5870.0,0.855,0.918,Transit,2017.0,K2,413.591,Gas Giant
K2-116 b,K2-116,0.69,0.06155768,0.257,0.000809,0.06,,78.6,0.048,4.655411,,4348.35,0.6694,0.694512,Transit,2017.0,K2,49.3855,Terrestrial
K2-117 b,K2-117,2.03,0.18110447,4.78,0.015,0.06,868.0,145.8,0.0189,1.2916,M1.0 V,3778.0,0.51,0.54,Transit,2017.0,K2,101.632,Super-Earth
K2-117 c,K2-117,2.06,0.18378089,4.9,0.0154,0.15,537.0,21.4,0.0492,5.444017,M1.0 V,3778.0,0.51,0.54,Transit,2017.0,K2,101.632,Super-Earth
K2-118 b,K2-118,2.54,0.22660362,6.99,0.022,0.2,,4.3,0.245,50.92092,,4726.29,0.734626,0.756446,Transit,2017.0,K2,321.722,Neptunian
K2-119 b,K2-119,2.53,0.22571148,6.94,0.0218,0.07,666.0,54.9,0.0698,7.727283,,4740.0,0.71,0.76,Transit,2017.0,K2,365.581,Neptunian
K2-12 b,K2-12,2.44,0.21768259,5.2,0.01636103,0.5,1026.0,185.0,0.0792,8.28246,F9,5672.0,1.117,0.965,Transit,2015.0,K2,326.381,Super-Earth
K2-121 b,K2-121,7.16,0.63877351,51.0,0.16046394,0.22,716.0,62.5,0.0525,5.185738,,4526.0,0.675,0.71,Transit,2017.0,K2,169.398,Gas Giant
K2-122 b,K2-122,1.16,0.10348845,1.65,0.00521,0.21,769.0,79.9,0.0373,2.2193023,M0,4009.0,0.59,0.63,Transit,2017.0,K2,72.0444,Terrestrial
K2-123 b,K2-123,2.76,0.24623071,8.05,0.0253,0.06,338.0,2.9,0.1649,30.951524,,4035.0,0.59,0.62,Transit,2017.0,K2,161.555,Neptunian
K2-124 b,K2-124,2.9,0.25872067,8.75,0.0275,0.08,442.0,8.7,0.049,6.413651,,3570.0,0.388,0.39,Transit,2017.0,K2,140.385,Neptunian
K2-125 b,K2-125,2.18,0.19448657,5.39,0.017,0.08,,2.0,0.121,21.750264,,3654.47,0.402049,0.494727,Transit,2017.0,K2,124.156,Super-Earth
K2-126 b,K2-126,1.97,0.17575163,4.54,0.0143,0.06,601.0,35.3,0.0656,7.385655,,4339.0,0.65,0.69,Transit,2017.0,K2,102.953,Super-Earth
K2-127 b,K2-127,8.37,0.74672138,52.9,0.167,0.12,809.0,105.6,0.0411,3.588163,,4575.0,0.66,0.72,Transit,2017.0,K2,709.999,Gas Giant
K2-128 b,K2-128,1.42,0.12668391,2.6,0.00819,0.23,,68.8,0.056,5.675819,,4469.51,0.777569,0.711248,Transit,2017.0,K2,114.637,Terrestrial
K2-129 b,K2-129,1.04,0.09278259,1.12,0.00352,0.13,,4.5,0.057,8.239493,,3459.09,0.36001,0.360031,Transit,2017.0,K2,27.7957,Terrestrial
K2-13 b,K2-13,1.89,0.16861451,4.23,0.0133,,511.0,22.8,0.2114,39.91488,G3,5698.0,0.78,0.8,Transit,2015.0,K2,342.394,Super-Earth
K2-130 b,K2-130,1.25,0.11151753,2.1,0.0066,0.17,,136.4,0.032,2.49412,,4356.47,0.744261,0.69563,Transit,2017.0,K2,118.011,Terrestrial
K2-131 b,K2-131,1.69,0.15077196,7.9,0.02485618,0.0,2223.0,4070.0,0.00936,0.3693038,,5120.0,0.7595,0.803,Transit,2017.0,K2,152.509,Super-Earth
K2-132 b,K2-132,14.5717,1.3,155.7367,0.49,0.29,1586.0,293.374,0.0916,9.1751,,4840.0,3.85,1.08,Transit,2017.0,K2,609.818,Gas Giant
K2-133 b,K2-133,1.34,0.11954679,2.36,0.00742,,,,0.03194,3.07133,M1.5 V,3655.0,0.455,0.461,Transit,2017.0,K2,75.1703,Terrestrial
K2-133 c,K2-133,1.603,0.14301008,3.2,0.0101,,,,0.04341,4.86784,M1.5 V,3655.0,0.455,0.461,Transit,2017.0,K2,75.1703,Super-Earth
K2-133 d,K2-133,2.003,0.17869569,4.67,0.0147,,734.0,48.3251,0.07487,11.02454,M1.5 V,3655.0,0.455,0.461,Transit,2017.0,K2,75.1703,Super-Earth
K2-133 e,K2-133,1.73,0.15434026,3.64,0.0115,,296.0,1.8,0.1346,26.5841,M1.5 V,3655.0,0.455,0.461,Transit,2019.0,K2,75.1703,Super-Earth
K2-136 b,K2-136,1.014,0.09046318,4.3,0.01352931,0.14,610.0,33.5,0.0707,7.9752,K5.5,4500.0,0.677,0.742,Transit,2017.0,K2,59.2474,Terrestrial
K2-136 c,K2-136,3.0,0.26764253,18.1,0.05694897,0.047,470.0,11.91,0.1185,17.30713,K5 V,4500.0,0.677,0.742,Transit,2017.0,K2,59.2474,Neptunian
K2-136 d,K2-136,1.565,0.13962019,3.0,0.00943906,0.071,420.0,7.07,0.1538,25.575,K5.5,4500.0,0.677,0.742,Transit,2017.0,K2,59.2474,Super-Earth
K2-137 b,K2-137,0.64,0.05709707,158.915,0.5,0.0,1471.0,,0.0058,0.179719,M3 V,3697.0,0.29,0.463,Transit,2017.0,K2,98.8765,Terrestrial
K2-138 b,K2-138,1.51,0.13471318,3.1,0.00975364,0.048,1157.0,486.0,0.03385,2.35309,G8 V,5356.3,0.863,0.935,Transit,2017.0,K2,202.585,Super-Earth
K2-138 c,K2-138,2.299,0.20510304,6.31,0.01985338,0.045,1012.0,279.0,0.04461,3.56004,G8 V,5356.3,0.863,0.935,Transit,2017.0,K2,202.585,Super-Earth
K2-138 d,K2-138,2.39,0.21322152,7.92,0.02491898,0.043,888.0,160.0,0.05893,5.40479,G8 V,5356.3,0.863,0.935,Transit,2017.0,K2,202.585,Super-Earth
K2-138 e,K2-138,3.39,0.30243554,12.97,0.04080798,0.077,757.0,91.1,0.0782,8.26146,G8 V,5356.3,0.863,0.935,Transit,2017.0,K2,202.585,Neptunian
K2-138 f,K2-138,2.904,0.25907753,1.63,0.00512853,0.062,653.0,51.0,0.10447,12.75758,G8 V,5356.3,0.863,0.935,Transit,2017.0,K2,202.585,Neptunian
K2-138 g,K2-138,3.013,0.26880186,4.32,0.01359217,0.059,445.0,9.29,0.23109,41.96797,G8 V,5356.3,0.863,0.935,Transit,2021.0,K2,202.585,Neptunian
K2-139 b,K2-139,9.11,0.81273976,123.00021,0.387,0.12,524.0,,0.1796,28.380619,K0 V,5370.0,0.88,0.96,Transit,2017.0,K2,153.856,Gas Giant
K2-14 b,K2-14,4.81,0.42911946,20.7,0.065,0.14,488.0,8.0,0.0627,8.36802,M0,3789.0,0.45,0.47,Transit,2015.0,K2,364.048,Neptunian
K2-140 b,K2-140,13.56286665,1.21,295.58041851,0.93,0.0,962.0,204.0,0.068,6.569188,G6 V,5585.0,1.06,0.96,Transit,2017.0,K2,347.917,Gas Giant
K2-141 b,K2-141,1.51,0.13471341,4.97,0.01563737,0.0,2103.0,3260.0,0.00747,0.2803244,K7 V,4570.0,0.681,0.708,Transit,2018.0,K2,61.8736,Super-Earth
K2-141 c,K2-141,7.0,0.62449925,8.0,0.02517081,0.092,695.0,39.1,0.0683,7.7485,K7 V,4570.0,0.681,0.708,Transit,2018.0,K2,61.8736,Gas Giant
K2-146 b,K2-146,2.05,0.18288875,5.77,0.01816,0.129,534.0,20.7,0.0248,2.6446,M3.0 V,3385.0,0.33,0.331,Transit,2018.0,K2,79.3002,Super-Earth
K2-146 c,K2-146,2.19,0.19537871,7.49,0.02358,0.075,,,0.0327,4.00498,M3.0 V,3385.0,0.33,0.331,Transit,2019.0,K2,79.3002,Super-Earth
K2-147 b,K2-147,1.47286006,0.1314,2.77,0.00872,0.38,1077.0,200.1,0.01575,0.961939,,3690.0,0.578,0.563,Transit,2018.0,K2,90.5494,Terrestrial
K2-148 b,K2-148,1.33,0.11865465,2.33,0.00733,,,48.8,0.0454,4.38395,,4079.0,0.632,0.65,Transit,2018.0,K2,124.458,Terrestrial
K2-148 c,K2-148,1.73,0.15434026,3.64,0.0115,,,26.5,0.0616,6.9226,,4079.0,0.632,0.65,Transit,2018.0,K2,124.458,Super-Earth
K2-148 d,K2-148,1.64,0.146311,3.33,0.0105,,,16.8,0.0774,9.7579,,4079.0,0.632,0.65,Transit,2018.0,K2,124.458,Super-Earth
K2-149 b,K2-149,1.64,0.146311,3.33,0.0105,,,7.0,0.083,11.332,M1.0 V,3745.0,0.568,0.595,Transit,2018.0,K2,123.676,Super-Earth
K2-15 b,K2-15,2.48,0.22125078,6.71,0.0211,,676.0,48.0,0.091,11.8104,G8,5131.0,0.68,0.72,Transit,2015.0,K2,493.992,Super-Earth
K2-150 b,K2-150,2.0,0.17842805,4.66,0.0147,,,4.9,0.0727,10.59357,M2.5 V,3499.0,0.436,0.457,Transit,2018.0,K2,102.483,Super-Earth
K2-151 b,K2-151,1.49,0.1329289,2.83,0.00889,,566.0,20.8,0.0373,3.835476,M1.5 V,3695.0,0.45,0.47,Transit,2018.0,K2,69.4798,Terrestrial
K2-152 b,K2-152,2.29,0.20430012,5.86,0.0184,,337.0,2.9,0.1716,32.6479,M0.0 V,4044.0,0.61,0.63,Transit,2018.0,K2,108.449,Super-Earth
K2-153 b,K2-153,2.0,0.17842805,4.66,0.0147,,497.0,11.8,0.0614,7.51574,M3.0 V,3845.0,0.53,0.55,Transit,2018.0,K2,143.125,Super-Earth
K2-154 b,K2-154,1.99,0.17753591,4.62,0.0145,,715.0,57.5,0.0405,3.67626,M0.0 V,4097.0,0.63,0.65,Transit,2018.0,K2,129.356,Super-Earth
K2-154 c,K2-154,2.07,0.18467303,4.94,0.0155,,552.0,20.5,0.0677,7.95486,M0.0 V,4097.0,0.63,0.65,Transit,2018.0,K2,129.356,Super-Earth
K2-155 b,K2-155,1.8,0.16058524,3.89,0.0123,,708.0,19.9,0.0562,6.342,K7,4258.0,0.58,0.65,Transit,2018.0,K2,72.7998,Super-Earth
K2-155 c,K2-155,2.6,0.23195646,7.27,0.0229,,583.0,7.0,0.0946,13.85,K7,4258.0,0.58,0.65,Transit,2018.0,K2,72.7998,Neptunian
K2-155 d,K2-155,1.9,0.16950665,4.27,0.0134,,381.0,1.67,0.1937,40.718,K7,4258.0,0.58,0.65,Transit,2018.0,K2,72.7998,Super-Earth
K2-156 b,K2-156,1.1,0.0981356,1.37,0.0043,,1347.0,,0.0149,0.813143,,4460.0,0.62,0.66,Transit,2018.0,K2,150.21,Terrestrial
K2-157 b,K2-157,0.935,0.0834,1.14,0.0036,,2432.0,6660.0,0.00962,0.3652575,G9 V,5334.0,0.86,0.89,Transit,2018.0,K2,298.373,Terrestrial
K2-157 c,K2-157,6.08,0.543,30.8,0.0967,0.2,587.0,22.65,0.165,25.942,G9 V,5334.0,0.86,0.89,Radial Velocity,2025.0,Paranal Observatory,298.373,Gas Giant
K2-157 d,K2-157,5.16,0.461,23.3,0.0732,0.5,429.1,6.46,0.309,66.5,G9 V,5334.0,0.86,0.89,Radial Velocity,2025.0,Paranal Observatory,298.373,Neptunian
K2-158 b,K2-158,2.64,0.23552502,7.46,0.0235,,794.0,,0.0887,10.06049,,5503.0,0.95,0.92,Transit,2018.0,K2,197.299,Neptunian
K2-158 c,K2-158,1.28,0.11419395,2.18,0.00687,,948.0,,0.0622,5.90279,,5503.0,0.95,0.92,Transit,2018.0,K2,197.299,Terrestrial
K2-159 b,K2-159,2.26,0.2016237,5.73,0.018,,684.0,,0.1013,12.42205,,5425.0,0.83,0.9,Transit,2018.0,K2,170.998,Super-Earth
K2-16 b,K2-16,2.02,0.18021233,4.74,0.0149,,658.0,44.5,0.0667,7.6188,K3 V,4742.0,0.66,0.68,Transit,2015.0,K2,334.967,Super-Earth
K2-16 c,K2-16,2.54,0.22660362,6.99,0.022,,485.0,13.1,0.1229,19.07863,K3 V,4742.0,0.66,0.68,Transit,2015.0,K2,334.967,Neptunian
K2-162 b,K2-162,1.44,0.1284682,2.67,0.00839,,631.0,,0.0795,9.45889,,4842.0,0.69,0.75,Transit,2018.0,K2,124.433,Terrestrial
K2-166 b,K2-166,2.19,0.19537871,5.43,0.0171,,1140.0,,0.0858,8.52695,,5960.0,1.61,1.16,Transit,2018.0,K2,476.882,Super-Earth
K2-167 b,K2-167,2.36509493,0.211,6.5,0.02045129,0.48,1220.0,317.0,0.0932,9.978541,F7 V,6310.0,1.499,1.084,Transit,2018.0,K2,80.8994,Super-Earth
K2-17 b,K2-17,2.23,0.19894727,5.6,0.0176,0.18,487.0,4.91,0.119,17.96753,K7,4320.0,0.66,0.71,Transit,2015.0,K2,125.106,Super-Earth
K2-174 b,K2-174,2.6,0.23195646,7.27,0.0229,,455.0,10.9555,0.126,19.562307,,4455.0,0.676,0.7,Transit,2018.0,K2,99.9293,Neptunian
K2-18 b,K2-18,2.37,0.21143724,8.92,0.02806532,0.2,284.0,1.005,0.1429,32.939623,M2.5 V,3457.0,0.411,0.359,Transit,2015.0,K2,38.0266,Super-Earth
K2-18 c,K2-18,2.65,0.236,7.51,0.02362898,0.47,363.0,,0.06,8.962,M2.5 V,3457.0,0.411,0.359,Radial Velocity,2017.0,La Silla Observatory,38.0266,Neptunian
K2-180 b,K2-180,2.46597575,0.22,11.41003981,0.0359,0.075,797.5,48.3,0.0756,8.865663,K2 V,5365.0,0.719,0.735,Transit,2018.0,K2,203.896,Super-Earth
K2-181 b,K2-181,2.69,0.23998614,7.7,0.0242,0.4,949.0,192.0,0.0706,6.8941,,5528.0,1.06,0.96,Transit,2018.0,K2,360.911,Neptunian
K2-182 b,K2-182,2.71257333,0.242,20.97667486,0.066,0.071,965.8,146.9,0.05174,4.7369696,,5128.0,0.789,0.823,Transit,2018.0,K2,154.83,Neptunian
K2-183 c,K2-183,2.3,0.20519261,5.9,0.0186,,787.0,,0.0932,10.787992,,5482.0,0.87,0.942219,Transit,2018.0,K2,329.041,Super-Earth
K2-183 d,K2-183,2.3,0.20519261,5.9,0.0186,,615.0,,0.1527,22.620344,,5482.0,0.87,0.942219,Transit,2018.0,K2,329.041,Super-Earth
K2-184 b,K2-184,1.47,0.13114484,2.76,0.00869,,533.0,,0.1685,16.9780102,,5245.0,0.75,0.84,Transit,2018.0,K2,75.5857,Terrestrial
K2-187 b,K2-187,1.2,0.10705701,1.87,0.00588,,1815.0,,0.0164,0.77401,,5438.0,0.83,0.966999,Transit,2018.0,K2,330.916,Terrestrial
K2-187 c,K2-187,1.4,0.12489985,2.54,0.008,,1173.0,,0.0392,2.871512,,5438.0,0.83,0.966999,Transit,2018.0,K2,330.916,Terrestrial
K2-187 d,K2-187,2.4,0.21411403,6.35,0.02,,865.0,,0.072,7.149584,,5438.0,0.83,0.966999,Transit,2018.0,K2,330.916,Super-Earth
K2-187 e,K2-187,1.9,0.16950694,4.27,0.0134,,698.0,,0.1106,13.606629,,5438.0,0.83,0.966999,Transit,2018.0,K2,330.916,Super-Earth
K2-188 b,K2-188,1.35,0.12043893,2.39,0.00752,,1692.0,,0.0289,1.742169,,5977.0,1.19,1.06,Transit,2018.0,K2,446.821,Terrestrial
K2-188 c,K2-188,2.83,0.25247569,8.4,0.0264,,1026.0,230.628,0.0785,7.810253,,5977.0,1.19,1.06,Transit,2018.0,K2,446.821,Neptunian
K2-189 b,K2-189,1.403,0.12516749,2.55,0.00803,,1203.0,497.0,0.0361,2.58812,,5442.0,0.879,0.85,Transit,2018.0,K2,242.113,Terrestrial
K2-189 c,K2-189,2.31,0.20608475,5.95,0.0187,,877.0,140.0,0.068,6.67932,,5442.0,0.879,0.85,Transit,2018.0,K2,242.113,Super-Earth
K2-19 b,K2-19,7.0,0.62449925,32.4,0.1019418,0.2,779.0,87.0,0.074,7.9222,G9 V,5322.0,0.82,0.88,Transit,2015.0,K2,289.827,Gas Giant
K2-19 c,K2-19,4.1,0.36577813,10.8,0.0339806,0.21,679.0,51.0,0.0971,11.8993,G9 V,5322.0,0.82,0.88,Transit,2015.0,K2,289.827,Neptunian
K2-19 d,K2-19,1.11,0.09902774,10.0,0.03146352,0.0,1142.0,404.0,0.0344,2.5081,G9 V,5322.0,0.82,0.88,Transit,2016.0,K2,289.827,Terrestrial
K2-192 b,K2-192,1.52,0.13560532,2.92,0.0092,,939.0,,0.049,4.162817,,5222.0,0.81,0.9,Transit,2018.0,K2,221.753,Super-Earth
K2-193 b,K2-193,3.95,0.3523954,14.8,0.0465,,739.0,,0.1184,14.786889,,5817.0,0.98,1.01,Transit,2018.0,K2,411.923,Neptunian
K2-195 b,K2-195,3.13,0.2792399,9.96,0.0313,,720.0,,0.1208,15.852975,,5713.0,0.99,0.94,Transit,2018.0,K2,315.014,Neptunian
K2-197 b,K2-197,2.56,0.2283879,7.08,0.0223,,848.0,,0.0806,8.357881,,5667.0,0.93,1.0,Transit,2018.0,K2,247.637,Neptunian
K2-199 b,K2-199,1.73,0.15434053,6.9,0.02170983,0.02,913.0,116.2,0.0382,3.2253993,,4491.0,0.682,0.711,Transit,2018.0,K2,107.518,Super-Earth
K2-199 c,K2-199,2.85,0.25426041,12.4,0.03901476,0.03,694.0,38.6,0.0662,7.3744897,,4491.0,0.682,0.711,Transit,2018.0,K2,107.518,Neptunian
K2-2016-BLG-0005L b,K2-2016-BLG-0005L,13.7,1.23,349.6112477,1.1,,,,4.16,4700.0,,,,0.584,Microlensing,2023.0,K2,5200.0,Gas Giant
K2-203 b,K2-203,1.26549392,0.1129,2.14,0.00674,0.23,738.4,,0.0824,9.6952,,5026.0,0.765,0.793,Transit,2018.0,K2,166.147,Terrestrial
K2-204 b,K2-204,3.17214154,0.283,10.2,0.0321,0.28,1148.0,,0.0738,7.055908,,5783.0,1.253,1.076,Transit,2018.0,K2,577.235,Neptunian
K2-208 b,K2-208,1.67462172,0.1494,3.45,0.0108,0.37,1122.0,,0.04878,4.19097,,5500.0,0.872,0.881,Transit,2018.0,K2,256.887,Super-Earth
K2-21 b,K2-21,1.84,0.1641538,4.04,0.0127,0.1,500.0,10.0,0.076,9.325038,M0.0,4222.06,0.646783,0.676023,Transit,2015.0,K2,83.6448,Super-Earth
K2-21 c,K2-21,2.49,0.22214292,6.76,0.0213,0.21,420.0,5.1,0.107,15.50192,M0.0,4222.06,0.646783,0.676023,Transit,2015.0,K2,83.6448,Super-Earth
K2-211 b,K2-211,1.33162691,0.1188,2.33,0.00735,0.19,1873.0,,0.01419,0.669561,,5117.0,0.818,0.851,Transit,2018.0,K2,272.297,Terrestrial
K2-212 b,K2-212,2.65,0.23641757,7.51,0.0236,,542.0,21.964,0.0785,9.795647,,4349.0,0.678,0.622,Transit,2018.0,K2,109.218,Neptunian
K2-214 b,K2-214,2.51,0.22392759,6.85,0.0215,,1001.0,238.0,0.0834,8.59656,,5875.0,1.236,1.03,Transit,2018.0,K2,300.64,Neptunian
K2-216 b,K2-216,1.75,0.15612454,8.0,0.02517069,0.0,1103.0,248.0,0.028,2.1748,K5 V,4503.0,0.72,0.7,Transit,2018.0,K2,115.461,Super-Earth
K2-22 b,K2-22,2.3,0.20519261,444.962,1.4,0.19,2100.0,114.0,0.009,0.381073,M0 V,3879.0,0.58,0.595292,Transit,2015.0,K2,243.836,Super-Earth
K2-220 b,K2-220,2.37,0.2114376,6.21,0.0195,,761.0,79.7,0.1104,13.68186,,5612.0,1.026,0.91,Transit,2018.0,K2,233.514,Super-Earth
K2-222 b,K2-222,2.35,0.20965332,8.7,0.02737326,0.16,871.0,96.0,0.1206,15.38857,,5942.0,1.115,0.989,Transit,2018.0,K2,101.321,Super-Earth
K2-223 b,K2-223,0.89,0.07940062,0.64,0.00201,,2271.0,,0.0127,0.50557,,5859.0,1.0,1.06,Transit,2018.0,K2,198.604,Terrestrial
K2-223 c,K2-223,1.5,0.13382127,2.86,0.00899,,1091.0,,0.0549,4.562546,,5859.0,1.0,1.06,Transit,2018.0,K2,198.604,Super-Earth
K2-224 b,K2-224,1.56,0.13917388,3.05,0.00961,,1002.0,,0.0516,4.47904,,5620.0,0.84,0.91,Transit,2018.0,K2,275.255,Super-Earth
K2-224 c,K2-224,2.41,0.2150058,6.39,0.0201,,764.0,,0.0886,10.09489,,5620.0,0.84,0.91,Transit,2018.0,K2,275.255,Super-Earth
K2-225 b,K2-225,3.60929179,0.322,12.7,0.0399,0.23,923.0,,0.1409,15.8723,,5520.0,1.7,1.482,Transit,2018.0,K2,357.778,Neptunian
K2-226 b,K2-226,1.53899305,0.1373,2.98,0.00939,0.22,1187.0,,0.04095,3.27109,,5288.0,0.889,0.856,Transit,2018.0,K2,211.265,Super-Earth
K2-228 b,K2-228,1.21,0.10794897,1.92,0.00606,,914.0,,0.0338,2.69828,,4715.0,0.65,0.71,Transit,2018.0,K2,129.46,Terrestrial
K2-229 b,K2-229,1.0,0.08921418,2.55,0.0080232,0.0,1818.0,2290.0,0.0131,0.584216,G9,5315.0,0.79,0.87,Transit,2018.0,K2,102.564,Terrestrial
K2-229 c,K2-229,2.03,0.18110447,7.0,0.02202446,0.0,750.0,66.0,0.0769,8.32727,G9,5315.0,0.79,0.87,Transit,2018.0,K2,102.564,Super-Earth
K2-230 b,K2-230,1.96,0.17485949,4.5,0.0142,,1529.0,,0.0409,2.86041,,5945.0,1.39,1.11,Transit,2018.0,K2,540.773,Super-Earth
K2-232 b,K2-232,11.209,1.0,126.49634,0.398,0.258,1030.0,312.155,0.10356,11.168454,,6154.0,1.161,1.188,Transit,2018.0,K2,130.72,Gas Giant
K2-233 b,K2-233,1.315,0.11731664,2.4,0.00755124,0.0,1127.0,269.0,0.03293,2.467583,K3,4796.0,0.71,0.79,Transit,2018.0,K2,67.5062,Terrestrial
K2-233 c,K2-233,1.272,0.11348043,4.6,0.01447322,0.0,794.0,66.2,0.0664,7.06024,K3,4796.0,0.71,0.79,Transit,2018.0,K2,67.5062,Terrestrial
K2-233 d,K2-233,2.363,0.2108131,10.3,0.03240742,0.18,525.0,12.7,0.1516,24.3681,K3,4796.0,0.71,0.79,Transit,2018.0,K2,67.5062,Super-Earth
K2-237 b,K2-237,16.06246934,1.433,434.15360396,1.366,0.03,1759.0,1860.0,0.03552,2.18053332,F9 V,6180.0,1.236,1.256,Transit,2018.0,K2,314.995,Gas Giant
K2-238 b,K2-238,14.5717,1.3,273.3338,0.86,0.0,1587.0,,0.046,3.20466,G2 V,5630.0,1.59,1.19,Transit,2018.0,K2,537.963,Gas Giant
K2-239 b,K2-239,1.1,0.09813543,1.37,0.0043,,502.0,,0.0441,5.24,M3.0 V,3420.0,0.36,0.4,Transit,2018.0,K2,31.0849,Terrestrial
K2-239 c,K2-239,1.0,0.08921402,0.972,0.00306,,427.0,,0.0576,7.775,M3.0 V,3420.0,0.36,0.4,Transit,2018.0,K2,31.0849,Terrestrial
K2-239 d,K2-239,1.1,0.09813543,1.37,0.0043,,399.0,,0.0685,10.115,M3.0 V,3420.0,0.36,0.4,Transit,2018.0,K2,31.0849,Terrestrial
K2-24 b,K2-24,5.4,0.48175573,19.0,0.05978039,0.06,686.0,52.0,0.154,20.88977,G9 V,5625.0,1.16,1.07,Transit,2016.0,K2,170.562,Neptunian
K2-24 c,K2-24,7.5,0.66910518,15.4,0.04845358,0.07,542.0,20.0,0.247,42.3391,G9 V,5625.0,1.16,1.07,Transit,2016.0,K2,170.562,Gas Giant
K2-240 b,K2-240,2.0,0.17842805,4.66,0.0147,,586.0,,0.0513,6.034,M0.5 V,3810.0,0.54,0.58,Transit,2018.0,K2,72.9105,Super-Earth
K2-240 c,K2-240,1.8,0.16058524,3.89,0.0123,,389.0,,0.1159,20.523,M0.5 V,3810.0,0.54,0.58,Transit,2018.0,K2,72.9105,Super-Earth
K2-241 b,K2-241,2.55,0.22749576,7.04,0.0221,,507.0,,0.1567,26.8199,,5262.0,0.75,0.71,Transit,2018.0,K2,149.464,Neptunian
K2-242 b,K2-242,2.54,0.22660362,6.99,0.022,,416.0,,0.0494,6.51389,,3459.0,0.37,0.38,Transit,2018.0,K2,109.237,Neptunian
K2-243 b,K2-243,2.17,0.19359443,5.35,0.0168,,1035.0,,0.1087,11.54182,,6570.0,1.39,1.29,Transit,2018.0,K2,266.864,Super-Earth
K2-243 c,K2-243,2.01,0.17932019,4.7,0.0148,,801.0,,0.1817,24.94598,,6570.0,1.39,1.29,Transit,2018.0,K2,266.864,Super-Earth
K2-244 b,K2-244,1.75,0.15612454,3.71,0.0117,,638.0,,0.1418,21.06884,,5677.0,0.92,0.86,Transit,2018.0,K2,212.902,Super-Earth
K2-245 b,K2-245,4.34,0.38718887,17.4,0.0546,,923.0,83.0,0.0959,11.89307,,5793.0,1.25,0.83,Transit,2018.0,K2,456.064,Neptunian
K2-246 b,K2-246,3.49,0.31135695,12.0,0.0377,,977.0,,0.0602,5.76918,,5610.0,0.94,0.87,Transit,2018.0,K2,703.616,Neptunian
K2-247 b,K2-247,2.12,0.18913373,5.14,0.0162,,979.0,,0.0304,2.25021,,4667.0,0.69,0.74,Transit,2018.0,K2,258.113,Super-Earth
K2-247 c,K2-247,2.19,0.19537871,5.43,0.0171,,688.0,,0.0615,6.49424,,4667.0,0.69,0.74,Transit,2018.0,K2,258.113,Super-Earth
K2-248 b,K2-248,2.57,0.22928004,7.13,0.0224,,886.0,,0.0699,7.17256,,5528.0,0.92,0.88,Transit,2018.0,K2,406.254,Neptunian
K2-249 b,K2-249,2.79,0.24890713,8.2,0.0258,,1061.0,,0.1151,12.409,,6504.0,1.57,1.32,Transit,2018.0,K2,521.716,Neptunian
K2-25 b,K2-25,3.44,0.306,24.5,0.07708562,0.428,494.0,9.91,0.0287,3.48456408,M4.5 V,3207.0,0.2932,0.2634,Transit,2015.0,K2,44.9565,Neptunian
K2-250 b,K2-250,2.71257333,0.242,7.81,0.0246,0.21,1003.0,,0.04606,4.01392,,5003.0,0.797,0.809,Transit,2018.0,K2,414.708,Neptunian
K2-251 b,K2-251,2.35,0.20965296,6.12,0.0193,,437.0,,0.0694,9.30075,,3717.0,0.49,0.52,Transit,2018.0,K2,147.03,Super-Earth
K2-252 b,K2-252,1.74,0.1552324,3.68,0.0116,,639.0,,0.1041,13.81513,,5152.0,0.82,0.79,Transit,2018.0,K2,228.839,Super-Earth
K2-253 b,K2-253,12.67,1.13034169,,,,1238.0,365.8185,0.0506,4.00167,,6027.0,1.1,1.08,Transit,2018.0,K2,876.565,Gas Giant
K2-254 b,K2-254,1.63,0.14541886,3.29,0.0104,,791.0,,0.0448,4.09639,,4629.0,0.67,0.71,Transit,2018.0,K2,227.775,Super-Earth
K2-254 c,K2-254,2.19,0.19537871,5.43,0.0171,,551.0,,0.0923,12.11839,,4629.0,0.67,0.71,Transit,2018.0,K2,227.775,Super-Earth
K2-255 b,K2-255,2.9,0.25872067,8.75,0.0275,,1034.0,,0.0274,1.96417,,4676.0,0.69,0.71,Transit,2018.0,K2,191.608,Neptunian
K2-257 b,K2-257,0.83,0.07404764,0.498,0.00157,,789.0,,0.0216,1.60588,,3725.0,0.5,0.52,Transit,2018.0,K2,64.0065,Terrestrial
K2-258 b,K2-258,3.0,0.26764207,9.27,0.0292,,831.0,,0.149,19.0921,,6351.0,1.31,1.21,Transit,2018.0,K2,661.873,Neptunian
K2-259 b,K2-259,2.32,0.20697654,5.99,0.0189,,795.0,,0.1271,15.48043,,6059.0,1.13,1.14,Transit,2018.0,K2,416.457,Super-Earth
K2-26 b,K2-26,2.67,0.23820145,7.61,0.0239,,430.0,5.8,0.0962,14.5665,M1.0 V,3785.0,0.52,0.56,Transit,2016.0,K2,99.0504,Neptunian
K2-260 b,K2-260,18.41635529,1.643,546.66486004,1.72,0.053,2090.0,2520.03,0.04392,2.62669762,F6 V,6860.0,1.755,1.637,Transit,2018.0,K2,663.834,Gas Giant
K2-261 b,K2-261,9.26982704,0.827,68.96876432,0.217,0.274,1036.0,180.0,0.1086,11.6334681,G7 IV/V,5490.0,1.663,1.107,Transit,2018.0,K2,213.283,Gas Giant
K2-263 b,K2-263,2.41,0.21500617,14.9,0.04688064,0.15,470.0,8.17,0.2573,50.818947,G9 V,5368.0,0.85,0.88,Transit,2018.0,K2,162.481,Super-Earth
K2-264 b,K2-264,2.231,0.19903649,5.61,0.0176,0.5,496.0,,0.05023,5.840002,M2.5 V,3660.0,0.473,0.496,Transit,2018.0,K2,185.605,Super-Earth
K2-264 c,K2-264,2.668,0.23802302,7.6,0.0239,0.45,331.0,,0.11283,19.660302,M2.5 V,3660.0,0.473,0.496,Transit,2018.0,K2,185.605,Neptunian
K2-265 b,K2-265,1.70824866,0.1524,7.3418362,0.0231,0.16,1366.0,592.0,0.03359,2.36902,G8 V,5420.0,0.92,0.901,Transit,2018.0,K2,138.671,Super-Earth
K2-266 b,K2-266,3.3,0.29440628,11.26782377,0.03545236,,1515.0,879.5,0.01306,0.658524,,4285.0,0.703,0.686,Transit,2018.0,K2,77.5586,Neptunian
K2-266 c,K2-266,0.705,0.06289589,0.29013072,0.00091285,0.042,664.5,32.4,0.0679,7.814,,4285.0,0.703,0.686,Transit,2018.0,K2,77.5586,Terrestrial
K2-266 d,K2-266,2.93,0.26139709,8.9,0.02800239,0.047,538.3,13.95,0.1035,14.697,,4285.0,0.703,0.686,Transit,2018.0,K2,77.5586,Neptunian
K2-266 e,K2-266,2.73,0.24355429,14.3,0.04499261,0.043,490.1,9.581,0.1249,19.482,,4285.0,0.703,0.686,Transit,2018.0,K2,77.5586,Neptunian
K2-268 b,K2-268,1.5,0.13382127,2.86,0.00899,,1136.0,,0.0308,2.151676,,5106.0,0.78,0.84,Transit,2018.0,K2,327.783,Super-Earth
K2-268 c,K2-268,2.69,0.23998614,7.7,0.0242,,696.0,,0.0819,9.327527,,5106.0,0.78,0.84,Transit,2018.0,K2,327.783,Neptunian
K2-269 b,K2-269,1.57,0.14006602,3.09,0.00972,,1429.0,,0.0531,4.144965,,6209.0,1.45,1.16,Transit,2018.0,K2,360.76,Super-Earth
K2-27 b,K2-27,4.74,0.4228752,30.2,0.09501983,0.251,836.0,116.0,0.06702,6.771347,,5246.0,0.876,0.88,Transit,2016.0,K2,249.645,Neptunian
K2-270 b,K2-270,1.38,0.12311535,2.48,0.0078,,1203.0,,0.0247,1.543069,,4877.0,0.77,0.85,Transit,2018.0,K2,280.518,Terrestrial
K2-270 c,K2-270,2.95,0.26318137,9.01,0.0283,,848.0,,0.0497,4.400028,,4877.0,0.77,0.85,Transit,2018.0,K2,280.518,Neptunian
K2-271 b,K2-271,7.28,0.6494781,41.8,0.131,,893.0,133.8067,0.077,8.562421,,5644.0,0.99,0.83,Transit,2018.0,K2,564.454,Gas Giant
K2-272 b,K2-272,3.13,0.27924038,9.96,0.0313,,747.0,,0.1007,14.4536756,,5397.0,0.83,0.86,Transit,2018.0,K2,423.065,Neptunian
K2-273 b,K2-273,3.05,0.27210324,9.53,0.03,,849.0,,0.0729,11.7195663,,5161.0,0.85,0.89,Transit,2018.0,K2,308.105,Neptunian
K2-274 b,K2-274,2.08,0.18556549,4.98,0.0157,,655.0,,0.0964,14.1330314,,5044.0,0.7,0.79,Transit,2018.0,K2,228.327,Super-Earth
K2-275 b,K2-275,2.34,0.20876118,6.08,0.0191,,1166.0,161.2476,0.0277,3.2809626,,4841.0,0.69,0.77,Transit,2018.0,K2,123.438,Super-Earth
K2-275 c,K2-275,2.21,0.19716333,5.52,0.0174,,653.0,45.7572,0.0881,8.4388385,,4841.0,0.69,0.77,Transit,2018.0,K2,123.438,Super-Earth
K2-276 b,K2-276,3.77,0.33633687,13.7,0.043,,583.0,,0.1291,18.718269,,5139.0,0.85,0.82,Transit,2018.0,K2,488.152,Neptunian
K2-277 b,K2-277,2.18575124,0.195,7.4,0.023283,0.52,1049.0,195.0,0.0664,6.326768,,5680.0,0.973,0.974,Transit,2018.0,K2,113.123,Super-Earth
K2-278 b,K2-278,2.98,0.26585779,9.17,0.0288,,1711.0,,0.0488,3.334966,,6747.0,1.61,1.4,Transit,2018.0,K2,786.439,Neptunian
K2-279 b,K2-279,1.21,0.10794897,1.92,0.00606,,879.0,,0.067,7.122605,,5558.0,0.86,0.79,Transit,2018.0,K2,182.983,Terrestrial
K2-28 b,K2-28,2.32,0.20697654,5.99,0.0189,0.0,568.0,30.1,0.0214,2.260455,M4,3214.0,0.288,0.257,Transit,2016.0,K2,62.9969,Super-Earth
K2-280 b,K2-280,7.5,0.66910634,37.1,0.11672965,0.35,787.0,69.5,0.1461,19.89526,,5500.0,1.28,1.03,Transit,2018.0,K2,391.537,Gas Giant
K2-281 b,K2-281,8.18,0.72977072,50.9,0.16,,665.0,,0.0773,8.687721,,4812.0,0.76,0.82,Transit,2018.0,K2,458.139,Gas Giant
K2-282 b,K2-282,2.5,0.22303545,6.8,0.0214,,1057.0,,0.0499,4.169783,,5499.0,1.0,0.94,Transit,2018.0,K2,496.289,Super-Earth
K2-283 b,K2-283,3.52,0.31403337,12.2,0.0383,,1186.0,,0.0291,1.921036,,5060.0,0.82,0.89,Transit,2018.0,K2,402.915,Neptunian
K2-284 b,K2-284,2.78,0.24801499,8.15,0.0256,0.078,653.0,42.6,0.04771,4.795069,,4140.0,0.607,0.63,Transit,2018.0,K2,107.272,Neptunian
K2-285 b,K2-285,2.59,0.23106432,9.68,0.03045653,0.0,1088.9,234.31,0.03817,3.471745,K2 V,4975.0,0.787,0.83,Transit,2018.0,K2,154.961,Neptunian
K2-285 c,K2-285,3.53,0.31492551,15.68,0.04933455,0.0,741.4,50.35,0.0824,7.138048,K2 V,4975.0,0.787,0.83,Transit,2018.0,K2,154.961,Neptunian
K2-285 d,K2-285,2.48,0.22125078,6.5,0.02045118,0.0,619.9,24.61,0.1178,10.45582,K2 V,4975.0,0.787,0.83,Transit,2018.0,K2,154.961,Super-Earth
K2-285 e,K2-285,1.95,0.17396735,10.7,0.0336658,0.0,500.9,10.5,0.18041,14.76289,K2 V,4975.0,0.787,0.83,Transit,2018.0,K2,154.961,Super-Earth
K2-286 b,K2-286,2.1,0.18734945,5.06,0.0159,,347.0,,0.1768,27.359,M0 V,3926.0,0.62,0.64,Transit,2018.0,K2,76.1486,Super-Earth
K2-287 b,K2-287,9.494023,0.847,100.11645,0.315,0.478,804.0,,0.1206,14.893291,,5695.0,1.07,1.056,Transit,2018.0,K2,158.335,Gas Giant
K2-288 B b,K2-288 B,1.9,0.16950665,4.27,0.0134,,226.36,,0.164,31.393463,M3 V,3341.0,0.32,0.33,Transit,2018.0,K2,65.6138,Super-Earth
K2-289 b,K2-289,9.1,0.81184762,61.0,0.192,,753.0,,0.107,13.156969,,5529.0,1.025,0.953,Transit,2019.0,K2,274.3,Gas Giant
K2-29 b,K2-29,13.33871,1.19,232.0159,0.73,0.066,1171.0,293.0,0.04217,3.2588321,G7 V,5358.0,0.86,0.94,Transit,2016.0,K2,178.475,Gas Giant
K2-290 b,K2-290,3.06,0.27299491,10.9,0.03429506,0.0,1230.0,,0.0923,9.21165,,6302.0,1.511,1.194,Transit,2019.0,K2,272.909,Neptunian
K2-290 c,K2-290,11.276254,1.006,246.00042,0.774,0.0,676.0,,0.305,48.36685,,6302.0,1.511,1.194,Transit,2019.0,K2,272.909,Gas Giant
K2-291 b,K2-291,1.589,0.14176108,6.49,0.02041972,0.0,1278.0,633.0,0.03261,2.225177,,5520.0,0.899,0.934,Transit,2019.0,K2,90.0562,Super-Earth
K2-292 b,K2-292,2.63,0.23463288,24.5,0.07708523,0.04,795.0,67.0,0.13,16.9841,G3 V,5725.0,1.09,1.0,Transit,2019.0,K2,114.293,Neptunian
K2-295 b,K2-295,10.054473,0.897,106.47305,0.335,0.0,852.0,97.8595,0.0451,4.024867,K5 V,4444.0,0.7,0.74,Transit,2018.0,K2,232.801,Gas Giant
K2-3 b,K2-3,2.078,0.18538706,5.11,0.01607786,0.107,501.3,10.5,0.0747,10.0546535,M V,3844.0,0.546,0.549,Transit,2015.0,K2,44.0727,Super-Earth
K2-3 c,K2-3,1.582,0.14113683,2.68,0.00843222,0.048,371.8,3.17,0.1357,24.646729,M V,3844.0,0.546,0.549,Transit,2015.0,K2,44.0727,Super-Earth
K2-3 d,K2-3,1.458,0.13007427,2.2,0.00692197,0.091,305.2,1.44,0.2014,44.55603,M V,3844.0,0.546,0.549,Transit,2015.0,K2,44.0727,Terrestrial
K2-30 b,K2-30,11.646151,1.039,184.02357,0.579,0.0,1092.0,299.0,0.04839,4.098503,G6 V,5425.0,0.844,0.9,Transit,2016.0,K2,333.042,Gas Giant
K2-31 b,K2-31,11.88154,1.06,563.83042,1.774,0.0,1688.0,1272.0,0.022,1.25785,G7 V,5280.0,0.78,0.91,Transit,2016.0,K2,110.527,Gas Giant
K2-312 c,HD 80653,12.8,1.14,1719.45168187,5.41,0.853,,,1.961,921.2,G2,5959.0,1.22,1.18,Radial Velocity,2023.0,Roque de los Muchachos Observatory,109.86,Gas Giant
K2-316 b,K2-316,1.33,0.11865465,2.33,0.00733,,841.0,,0.0147,1.133,,3436.0,0.379,0.408,Transit,2020.0,K2,112.486,Terrestrial
K2-316 c,K2-316,1.83,0.16326166,4.01,0.0126,,423.0,,0.0582,5.26,,3436.0,0.379,0.408,Transit,2020.0,K2,112.486,Super-Earth
K2-317 b,K2-317,2.93,0.26139709,8.91,0.028,,432.0,,0.0542,6.22,,3387.0,0.379,0.403,Transit,2020.0,K2,176.291,Neptunian
K2-318 b,K2-318,1.66,0.14809528,3.39,0.0107,,456.0,,0.0911,7.01,,3851.0,0.552,0.561,Transit,2020.0,K2,147.866,Super-Earth
K2-319 b,K2-319,2.79,0.24890713,8.2,0.0258,,641.0,,0.1516,26.68,,5440.0,0.898,0.954,Transit,2020.0,K2,209.071,Neptunian
K2-32 b,K2-32,5.299,0.47274593,15.0,0.04719528,0.03,837.0,79.5,0.0795,8.992,G9 V,5271.0,0.86,0.83,Transit,2016.0,K2,157.682,Neptunian
K2-32 c,K2-32,3.134,0.27959723,8.1,0.02548545,0.049,634.0,26.2,0.13843,20.66093,G9 V,5271.0,0.86,0.83,Transit,2016.0,K2,157.682,Neptunian
K2-32 d,K2-32,3.484,0.3108222,6.7,0.02108056,0.05,550.0,14.8,0.18422,31.71701,G9 V,5271.0,0.86,0.83,Transit,2016.0,K2,157.682,Neptunian
K2-32 e,K2-32,1.212,0.10812758,2.1,0.00660734,0.043,1066.0,,0.04899,4.34934,G9 V,5271.0,0.86,0.83,Transit,2019.0,K2,157.682,Terrestrial
K2-320 b,K2-320,2.62,0.23374074,7.37,0.0232,,698.0,,0.0142,1.995,,3157.0,0.3,0.117,Transit,2020.0,K2,108.74,Neptunian
K2-321 b,K2-321,2.05124347,0.183,4.86,0.0153,0.44,830.0,68.5516,0.02839,2.2979749,,3750.0,0.595,0.578,Transit,2020.0,K2,77.6888,Super-Earth
K2-322 b,K2-322,1.92,0.17129093,4.35,0.0137,,635.0,,0.0594,8.205,,4141.0,0.602,0.63,Transit,2020.0,K2,123.415,Super-Earth
K2-323 b,K2-323,2.1,0.18734945,5.06,0.0159,,318.0,,0.1275,24.93,,3710.0,0.549,0.478,Transit,2020.0,K2,118.318,Super-Earth
K2-324 b,K2-324,2.43,0.21679008,6.48,0.0204,,707.0,,0.0331,3.262,,3752.0,0.505,0.517,Transit,2020.0,K2,136.667,Super-Earth
K2-325 b,K2-325,2.2,0.19627085,5.48,0.0172,,423.0,,0.0419,6.93,,3287.0,0.298,0.274,Transit,2020.0,K2,111.638,Super-Earth
K2-326 b,K2-326,2.28,0.20340798,5.82,0.0183,,1114.0,,0.0198,1.256,,3924.0,0.688,0.507,Transit,2020.0,K2,282.308,Super-Earth
K2-329 b,K2-329,8.675766,0.774,82.6358,0.26,0.0697,650.0,45.7,0.1016,12.4551225,,5282.0,0.822,0.901,Transit,2020.0,K2,233.237,Gas Giant
K2-33 b,K2-33,5.04,0.44963868,1175.971,3.7,0.0,850.0,,0.0409,5.424865,M3.3,3540.0,1.05,0.56,Transit,2016.0,K2,139.268,Neptunian
K2-34 b,K2-34,13.75,1.22669495,539.67534,1.698,0.0,1687.0,963.566,0.0442,2.9956348,F,6168.0,1.42,1.16,Transit,2016.0,K2,348.646,Gas Giant
K2-35 b,K2-35,1.32,0.11776251,2.3,0.00724,0.13,979.0,211.0,0.031,2.399964,K4 V,4402.71,0.619575,0.701968,Transit,2016.0,K2,252.596,Terrestrial
K2-35 c,K2-35,1.93,0.17218307,4.38,0.0138,0.12,766.0,68.0,0.055,5.608352,K4 V,4402.71,0.619575,0.701968,Transit,2016.0,K2,252.596,Super-Earth
K2-355 b,K2-355,2.25,0.2007319,5.69,0.0179,,1066.0,,0.0632,5.7385647,,5790.0,0.92,0.96,Transit,2021.0,K2,500.497,Super-Earth
K2-356 b,K2-356,2.29,0.20430047,5.86,0.0184,,624.0,,0.1599,21.0267366,,5568.0,0.86,0.9,Transit,2021.0,K2,355.54,Super-Earth
K2-357 b,K2-357,3.72,0.33187674,13.4,0.042,,735.0,,0.145,16.3488637,,5794.0,1.0,0.98,Transit,2021.0,K2,517.687,Neptunian
K2-358 b,K2-358,2.68,0.239094,7.65,0.0241,,888.0,,0.0863,11.2510285,,5650.0,0.91,0.93,Transit,2021.0,K2,480.307,Neptunian
K2-36 b,K2-36,1.43,0.12757627,4.3,0.01352931,0.093,1328.0,519.0,0.02288,1.422614,K2 V,4916.0,0.718,0.79,Transit,2016.0,K2,109.749,Terrestrial
K2-36 c,K2-36,3.2,0.28548537,7.9,0.02485618,0.089,854.0,89.0,0.05528,5.340888,K2 V,4916.0,0.718,0.79,Transit,2016.0,K2,109.749,Neptunian
K2-360 c,EPIC 201595106,4.02,0.359,15.23,0.04791894,0.11,912.0,115.0,0.0883,9.79692,,5679.0,0.98,0.958,Radial Velocity,2024.0,Multiple Observatories,232.1,Neptunian
K2-37 b,K2-37,1.39,0.12400771,2.51,0.0079,,949.0,193.0,0.05105,4.4434,G3 V,5352.0,0.809,0.84,Transit,2016.0,K2,179.943,Terrestrial
K2-37 c,K2-37,2.41,0.21500617,6.39,0.0201,,839.0,118.0,0.06534,6.42966,G3 V,5352.0,0.809,0.84,Transit,2016.0,K2,179.943,Super-Earth
K2-37 d,K2-37,2.31,0.20608475,12.5,0.0393294,,646.0,41.3,0.1102,14.09229,G3 V,5352.0,0.809,0.84,Transit,2016.0,K2,179.943,Super-Earth
K2-38 b,K2-38,1.54,0.13738983,7.3,0.02296837,0.197,1266.0,426.0,0.04994,4.01593,G2 V,5731.0,1.06,1.03,Transit,2016.0,K2,192.69,Super-Earth
K2-38 c,K2-38,2.29,0.20430047,8.3,0.02611472,0.161,916.0,117.0,0.09514,10.56103,G2 V,5731.0,1.06,1.03,Transit,2016.0,K2,192.69,Super-Earth
K2-39 b,K2-39,6.27704,0.56,28.6047,0.09,0.0,1670.0,1356.0,0.05708,4.60543,,4881.0,2.97,0.66,Transit,2016.0,K2,307.47,Gas Giant
K2-4 b,K2-4,2.1,0.18734945,5.06,0.0159,0.08,563.0,15.6,0.078,10.003417,,4014.73,0.569359,0.635026,Transit,2015.0,K2,231.828,Super-Earth
K2-411 b,K2-411,0.9898,0.08830419,0.937,0.00295,,,619.038,0.0511,3.2141,,5711.0,1.375,1.018,Transit,2022.0,K2,298.219,Terrestrial
K2-412 b,K2-412,2.116,0.1887772,5.13,0.0161,,,243.518,0.0586,5.9382,,5590.0,0.977,0.893,Transit,2022.0,K2,654.085,Super-Earth
K2-413 b,K2-413,0.7599,0.06779385,0.363,0.00114,,,921.755,0.0117,0.8094,,4116.0,0.7,0.808,Transit,2022.0,K2,285.162,Terrestrial
K2-413 c,K2-413,1.2327,0.10997432,2.05,0.00644,,,69.529,0.0426,5.3301,,4116.0,0.7,0.808,Transit,2022.0,K2,285.162,Terrestrial
K2-414 b,K2-414,1.219,0.10875208,1.98,0.00622,,,72.113,0.0487,4.3696,,4343.0,0.732,0.814,Transit,2022.0,K2,260.036,Terrestrial
K2-414 c,K2-414,1.9287,0.17206739,4.38,0.0138,,,56.13,0.0552,6.669,,4343.0,0.732,0.814,Transit,2022.0,K2,260.036,Super-Earth
K2-415 b,K2-415,1.015,0.09055239,7.5,0.02359764,,412.4,4.82,0.027,4.0179694,M5 V,3173.0,0.1965,0.1635,Transit,2023.0,K2,21.8182,Terrestrial
K2-416 b,K2-416,2.66,0.23730971,1652.7077164,5.2,,447.0,,0.088,13.102,M V,3746.0,0.554,0.548,Transit,2023.0,K2,120.311,Neptunian
K2-417 b,K2-417,3.31,0.29529893,699.2224954,2.2,,558.0,,0.063,6.535,M V,3861.0,0.5776,0.569,Transit,2023.0,K2,94.0424,Neptunian
K2-419 A b,K2-419 A,10.55,0.941,196.0,0.617,0.042,377.0,3.3,0.1208,20.35847252,,3711.0,0.541,0.562,Transit,2024.0,K2,268.685,Gas Giant
K2-42 b,K2-42,2.15,0.19181015,5.27,0.0166,,,44.1,0.0617,6.68796,,4613.0,0.643,0.702,Transit,2016.0,K2,396.913,Super-Earth
K2-43 b,K2-43,4.51,0.40235525,18.5,0.0583,0.07,939.3,49.0,0.03784,3.471149,,3840.6,0.542,0.571,Transit,2016.0,K2,182.536,Neptunian
K2-44 b,K2-44,2.433,0.21705772,6.5,0.0204,,1211.0,646.0,0.06,5.657,,5912.0,1.58,1.15,Transit,2016.0,K2,476.703,Super-Earth
K2-45 b,K2-45,6.71,0.5986261,36.4,0.114,0.1,1073.56,100.0,0.0224,1.7292684,,4103.0,0.445,0.503,Transit,2016.0,K2,495.317,Gas Giant
K2-46 b,K2-46,2.05,0.18288875,4.86,0.0153,,889.0,119.0,0.13821,19.1541,,6256.0,1.29,0.96,Transit,2016.0,K2,449.237,Super-Earth
K2-47 b,K2-47,1.89,0.16861451,4.23,0.0133,,,10.7,0.1779,31.6372,,5054.0,0.76,0.75,Transit,2016.0,K2,349.881,Super-Earth
K2-48 b,K2-48,2.24,0.19983941,5.65,0.0178,,,15.3,0.1344,20.5065,,4899.0,0.73,0.77,Transit,2016.0,K2,313.764,Super-Earth
K2-49 b,K2-49,1.93,0.17218307,4.38,0.0138,,,59.0,0.0309,2.77065,,4175.0,0.45,0.51,Transit,2016.0,K2,457.125,Super-Earth
K2-5 b,K2-5,1.91,0.17039879,4.31,0.0136,,565.0,24.1,0.0532,5.73594,K7.5 V,3930.0,0.57,0.61,Transit,2015.0,K2,202.943,Super-Earth
K2-5 c,K2-5,2.26,0.2016237,5.73,0.018,,456.0,10.2,0.0818,10.93241,K7.5 V,3930.0,0.57,0.61,Transit,2015.0,K2,202.943,Super-Earth
K2-50 b,K2-50,1.59,0.1418503,3.15,0.00993,,,18.8,0.0705,8.7529,,4326.0,0.546,0.611,Transit,2016.0,K2,257.443,Super-Earth
K2-52 b,K2-52,18.0,1.60585244,,,,2004.0,1124.0,0.054,3.535055,,7147.0,2.192,1.691,Transit,2016.0,K2,1038.41,Gas Giant
K2-53 b,K2-53,2.6,0.23195646,7.27,0.0229,,665.0,52.5,0.098,12.20772,,5263.0,0.807,0.851,Transit,2016.0,K2,138.018,Neptunian
K2-54 b,K2-54,2.6116925,0.233,7.33,0.0231,0.24,560.0,6.1,0.0761,9.7833,,3990.0,0.643,0.615,Transit,2016.0,K2,174.955,Neptunian
K2-55 b,K2-55,4.43,0.39521881,44.0,0.13843948,0.07,900.0,141.3,0.03486,2.849271,,4300.0,0.715,0.688,Transit,2016.0,K2,159.522,Neptunian
K2-57 b,K2-57,2.30905002,0.206,5.94,0.0187,0.25,635.8,24.1,0.0752,9.0073,,4413.0,0.671,0.699,Transit,2016.0,K2,264.213,Super-Earth
K2-58 b,K2-58,2.68,0.23909359,7.65,0.0241,,,118.0,0.0692,7.05254,,5413.0,0.86,0.89,Transit,2016.0,K2,181.746,Neptunian
K2-58 c,K2-58,1.62,0.14452672,3.26,0.0102,,,462.0,0.035,2.53726,,5413.0,0.86,0.89,Transit,2016.0,K2,181.746,Super-Earth
K2-58 d,K2-58,1.71,0.15255598,3.57,0.0112,,,24.6,0.1517,22.8827,,5413.0,0.86,0.89,Transit,2016.0,K2,181.746,Super-Earth
K2-59 b,K2-59,2.41,0.2150058,6.39,0.0201,,,17.1,0.1354,20.6921,,5055.0,0.731,0.774,Transit,2016.0,K2,311.313,Super-Earth
K2-59 c,K2-59,2.3,0.20519226,5.9,0.0186,,,38.3,0.0905,11.2954,,5055.0,0.731,0.774,Transit,2016.0,K2,311.313,Super-Earth
K2-6 b,K2-6,2.5,0.22303506,6.8,0.0214,,615.0,28.6,0.1898,30.94191,,5850.0,0.96,0.97,Transit,2015.0,K2,316.819,Super-Earth
K2-60 b,K2-60,7.655747,0.683,135.39558,0.426,0.0,1400.0,1212.0,0.045,3.00265,G4 V,5500.0,1.12,0.97,Transit,2016.0,K2,491.87,Gas Giant
K2-61 b,K2-61,1.92,0.17129122,4.35,0.0137,,1325.0,730.0,0.0392,2.57336,,5748.0,0.995,0.97,Transit,2016.0,K2,405.732,Super-Earth
K2-62 b,K2-62,2.02,0.18021264,4.74,0.0149,,666.0,46.7,0.0636,6.67199,,4455.0,0.696,0.67,Transit,2016.0,K2,112.467,Super-Earth
K2-62 c,K2-62,1.99,0.17753621,4.62,0.0145,,495.0,14.3,0.1148,16.19697,,4455.0,0.696,0.67,Transit,2016.0,K2,112.467,Super-Earth
K2-63 b,K2-63,3.22,0.28726916,10.5,0.0329,,,188.0,0.1627,20.257,,6771.0,1.63,1.4,Transit,2016.0,K2,517.534,Neptunian
K2-63 c,K2-63,3.9,0.3479347,14.5,0.0455,,,139.0,0.189,25.4556,,6771.0,1.63,1.4,Transit,2016.0,K2,517.534,Neptunian
K2-64 b,K2-64,2.07,0.18467303,4.94,0.0155,,,98.0,0.0619,6.53044,,5312.0,0.726,0.741,Transit,2016.0,K2,499.891,Super-Earth
K2-65 b,K2-65,1.58,0.14095816,3.12,0.00982,,,45.0,0.1014,12.6475,,5213.0,0.84,0.87,Transit,2016.0,K2,72.2,Super-Earth
K2-66 b,K2-66,2.49,0.22214292,21.3,0.06701696,0.0,1372.0,840.0,0.05983,5.06963,,5887.0,1.67,1.11,Transit,2016.0,K2,513.877,Super-Earth
K2-68 b,K2-68,1.58,0.14095816,3.12,0.00982,,,41.0,0.0708,8.05428,,4746.0,0.675,0.73,Transit,2016.0,K2,168.652,Super-Earth
K2-69 b,K2-69,2.32,0.20697654,5.99,0.0189,,,17.9,0.0591,7.06599,,4127.0,0.491,0.551,Transit,2016.0,K2,180.697,Super-Earth
K2-7 b,K2-7,4.03523305,0.36,15.3,0.0482,0.24,786.0,125.0,0.1867,28.6781,,5700.0,1.533,1.056,Transit,2015.0,K2,738.553,Neptunian
K2-70 b,K2-70,2.89,0.25782853,8.7,0.0274,,,62.0,0.1112,13.97896,,5622.0,0.93,0.94,Transit,2016.0,K2,232.964,Neptunian
K2-71 b,K2-71,2.15,0.19181015,5.27,0.0166,,,13.4,0.0559,6.98541,,4006.0,0.426,0.477,Transit,2016.0,K2,153.192,Super-Earth
K2-72 b,K2-72,1.08,0.09635115,1.28,0.00403,0.11,,8.5,0.04,5.577212,,3360.47,0.330989,0.271365,Transit,2016.0,K2,66.4321,Terrestrial
K2-72 c,K2-72,1.16,0.10348827,1.65,0.00521,0.11,,2.2,0.078,15.189034,,3360.47,0.330989,0.271365,Transit,2016.0,K2,66.4321,Terrestrial
K2-72 d,K2-72,1.01,0.09010616,1.01,0.00317,0.11,,5.4,0.05,7.760178,,3360.47,0.330989,0.271365,Transit,2016.0,K2,66.4321,Terrestrial
K2-72 e,K2-72,1.29,0.11508609,2.21,0.00696,0.11,,1.2,0.106,24.158868,,3360.47,0.330989,0.271365,Transit,2016.0,K2,66.4321,Terrestrial
K2-73 b,K2-73,2.58,0.23017258,9.2,0.02894644,,968.0,209.0,0.07619,7.49556,,5867.0,1.058,1.02,Transit,2016.0,K2,269.183,Neptunian
K2-74 b,K2-74,2.31,0.2060844,5.95,0.0187,,,59.1,0.1402,19.5666,,6060.0,0.98,0.96,Transit,2016.0,K2,377.822,Super-Earth
K2-75 b,K2-75,2.67,0.23820145,7.61,0.0239,,,430.0,0.081,7.8142,,5995.0,1.56,1.16,Transit,2016.0,K2,561.93,Neptunian
K2-75 c,K2-75,2.77,0.24712285,8.1,0.0255,,,138.0,0.1429,18.311,,5995.0,1.56,1.16,Transit,2016.0,K2,561.93,Neptunian
K2-77 b,K2-77,2.4996027,0.223,603.877,1.9,0.29,806.0,58.0,0.0753,8.2000844,,5160.0,0.792,0.847,Transit,2016.0,K2,141.731,Super-Earth
K2-79 b,K2-79,4.09,0.36488599,9.2,0.02894644,0.23,1022.0,181.0,0.0988,10.9947,,5897.0,1.265,1.066,Transit,2016.0,K2,256.011,Neptunian
K2-8 b,K2-8,3.58,0.31938621,12.5,0.0394,,631.0,37.7,0.0856,10.35239,K3 V,4870.0,0.74,0.78,Transit,2015.0,K2,403.513,Neptunian
K2-8 c,K2-8,2.41,0.2150058,6.39,0.0201,,801.0,97.8,0.0532,5.06416,K3 V,4870.0,0.74,0.78,Transit,2016.0,K2,403.513,Super-Earth
K2-80 b,K2-80,2.01,0.17932019,4.7,0.0148,,,32.5,0.135,19.0918,,5441.0,0.87,0.9,Transit,2016.0,K2,200.802,Super-Earth
K2-80 c,K2-80,1.47,0.13114462,2.76,0.00869,,,166.0,0.0596,5.605,,5441.0,0.87,0.9,Transit,2016.0,K2,200.802,Terrestrial
K2-81 b,K2-81,1.97,0.17575163,4.54,0.0143,0.06,,62.9,0.059,6.102325,,4674.13,0.634663,0.745273,Transit,2016.0,K2,252.318,Super-Earth
K2-83 b,K2-83,1.244,0.11098225,2.08,0.00654,0.07,,41.5,0.03014,2.74697,,3910.0,0.424,0.484,Transit,2016.0,K2,125.529,Terrestrial
K2-83 c,K2-83,1.483,0.1323044,2.8,0.00882,0.06,,7.42,0.07131,9.99767,,3910.0,0.424,0.484,Transit,2016.0,K2,125.529,Terrestrial
K2-84 b,K2-84,2.41,0.2150058,6.39,0.0201,,,178.0,0.0665,6.4215,,5652.0,0.93,0.95,Transit,2016.0,K2,284.876,Super-Earth
K2-84 c,K2-84,2.03,0.18110447,4.78,0.015,,,25.3,0.1768,27.86,,5652.0,0.93,0.95,Transit,2016.0,K2,284.876,Super-Earth
K2-85 b,K2-85,1.4,0.12489985,3.2,0.01006833,0.24,1355.0,800.0,0.013,0.68453862616,,4232.0,0.71,0.7,Transit,2016.0,K2,97.2179,Terrestrial
K2-86 b,K2-86,1.96,0.17485949,4.5,0.0142,,,78.0,0.077,8.77683,,5482.0,0.76,0.79,Transit,2016.0,K2,258.699,Super-Earth
K2-87 b,K2-87,7.6,0.67802659,44.9,0.141,,979.0,85.0,0.094,9.726618,,5747.0,1.401,1.164,Transit,2016.0,K2,491.242,Gas Giant
K2-88 b,K2-88,1.23,0.10973325,2.04,0.00642,0.26,,7.8,0.0345,4.6122,,3537.0,0.256,0.258,Transit,2016.0,K2,110.561,Terrestrial
K2-89 b,K2-89,0.615,0.05486663,0.17,0.000535,0.15,,78.0,0.01462,1.096026,,3691.0,0.318,0.347,Transit,2016.0,K2,86.0386,Terrestrial
K2-9 b,K2-9,2.25,0.20073156,5.69,0.0179,,314.0,1.36,0.091,18.4498,M2.5 V,3390.0,0.31,0.3,Transit,2015.0,K2,82.9631,Super-Earth
K2-90 b,K2-90,2.6,0.23195646,7.27,0.0229,0.07,502.0,10.2,0.096,13.733314,,4484.0,0.619,0.629,Transit,2016.0,K2,134.188,Neptunian
K2-90 c,K2-90,1.3,0.11597823,2.24,0.00705,0.19,,80.8,0.035,2.900706,,4421.98,0.634754,0.704613,Transit,2016.0,K2,134.188,Terrestrial
K2-91 b,K2-91,1.1,0.09813543,1.37,0.0043,0.09,,46.0,0.0164,1.419549,,3622.0,0.284,0.292,Transit,2016.0,K2,62.5785,Terrestrial
K2-95 b,K2-95,3.31,0.29529893,11.0,0.0345,0.16,474.0,,0.0525,10.1346454,M3.0,3566.0,0.4,0.41,Transit,2016.0,K2,179.854,Neptunian
K2-97 b,K2-97,13.45077684,1.2,174.48779544,0.549,0.207,1566.0,114.149,0.0854,8.407115,,4673.0,4.14,1.17,Transit,2016.0,K2,878.43,Gas Giant
K2-98 b,K2-98,5.06645928,0.452,34.00763955,0.107,0.119,1185.0,339.0,0.0986,10.1367349,F8 V,6260.0,1.518,1.246,Transit,2016.0,K2,518.625,Neptunian
K2-99 b,K2-99,11.88151954,1.06,276.51071409,0.87,0.22,1184.0,357.0,0.153,18.24783,G0 IV,6069.0,2.55,1.44,Transit,2016.0,K2,519.229,Gas Giant
K2-99 c,K2-99,12.6,1.12,2669.7586188,8.4,0.21,390.0,,1.43,522.2,G0 IV,6069.0,2.55,1.44,Radial Velocity,2022.0,Multiple Observatories,519.229,Gas Giant
KELT-1 b,KELT-1,12.442,1.11,8654.15,27.23,0.0099,2361.0,5165.92,0.02466,1.217514,,6516.0,1.471,1.335,Transit,2012.0,KELT,268.43,Gas Giant
KELT-10 b,KELT-10,15.681391,1.399,215.80657,0.679,,1377.0,600.0,0.0525,4.1662739,G0 V,5948.0,1.209,1.112,Transit,2016.0,KELT-South,188.404,Gas Giant
KELT-11 b,KELT-11,15.13212395,1.35,65.15482343,0.205,0.0,1712.0,1433.0,0.0623,4.73620865,G8/K0 IV,5375.0,2.69,1.44,Transit,2017.0,KELT-South,99.1596,Gas Giant
KELT-12 b,KELT-12,19.95202,1.78,301.9385,0.95,0.0,1800.0,1749.0,0.06708,5.031623,,6279.0,2.37,1.591,Transit,2017.0,KELT-North,368.03,Gas Giant
KELT-14 b,KELT-14,19.537287,1.743,408.09372,1.284,0.0,1970.0,826.113,0.03005,1.7100566,G4,5720.0,1.52,1.239,Transit,2016.0,KELT-South,250.121,Gas Giant
KELT-15 b,KELT-15,19.50366,1.74,416.3573,1.31,0.0,1642.0,1612.7618,0.04613,3.32944,,6003.0,1.78,2.06,Transit,2016.0,KELT-South,324.683,Gas Giant
KELT-16 b,KELT-16,15.860735,1.415,874.0325,2.75,0.0,2453.0,6992.0328,0.02044,0.9689951,F7 V,6236.0,1.36,1.211,Transit,2017.0,KELT,444.586,Gas Giant
KELT-17 b,KELT-17,17.093725,1.525,416.3573,1.31,,2087.0,3331.8707,0.04881,3.0801716,A,7454.0,1.645,1.635,Transit,2016.0,KELT,226.5,Gas Giant
KELT-18 b,KELT-18,17.59813,1.57,375.0394,1.18,0.0,2085.0,3152.0,0.0455,2.8717518,F4 V,6670.0,1.908,1.524,Transit,2017.0,KELT-North,321.376,Gas Giant
KELT-19 A b,KELT-19 A,21.40919,1.91,1293.5681,4.07,,1935.0,2340.0,0.0637,4.6117093,A8 V,7500.0,1.83,1.62,Transit,2017.0,KELT,300.276,Gas Giant
KELT-2 A b,KELT-2 A,15.13215,1.35,540.311,1.7,0.0,2080.0,3108.45,0.05497,4.11379,F8,6327.0,1.93,1.54,Transit,2012.0,KELT,134.058,Gas Giant
KELT-20 b,KELT-20,19.514869,1.741,1074.90106,3.382,0.0,2262.0,4362.5,0.0542,3.4741085,A2 V,8720.0,1.565,1.76,Transit,2017.0,KELT-North,136.426,Gas Giant
KELT-21 b,KELT-21,17.777474,1.586,1242.7153,3.91,0.0,2051.0,2950.0,0.05224,3.6127647,A8 V,7598.0,1.638,1.458,Transit,2018.0,KELT-North,470.878,Gas Giant
KELT-23 A b,KELT-23 A,14.829507,1.323,298.12454,0.938,0.0,1561.0,991.183,0.03302,2.255251,G2 V,5899.0,0.996,0.944,Transit,2019.0,KELT-North,126.261,Gas Giant
KELT-24 b,KELT-24,12.71098411,1.134,1458.83238813,4.59,0.0319,1391.0,624.0,0.0665,5.55149296,F7,6426.0,1.338,1.268,Transit,2019.0,KELT-North,96.5173,Gas Giant
KELT-3 b,KELT-3,17.48604,1.56,616.5902,1.94,0.0,1816.0,1704.57,0.04123,2.70339,,6304.0,1.7,1.96,Transit,2013.0,KELT,210.252,Gas Giant
KELT-4 A b,KELT-4 A,19.044091,1.699,286.68266,0.902,0.0,1823.0,1840.0,0.04317,2.9895932,F,6206.0,1.603,1.201,Transit,2016.0,KELT,218.05,Gas Giant
KELT-6 b,KELT-6,14.5717,1.3,165.2716,0.52,0.22,1313.0,718.188,0.07939,7.8457,F8,6102.0,1.73,1.42,Transit,2014.0,KELT,240.726,Gas Giant
KELT-6 c,KELT-6,13.0,1.16,1179.1493,3.71,0.21,,,2.39,1276.0,F8,6272.0,1.529,1.126,Radial Velocity,2015.0,Multiple Observatories,240.726,Gas Giant
KELT-7 b,KELT-7,17.9344,1.6,441.7837,1.39,0.0,2048.0,1775.39,0.04415,2.73477,F,6768.0,1.81,1.76,Transit,2015.0,KELT,136.681,Gas Giant
KELT-8 b,KELT-8,18.15858,1.62,209.7678,0.66,0.04,1675.0,983.3098,0.0455,3.24406,G2 V,5754.0,1.46,0.81,Transit,2015.0,KELT,197.572,Gas Giant
KELT-9 b,KELT-9,21.196219,1.891,915.3504,2.88,0.0,4050.0,44900.0,0.03462,1.4811235,B9.5-A0,10170.0,2.362,2.52,Transit,2017.0,KELT-North,204.455,Gas Giant
KIC 3526061 b,KIC 3526061,12.1,1.08,5768.58558705,18.15,0.85,,,5.14,3552.0,,4829.0,5.86,1.42,Radial Velocity,2022.0,McDonald Observatory,401.229,Gas Giant
KIC 5437945 b,KIC 5437945,6.4,0.57096976,33.6,0.106,0.0,308.0,2.9,1.19671,440.7813,,6340.0,1.24,1.07,Transit,2015.0,Kepler,1274.01,Gas Giant
KIC 9663113 b,KIC 9663113,4.6,0.41038451,19.2,0.0603,0.0,264.0,3.356,1.55346,572.3847,,6065.0,1.03,0.98,Transit,2015.0,Kepler,1594.74,Neptunian
KMT-2016-BLG-0212L b,KMT-2016-BLG-0212L,12.2,1.08,5700.0,18.0,,,,2.2,,,,,0.48,Microlensing,2018.0,KMTNet,6300.0,Gas Giant
KMT-2016-BLG-1105L b,KMT-2016-BLG-1105L,1.33,0.118,2.32,0.00729954,,,,2.44,,,,,0.41,Microlensing,2023.0,KMTNet,5080.0,Terrestrial
KMT-2016-BLG-1107L b,KMT-2016-BLG-1107L,13.1,1.17,1043.0,3.283,,,,0.342,,,,,0.087,Microlensing,2019.0,KMTNet,6651.0,Gas Giant
KMT-2016-BLG-1337L b,KMT-2016-BLG-1337L,11.4,1.01,88.99195396,0.28,,,,3.97,,M,,,0.54,Microlensing,2026.0,KMTNet,6920.0,Gas Giant
KMT-2016-BLG-1397L b,KMT-2016-BLG-1397L,12.7,1.13,2200.0,7.0,,,,5.1,,,,,0.45,Microlensing,2018.0,KMTNet,6600.0,Gas Giant
KMT-2016-BLG-1820L b,KMT-2016-BLG-1820L,12.9,1.15,1450.0,4.57,,,,1.08,,,,,0.039,Microlensing,2018.0,KMTNet,6260.0,Gas Giant
KMT-2016-BLG-1836L b,KMT-2016-BLG-1836L,13.3,1.19,700.0,2.2,,,,3.5,,,,,0.49,Microlensing,2019.0,KMTNet,7100.0,Gas Giant
KMT-2016-BLG-2142L b,KMT-2016-BLG-2142L,12.2,1.09,4923.0,15.49,,,,0.83,,,,,0.073,Microlensing,2018.0,KMTNet,7010.0,Gas Giant
KMT-2016-BLG-2321L b,KMT-2016-BLG-2321L,13.8,1.23,301.93698665,0.95,,,,3.58,,,,,0.73,Microlensing,2024.0,KMTNet,3580.0,Gas Giant
KMT-2016-BLG-2364L b,KMT-2016-BLG-2364L,13.0,1.16,1250.0,3.93,,,,2.63,,,,,0.5,Microlensing,2020.0,KMTNet,6440.0,Gas Giant
KMT-2016-BLG-2397L b,KMT-2016-BLG-2397L,13.2,1.18,836.0,2.63,,,,3.64,,,,,0.64,Microlensing,2020.0,KMTNet,4880.0,Gas Giant
KMT-2016-BLG-2605L b,KMT-2016-BLG-2605L,14.0,1.25,245.0457018,0.771,,,,0.681,,,,,0.064,Microlensing,2021.0,KMTNet,6421.0,Gas Giant
KMT-2017-BLG-0165L b,KMT-2017-BLG-0165L,6.45,0.575,34.0,0.11,,,,3.45,,,,,0.76,Microlensing,2018.0,KMTNet,4530.0,Gas Giant
KMT-2017-BLG-0428L b,KMT-2017-BLG-0428L,2.23,0.199,5.59,0.01758811,,,,1.81,,,,,0.34,Microlensing,2023.0,KMTNet,5400.0,Super-Earth
KMT-2017-BLG-0673L b,KMT-2017-BLG-0673L,13.0,1.16,1166.43025369,3.67,,,,2.34,,,,,0.63,Microlensing,2022.0,KMTNet,5080.0,Gas Giant
KMT-2017-BLG-0849L b,KMT-2017-BLG-0849L,2.41,0.215,6.39,0.02010519,,,,2.73,,,,,0.19,Microlensing,2024.0,KMTNet,7220.0,Super-Earth
KMT-2017-BLG-1003L b,KMT-2017-BLG-1003L,2.13,0.19,5.19,0.01632957,,,,1.38,,,,,0.32,Microlensing,2023.0,KMTNet,7090.0,Super-Earth
KMT-2017-BLG-1038L b,KMT-2017-BLG-1038L,13.4,1.19,640.0,2.0,,,,1.8,,,,,0.37,Microlensing,2019.0,KMTNet,6000.0,Gas Giant
KMT-2017-BLG-1057L b,KMT-2017-BLG-1057L,5.19,0.463,23.5,0.07393927,,,,2.36,,,,,0.57,Microlensing,2024.0,KMTNet,6500.0,Neptunian
KMT-2017-BLG-1146L b,KMT-2017-BLG-1146L,14.0,1.25,230.0,0.71,,,,1.6,,,,,0.33,Microlensing,2019.0,KMTNet,6500.0,Gas Giant
KMT-2017-BLG-1194L b,KMT-2017-BLG-1194L,1.7,0.152,3.54,0.01113809,,,,1.78,,,,,0.41,Microlensing,2023.0,KMTNet,4240.0,Super-Earth
KMT-2017-BLG-2197L b,KMT-2017-BLG-2197L,12.5,1.12,2809.60311788,8.84,,,,15.91,,,,,0.36,Microlensing,2025.0,KMTNet,7800.0,Gas Giant
KMT-2017-BLG-2331L b,KMT-2017-BLG-2331L,14.2,1.27,171.0,0.53802617,,,,2.14,,,,,0.4,Microlensing,2024.0,KMTNet,8030.0,Gas Giant
KMT-2017-BLG-2509L b,KMT-2017-BLG-2509L,13.4,1.19,664.26137063,2.09,,,,2.14,,,,,0.46,Microlensing,2021.0,KMTNet,7040.0,Gas Giant
KMT-2018-BLG-0029L b,KMT-2018-BLG-0029L,2.67,0.238,7.59,0.0239,,,,4.27,,,,,1.14,Microlensing,2020.0,KMTNet,3380.0,Neptunian
KMT-2018-BLG-0030L b,KMT-2018-BLG-0030L,13.6,1.21,460.85119015,1.45,,,,4.39,,,,,0.51,Microlensing,2022.0,KMTNet,6480.0,Gas Giant
KMT-2018-BLG-0087L b,KMT-2018-BLG-0087L,10.1,0.903,73.10053361,0.23,,,,0.87,,,,,0.1,Microlensing,2022.0,KMTNet,7020.0,Gas Giant
KMT-2018-BLG-0247L b,KMT-2018-BLG-0247L,13.4,1.19,670.61793877,2.11,,,,2.46,,,,,0.29,Microlensing,2022.0,KMTNet,6760.0,Gas Giant
KMT-2018-BLG-0748L b,KMT-2018-BLG-0748L,9.01,0.804,60.0,0.19,,,,0.62,,,,,0.087,Microlensing,2020.0,KMTNet,7300.0,Gas Giant
KMT-2018-BLG-0885L b,KMT-2018-BLG-0885L,11.9,1.06,9217.023803,29.0,,,,1.07,,,,,0.29,Microlensing,2023.0,KMTNet,6890.0,Gas Giant
KMT-2018-BLG-1025L b,KMT-2018-BLG-1025L,2.34,0.208,6.059,0.01906375,,,,1.305,,,,,0.219,Microlensing,2021.0,KMTNet,6705.0,Super-Earth
KMT-2018-BLG-1292L b,KMT-2018-BLG-1292L,12.9,1.15,1400.0,4.42,,,,6.03,,,,,1.09,Microlensing,2020.0,KMTNet,3460.0,Gas Giant
KMT-2018-BLG-1743L b,KMT-2018-BLG-1743L,10.5,0.937,77.86795971,0.245,,,,1.449,,,,,0.193,Microlensing,2021.0,KMTNet,6483.0,Gas Giant
KMT-2018-BLG-1976L b,KMT-2018-BLG-1976L,13.3,1.19,705.57906354,2.22,,,,3.54,,,,,0.65,Microlensing,2021.0,KMTNet,5840.0,Gas Giant
KMT-2018-BLG-1988L b,KMT-2018-BLG-1988L,2.22,0.198,5.56,0.01749372,,,,3.09,,,,,0.47,Microlensing,2022.0,KMTNet,4150.0,Super-Earth
KMT-2018-BLG-1990L b,KMT-2018-BLG-1990L,12.9,1.16,111.0,0.348,,,,0.763,,M,,,0.094,Microlensing,2019.0,KMTNet,967.0,Gas Giant
KMT-2018-BLG-1996L b,KMT-2018-BLG-1996L,13.7,1.23,346.43296363,1.09,,,,4.27,,,,,0.69,Microlensing,2021.0,KMTNet,5910.0,Gas Giant
KMT-2018-BLG-2602L b,KMT-2018-BLG-2602L,13.7,1.22,365.50266805,1.15,,,,3.81,,,,,0.66,Microlensing,2022.0,KMTNet,4310.0,Gas Giant
KMT-2019-BLG-0253L b,KMT-2019-BLG-0253L,2.99,0.266,9.2,0.02894644,,,,3.1,,,,,0.7,Microlensing,2022.0,KMTNet,4900.0,Neptunian
KMT-2019-BLG-0297L b,KMT-2019-BLG-0297L,12.1,1.08,6038.739733,19.0,,,,0.96,,,,,0.21,Microlensing,2023.0,KMTNet,3090.0,Gas Giant
KMT-2019-BLG-0298L b,KMT-2019-BLG-0298L,13.4,1.2,575.26941667,1.81,,,,5.67,,,,,0.7,Microlensing,2023.0,KMTNet,6710.0,Gas Giant
KMT-2019-BLG-0335L b,KMT-2019-BLG-0335L,12.1,1.08,6674.396547,21.0,,,,1.64,,,,,0.32,Microlensing,2023.0,KMTNet,7710.0,Gas Giant
KMT-2019-BLG-0371L b,KMT-2019-BLG-0371L,12.6,1.13,2447.2787339,7.7,,,,0.79,,,,,0.09,Microlensing,2021.0,KMTNet,7010.0,Gas Giant
KMT-2019-BLG-0414L b,KMT-2019-BLG-0414L,12.9,1.15,1452.47581999,4.57,,,,1.16,,,,,0.74,Microlensing,2022.0,KMTNet,4410.0,Gas Giant
KMT-2019-BLG-0578L b,KMT-2019-BLG-0578L,13.7,1.22,381.3940884,1.2,,,,2.0,,,,,0.28,Microlensing,2025.0,KMTNet,7300.0,Gas Giant
KMT-2019-BLG-0842L b,KMT-2019-BLG-0842L,3.19,0.284,10.28,0.03234,,,,3.31,,,,,0.76,Microlensing,2020.0,KMTNet,3320.0,Neptunian
KMT-2019-BLG-0953L b,KMT-2019-BLG-0953L,4.06,0.362,15.5,0.04876845,,,,1.1,,,,,0.28,Microlensing,2022.0,KMTNet,7200.0,Neptunian
KMT-2019-BLG-1042L b,KMT-2019-BLG-1042L,9.05,0.807,60.38739733,0.19,,,,1.7,,,,,0.3,Microlensing,2022.0,KMTNet,6600.0,Gas Giant
KMT-2019-BLG-1216L b,KMT-2019-BLG-1216L,5.98,0.533,29.87587026,0.094,,,,2.44,,,,,0.39,Microlensing,2023.0,KMTNet,2740.0,Neptunian
KMT-2019-BLG-1339L b,KMT-2019-BLG-1339L,13.7,1.22,397.0,1.25,,,,2.15,,,,,0.48,Microlensing,2020.0,KMTNet,6120.0,Gas Giant
KMT-2019-BLG-1367L b,KMT-2019-BLG-1367L,1.85,0.165,4.08,0.01283712,,,,1.7,,,,,0.25,Microlensing,2023.0,KMTNet,4670.0,Super-Earth
KMT-2019-BLG-1552L b,KMT-2019-BLG-1552L,13.0,1.16,1287.20504835,4.05,,,,2.6,,,,,0.79,Microlensing,2022.0,KMTNet,4600.0,Gas Giant
KMT-2019-BLG-1715L b,KMT-2019-BLG-1715L,13.2,1.18,813.64072192,2.56,,,,3.32,,,,,0.61,Microlensing,2021.0,KMTNet,3860.0,Gas Giant
KMT-2019-BLG-1806L b,KMT-2019-BLG-1806L,2.0,0.179,4.67,0.01469346,,,,3.02,,,,,0.74,Microlensing,2023.0,KMTNet,6640.0,Super-Earth
KMT-2019-BLG-2783L b,KMT-2019-BLG-2783L,13.7,1.22,368.68095212,1.16,,,,1.85,,,,,0.34,Microlensing,2023.0,KMTNet,5910.0,Gas Giant
KMT-2019-BLG-2974L b,KMT-2019-BLG-2974L,11.4,1.01,88.99195396,0.28,,,,2.0,,,,,0.47,Microlensing,2022.0,KMTNet,6100.0,Gas Giant
KMT-2020-BLG-0202L b,KMT-2020-BLG-0202L,12.4,1.1,3902.93283796,12.28,,,,4.17,,,,,0.81,Microlensing,2026.0,KMTNet,3840.0,Gas Giant
KMT-2020-BLG-0414L b,KMT-2020-BLG-0414L,1.2,0.107,1.87,0.00588368,,,,2.07,,WD,,,0.49,Microlensing,2021.0,KMTNet,1220.0,Terrestrial
KMT-2020-BLG-0414L c,KMT-2020-BLG-0414L,11.9,1.07,8581.366989,27.0,,,,22.3,,WD,,,0.49,Microlensing,2021.0,KMTNet,1220.0,Gas Giant
KMT-2021-BLG-0119L b,KMT-2021-BLG-0119L,12.8,1.14,1754.41280664,5.52,,,,2.92,,,,,0.56,Microlensing,2022.0,KMTNet,3130.0,Gas Giant
KMT-2021-BLG-0171L b,KMT-2021-BLG-0171L,3.35,0.299,11.2,0.03523914,,,,3.5,,,5200.0,,0.78,Microlensing,2022.0,KMTNet,4600.0,Neptunian
KMT-2021-BLG-0192L b,KMT-2021-BLG-0192L,6.56,0.585,34.96112477,0.11,,,,1.62,,,,,0.27,Microlensing,2022.0,KMTNet,5120.0,Gas Giant
KMT-2021-BLG-0240L b,KMT-2021-BLG-0240L,9.6,0.856,66.74396547,0.21,,,,2.8,,,,,0.56,Microlensing,2022.0,KMTNet,6600.0,Gas Giant
KMT-2021-BLG-0320L b,KMT-2021-BLG-0320L,6.2,0.553,31.7828407,0.1,,,,1.54,,,,,0.32,Microlensing,2022.0,KMTNet,6950.0,Gas Giant
KMT-2021-BLG-0712L b,KMT-2021-BLG-0712L,6.91,0.616,38.19,0.12015918,,,,2.22,,,,,0.22,Microlensing,2023.0,KMTNet,3090.0,Gas Giant
KMT-2021-BLG-0736L b,KMT-2021-BLG-0736L,4.86,0.433,21.0,0.06607339,,,,4.0,,,,,0.6,Microlensing,2025.0,KMTNet,7000.0,Neptunian
KMT-2021-BLG-0748L b,KMT-2021-BLG-0748L,14.3,1.28,143.02278315,0.45,,,,2.43,,,,,0.36,Microlensing,2022.0,KMTNet,6090.0,Gas Giant
KMT-2021-BLG-0909L b,KMT-2021-BLG-0909L,13.7,1.22,400.46379282,1.26,,,,1.75,,,,,0.38,Microlensing,2023.0,KMTNet,6480.0,Gas Giant
KMT-2021-BLG-0912L b,KMT-2021-BLG-0912L,1.49,0.133,2.81,0.00884125,,,,3.14,,K,,,0.8,Microlensing,2022.0,KMTNet,5560.0,Terrestrial
KMT-2021-BLG-1077L b,KMT-2021-BLG-1077L,9.86,0.88,69.92224954,0.22,,,,1.26,,M V,,,0.14,Microlensing,2022.0,KMTNet,8240.0,Gas Giant
KMT-2021-BLG-1077L c,KMT-2021-BLG-1077L,10.6,0.949,79.45710175,0.25,,,,0.93,,M V,,,0.14,Microlensing,2022.0,KMTNet,8240.0,Gas Giant
KMT-2021-BLG-1105L b,KMT-2021-BLG-1105L,13.6,1.22,413.1769291,1.3,,,,3.54,,,,,0.63,Microlensing,2023.0,KMTNet,4540.0,Gas Giant
KMT-2021-BLG-1150L b,KMT-2021-BLG-1150L,13.9,1.24,279.68899816,0.88,,,,4.5,,,,,0.73,Microlensing,2023.0,KMTNet,3800.0,Gas Giant
KMT-2021-BLG-1253L b,KMT-2021-BLG-1253L,4.59,0.409,19.05,0.059938,,,,1.52,,,,,0.24,Microlensing,2022.0,KMTNet,6640.0,Neptunian
KMT-2021-BLG-1303L b,KMT-2021-BLG-1303L,13.6,1.21,120.77479466,0.38,,,,2.89,,,,,0.57,Microlensing,2022.0,KMTNet,6280.0,Gas Giant
KMT-2021-BLG-1372L b,KMT-2021-BLG-1372L,9.12,0.814,61.27,0.19277698,,,,2.37,,,,,0.42,Microlensing,2022.0,KMTNet,5970.0,Gas Giant
KMT-2021-BLG-1391L b,KMT-2021-BLG-1391L,1.97,0.176,4.55,0.0143159,,,,2.29,,,,,0.37,Microlensing,2022.0,KMTNet,5720.0,Super-Earth
KMT-2021-BLG-1547L b,KMT-2021-BLG-1547L,13.6,1.21,467.20775829,1.47,,,,4.5,,,,,0.72,Microlensing,2023.0,KMTNet,5070.0,Gas Giant
KMT-2021-BLG-1554L b,KMT-2021-BLG-1554L,6.9,0.616,38.13940884,0.12,,,,0.72,,,,,0.08,Microlensing,2022.0,KMTNet,7680.0,Gas Giant
KMT-2021-BLG-1689L b,KMT-2021-BLG-1689L,7.71,0.688,46.0,0.14473219,,,,2.5,,,4570.0,,0.58,Microlensing,2022.0,KMTNet,7200.0,Gas Giant
KMT-2021-BLG-1770L b,KMT-2021-BLG-1770L,12.1,1.08,6674.396547,21.0,,,,0.9,,,,,0.13,Microlensing,2023.0,KMTNet,6920.0,Gas Giant
KMT-2021-BLG-1898L b,KMT-2021-BLG-1898L,14.0,1.25,232.01473711,0.73,,,,1.9,,,,,0.48,Microlensing,2022.0,KMTNet,6900.0,Gas Giant
KMT-2021-BLG-2010L b,KMT-2021-BLG-2010L,13.8,1.23,340.07639549,1.07,,,,1.79,,,,,0.37,Microlensing,2023.0,KMTNet,7090.0,Gas Giant
KMT-2021-BLG-2294L b,KMT-2021-BLG-2294L,5.02,0.448,22.24798849,0.07,,,,1.15,,,,,0.14,Microlensing,2022.0,KMTNet,6800.0,Neptunian
KMT-2021-BLG-2478L b,KMT-2021-BLG-2478L,13.9,1.24,286.0455663,0.9,,,,1.85,,,,,0.2,Microlensing,2023.0,KMTNet,2970.0,Gas Giant
KMT-2021-BLG-2609L b,KMT-2021-BLG-2609L,3.17,0.283,10.17050902,0.032,,,,2.3,,,,,0.2,Microlensing,2024.0,KMTNet,7480.0,Neptunian
KMT-2022-BLG-0303L b,KMT-2022-BLG-0303L,14.2,1.27,163.04597279,0.513,,,,4.81,,,,,0.368,Microlensing,2024.0,KMTNet,6570.0,Gas Giant
KMT-2022-BLG-0371L b,KMT-2022-BLG-0371L,10.9,0.971,82.63538582,0.26,,,,3.02,,,,,0.63,Microlensing,2023.0,KMTNet,7140.0,Gas Giant
KMT-2022-BLG-0440L b,KMT-2022-BLG-0440L,4.05,0.361,15.4,0.04845382,,,,1.9,,,,,0.53,Microlensing,2023.0,KMTNet,3500.0,Neptunian
KMT-2022-BLG-1013L b,KMT-2022-BLG-1013L,12.1,1.08,98.52680617,0.31,,,,1.38,,,,,0.18,Microlensing,2023.0,KMTNet,7710.0,Gas Giant
KMT-2022-BLG-1551L b,KMT-2022-BLG-1551L,13.2,1.17,940.77208472,2.96,,,,2.29,,,,,0.54,Microlensing,2026.0,KMTNet,6900.0,Gas Giant
KMT-2022-BLG-1790L b,KMT-2022-BLG-1790L,13.5,1.2,549.84314411,1.73,,,,5.25,,,,,0.58,Microlensing,2025.0,KMTNet,6480.0,Gas Giant
KMT-2022-BLG-1818L b,KMT-2022-BLG-1818L,13.0,1.16,1271.313628,4.0,,,,2.6,,,,,0.79,Microlensing,2026.0,KMTNet,5300.0,Gas Giant
KMT-2022-BLG-1818L c,KMT-2022-BLG-1818L,13.2,1.18,114.41822652,0.36,,,,12.6,,,,,0.79,Microlensing,2026.0,KMTNet,5300.0,Gas Giant
KMT-2022-BLG-2076L b,KMT-2022-BLG-2076L,13.9,1.24,279.68899816,0.88,,,,5.67,,,,,0.67,Microlensing,2025.0,KMTNet,5570.0,Gas Giant
KMT-2022-BLG-2286L b,KMT-2022-BLG-2286L,12.1,1.08,6038.739733,19.0,,,,2.02,,,,,0.2,Microlensing,2024.0,KMTNet,7320.0,Gas Giant
KMT-2023-BLG-0119L b,KMT-2023-BLG-0119L,11.0,0.978,83.7,0.26334965,,,,3.14,,K2.5 V,,,0.71,Microlensing,2025.0,KMTNet,5410.0,Gas Giant
KMT-2023-BLG-0416L b,KMT-2023-BLG-0416L,3.67,0.327,13.03096469,0.041,,,,2.96,,,,,0.63,Microlensing,2024.0,KMTNet,5900.0,Neptunian
KMT-2023-BLG-0466L b,KMT-2023-BLG-0466L,13.1,1.17,1032.94232275,3.25,,,,2.68,,,,,0.44,Microlensing,2026.0,KMTNet,6800.0,Gas Giant
KMT-2023-BLG-0469L b,KMT-2023-BLG-0469L,7.04,0.628,39.41072247,0.124,,,,2.31,,,,,0.47,Microlensing,2024.0,KMTNet,7070.0,Gas Giant
KMT-2023-BLG-0548L b,KMT-2023-BLG-0548L,13.1,1.17,1086.97315194,3.42,,,,6.85,,,,,0.72,Microlensing,2025.0,KMTNet,6830.0,Gas Giant
KMT-2023-BLG-0735L b,KMT-2023-BLG-0735L,6.97,0.622,38.77506565,0.122,,,,2.96,,,,,0.61,Microlensing,2024.0,KMTNet,6390.0,Gas Giant
KMT-2023-BLG-0830L b,KMT-2023-BLG-0830L,4.41,0.393,17.79839079,0.056,,,,1.7,,,,,0.22,Microlensing,2025.0,KMTNet,7250.0,Neptunian
KMT-2023-BLG-0949L b,KMT-2023-BLG-0949L,12.8,1.14,1900.61387386,5.98,,,,2.03,,,,,0.48,Microlensing,2025.0,KMTNet,6060.0,Gas Giant
KMT-2023-BLG-1431L b,KMT-2023-BLG-1431L,3.76,0.335,13.6,0.04279039,,,,3.2,,,,,0.57,Microlensing,2024.0,KMTNet,6800.0,Neptunian
KMT-2023-BLG-1454L b,KMT-2023-BLG-1454L,14.1,1.26,200.23189641,0.63,,,,1.18,,,,,0.17,Microlensing,2024.0,KMTNet,7220.0,Gas Giant
KMT-2023-BLG-1642L b,KMT-2023-BLG-1642L,13.8,1.23,343.25467956,1.08,,,,1.41,,,,,0.17,Microlensing,2024.0,KMTNet,6980.0,Gas Giant
KMT-2023-BLG-1743L b,KMT-2023-BLG-1743L,12.1,1.08,6356.56814,20.0,,,,1.16,,,,,0.11,Microlensing,2024.0,KMTNet,7130.0,Gas Giant
KMT-2023-BLG-1866L b,KMT-2023-BLG-1866L,1.43,0.127,2.63,0.00827491,,,,2.63,,,,,0.51,Microlensing,2024.0,KMTNet,6210.0,Terrestrial
KMT-2023-BLG-1896L b,KMT-2023-BLG-1896L,4.19,0.374,16.35,0.05144285,,,,2.86,,K6 V,,,0.72,Microlensing,2025.0,KMTNet,5490.0,Neptunian
KMT-2023-BLG-2209L b,KMT-2023-BLG-2209L,13.9,1.24,254.2627256,0.8,,,,3.51,,,,,0.73,Microlensing,2025.0,KMTNet,5570.0,Gas Giant
KMT-2024-BLG-0176L b,KMT-2024-BLG-0176L,14.0,1.25,241.54958932,0.76,,,,1.32,,,,,0.103,Microlensing,2026.0,KMTNet,8340.0,Gas Giant
KMT-2024-BLG-0349L b,KMT-2024-BLG-0349L,12.4,1.1,3769.44490702,11.86,,,,6.46,,,,,0.68,Microlensing,2026.0,KMTNet,5750.0,Gas Giant
KMT-2024-BLG-0404L b,KMT-2024-BLG-0404L,11.9,1.06,8657.64580668,27.24,,,,0.85,,M,,,0.09,Microlensing,2025.0,KMTNet,7210.0,Gas Giant
KMT-2024-BLG-1005L b,KMT-2024-BLG-1005L,12.1,1.08,6674.396547,21.0,,,,0.78,,,,,0.055,Microlensing,2025.0,KMTNet,6950.0,Gas Giant
KMT-2024-BLG-1209L b,KMT-2024-BLG-1209L,13.2,1.18,839.06699448,2.64,,,,2.51,,K3 V,,,0.77,Microlensing,2025.0,KMTNet,3930.0,Gas Giant
KMT-2024-BLG-1281L b,KMT-2024-BLG-1281L,4.59,0.409,19.06970442,0.06,,,,1.96,,,,,0.32,Microlensing,2025.0,KMTNet,7180.0,Neptunian
KMT-2024-BLG-1870L b,KMT-2024-BLG-1870L,13.8,1.23,336.89811142,1.06,,,,3.15,,,,,0.67,Microlensing,2026.0,KMTNet,5480.0,Gas Giant
KMT-2024-BLG-2059L b,KMT-2024-BLG-2059L,2.54,0.227,6.99222495,0.022,,,,2.55,,,,,0.51,Microlensing,2025.0,KMTNet,6070.0,Neptunian
KMT-2024-BLG-2087L b,KMT-2024-BLG-2087L,12.9,1.15,1395.26670673,4.39,,,,3.03,,,,,0.48,Microlensing,2026.0,KMTNet,7190.0,Gas Giant
KMT-2024-BLG-2242L b,KMT-2024-BLG-2242L,3.82,0.341,13.98444991,0.044,,,,0.89,,,,,0.069,Microlensing,2025.0,KMTNet,7620.0,Neptunian
KMT-2025-BLG-0121L b,KMT-2025-BLG-0121L,12.6,1.13,2469.52672239,7.77,,,,3.05,,,,,0.61,Microlensing,2026.0,KMTNet,6200.0,Gas Giant
KMT-2025-BLG-1616L b,KMT-2025-BLG-1616L,7.34,0.655,42.32,0.13315361,,,,1.6,,M V,,,0.26,Microlensing,2026.0,KMTNet,7500.0,Gas Giant
KOBE-1 b,KOBE-1,2.91,0.26,8.8,0.0276879,0.0,594.4,20.56,0.07006,8.5399,K7 V,4135.0,0.619,0.629,Radial Velocity,2025.0,Calar Alto Observatory,23.9718,Neptunian
KOBE-1 c,KOBE-1,3.56,0.318,12.4,0.03901476,0.0,392.5,3.91,0.16071,29.671,K7 V,4135.0,0.619,0.629,Radial Velocity,2025.0,Calar Alto Observatory,23.9718,Neptunian
KOI-12 b,KOI-12,13.78707,1.23,349.613,1.1,0.34,911.0,196.507,0.154,17.855182,,6635.0,1.4,1.5,Transit,2015.0,Kepler,399.398,Gas Giant
KOI-1257 b,KOI-1257,10.54,0.94,460.83,1.45,0.772,511.0,7.28,0.382,86.647661,G5 V,5520.0,1.13,0.99,Transit,2014.0,Kepler,656.0,Gas Giant
KOI-13 b,KOI-13,16.948008,1.512,2949.4624,9.28,0.00064,2550.0,25339.901,0.03641,1.763588,,7650.0,1.74,1.72,Transit,2011.0,Kepler,519.096,Gas Giant
KOI-134 b,KOI-134,12.03844527,1.074,346.43296363,1.09,0.16,659.0,45.0,0.363,67.1277,F9V,6160.0,1.667,1.407,Transit,2025.0,Kepler,1159.21,Gas Giant
KOI-134 c,KOI-134,9.86,0.88,69.92224954,0.22,0.24,,,0.2305,33.95,F9V,6160.0,1.667,1.407,Transit Timing Variations,2025.0,Kepler,1159.21,Gas Giant
KOI-142 b,KOI-142,3.438,0.30671782,9.5,0.03,0.05561,758.0,68.563,0.09586,10.91647,G6 V,5466.0,0.897,0.99,Transit,2013.0,Kepler,376.863,Neptunian
KOI-142 c,KOI-142,14.0,1.25,214.1,0.674,0.05724,,,0.154121003,22.26492,G6 V,5466.0,0.897,0.99,Transit Timing Variations,2013.0,Kepler,376.863,Gas Giant
KOI-1599.01,KOI-1599,1.9,0.16950665,4.6,0.01447315,0.014,660.0,44.8,0.14728,20.4415,,5833.0,0.972,1.02,Transit,2019.0,Kepler,1131.64,Super-Earth
KOI-1599.02,KOI-1599,1.9,0.16950665,9.0,0.02831702,0.0114,755.0,76.81,0.112293,13.6088,,5833.0,0.972,1.02,Transit,2019.0,Kepler,1131.64,Super-Earth
KOI-1783.01,KOI-1783,8.86,0.79043626,71.0,0.22338986,0.0,412.0,5.7,0.52661,134.4628,,5922.0,1.143,1.076,Transit,2020.0,Kepler,865.73,Gas Giant
KOI-1783.02,KOI-1783,5.44,0.48532429,15.0,0.04719504,0.0,321.0,2.49,0.86695,284.215,,5922.0,1.143,1.076,Transit,2020.0,Kepler,865.73,Neptunian
KOI-1831 d,Kepler-324,1.13,0.10081202,2.23,0.00701636,0.0,475.0,11.8,0.19924,34.169,,5233.0,0.835,0.901,Transit,2021.0,Kepler,501.574,Terrestrial
KOI-1833 d,Kepler-968,2.58,0.23017258,11.02,0.0346728,0.0,613.0,27.35,0.0634,7.685,,4413.0,0.667,0.681,Transit,2021.0,Kepler,290.324,Neptunian
KOI-1843.03,Kepler-974,0.61,0.05442065,8.0,0.02517081,,1654.0,,0.005,0.1768913,,3584.0,0.45,0.46,Transit,2013.0,Kepler,134.311,Terrestrial
KOI-217 b,KOI-217,12.442,1.11,,,0.0,1046.0,272.033,0.0477,3.90512,,5545.0,0.86,0.95,Transit,2010.0,Kepler,914.699,Gas Giant
KOI-2513.01,KOI-2513,2.80224517,0.25,7310.053361,23.0,0.36,758.0,78.19,0.5,19.00547,,5900.0,1.2,0.91,Transit,2023.0,Kepler,1369.87,Neptunian
KOI-3503 b,KOI-3503,1.19,0.10616487,9.2,0.02894644,0.0,785.0,90.2,0.14247,21.185,,6001.0,1.255,0.858,Transit,2021.0,Kepler,887.064,Terrestrial
KOI-3503 c,KOI-3503,1.21,0.10794916,10.36,0.03259621,0.0,686.0,52.5,0.18688,31.828,,6001.0,1.255,0.858,Transit,2021.0,Kepler,887.064,Terrestrial
KOI-351 b,KOI-351,1.31,0.117,2.27,0.00714,0.0,1062.0,316.442,0.074,7.008151,,6080.0,1.2,1.2,Transit,2013.0,Kepler,848.254,Terrestrial
KOI-351 c,KOI-351,1.19,0.106,1.81,0.0057,0.0,987.0,236.315,0.089,8.719375,,6080.0,1.2,1.2,Transit,2013.0,Kepler,848.254,Terrestrial
KOI-351 d,KOI-351,2.87,0.256,8.6,0.0271,0.0,520.0,18.168,0.32,59.73667,,6080.0,1.2,1.2,Transit,2013.0,Kepler,848.254,Neptunian
KOI-351 e,KOI-351,2.66,0.237,7.56,0.0238,0.0,450.0,10.228,0.42,91.93913,,6080.0,1.2,1.2,Transit,2013.0,Kepler,848.254,Neptunian
KOI-351 f,KOI-351,2.88,0.257,8.65,0.0272,0.0,407.0,6.796,0.48,124.9144,,6080.0,1.2,1.2,Transit,2013.0,Kepler,848.254,Neptunian
KOI-351 g,KOI-351,7.718,0.68855503,15.0,0.04719528,0.0292,342.0,3.387,0.71704,210.73514,,6031.13,1.185,1.242,Transit,2013.0,Kepler,848.254,Gas Giant
KOI-351 h,KOI-351,11.252,1.00383793,203.0,0.63870943,0.0276,294.0,1.849,0.97062,331.60296,,6031.13,1.185,1.242,Transit,2013.0,Kepler,848.254,Gas Giant
KOI-3680 b,KOI-3680,11.09691,0.99,613.4119,1.93,0.496,347.0,3.3,0.534,141.241671,,5830.0,0.96,1.01,Transit,2018.0,Kepler,921.986,Gas Giant
KOI-4777.01,KOI-4777,0.51,0.04549923,99.2,0.3121181,0.0,1180.0,320.0,0.008,0.412,,3515.0,0.4,0.41,Transit,2022.0,Kepler,172.245,Terrestrial
KOI-55 b,KOI-55,0.759,0.0677,0.44,0.0014,,,,0.006,0.240104,B,27730.0,0.203,0.496,Orbital Brightness Modulation,2011.0,Kepler,1231.02,Terrestrial
KOI-55 c,KOI-55,0.867,0.0773,0.655,0.0021,,,,0.0076,0.342887,B,27730.0,0.203,0.496,Orbital Brightness Modulation,2011.0,Kepler,1231.02,Terrestrial
KOI-7368 b,KOI-7368,2.22,0.198,5.56,0.0175,0.0,805.0,99.24,0.0678,6.8430344,,5241.0,0.874,0.879,Transit,2022.0,Kepler,264.995,Super-Earth
KOI-7913 b,KOI-7913 A,2.34,0.209,6.08,0.0191,0.0,432.0,8.27,0.1456,24.278553,K6 V,4324.0,0.788,0.76,Transit,2022.0,Kepler,271.277,Super-Earth
KOI-94 b,KOI-94,1.71,0.153,10.5,0.033,0.25,1486.0,1053.181,0.05119,3.743208,,6182.0,1.52,1.277,Transit,2013.0,Kepler,477.052,Super-Earth
KOI-94 c,KOI-94,4.32,0.385,15.6,0.049,0.43,1012.0,268.219,0.1013,10.423648,,6182.0,1.52,1.277,Transit,2013.0,Kepler,477.052,Neptunian
KOI-94 d,KOI-94,11.27,1.005,106.0,0.334,0.022,806.0,97.12,0.1684,22.342989,,6182.0,1.52,1.277,Transit,2013.0,Kepler,477.052,Gas Giant
KOI-94 e,KOI-94,6.56,0.585,35.0,0.11,0.019,584.0,29.7,0.3046,54.32031,,6182.0,1.52,1.277,Transit,2013.0,Kepler,477.052,Gas Giant
KOI-984 b,KOI-984,4.3,0.38362097,17.1,0.0537,0.12,1022.0,186.31,0.0504,4.2881785,,5295.0,0.818,0.928,Transit,2022.0,Kepler,252.667,Neptunian
KOI-984 c,KOI-984,14.1,1.25,209.8,0.66010462,0.38,597.0,,0.1467,21.512,,5295.0,0.818,0.928,Transit Timing Variations,2022.0,Kepler,252.667,Gas Giant
KOINTREAU-1 b,XEST 17-036,12.4,1.11,3368.9811142,10.6,,,,690.0,,M4,3551.0,,0.26,Imaging,2026.0,W. M. Keck Observatory,158.618,Gas Giant
KOINTREAU-3 b,ISO-Oph 96,13.1,1.17,1080.6165838,3.4,,,,342.0,,K6-M1,3920.0,0.730795,0.41,Imaging,2026.0,W. M. Keck Observatory,140.563,Gas Giant
KOINTREAU-4 b,2MASS J16262785-2625152,12.2,1.09,4862.7746271,15.3,,,,182.0,,M4.5,3252.0,,,Imaging,2026.0,W. M. Keck Observatory,145.434,Gas Giant
KPS-1 b,KPS-1,11.54527,1.03,346.4347,1.09,0.0,1459.0,729.0,0.0269,1.706291,K1 V,5165.0,0.907,0.892,Transit,2018.0,Acton Sky Portal Observatory,262.706,Gas Giant
Kapteyn c,Kapteyn,2.54,0.227,7.0,0.022,0.23,,,0.311,121.54,M2.0V,3550.0,0.291,0.281,Radial Velocity,2014.0,Multiple Observatories,3.93305,Neptunian
Kepler-10 b,Kepler-10,1.47,0.13114484,3.24,0.01019418,0.0,2188.0,3741.78,0.01685,0.8374907,,5708.0,1.065,0.91,Transit,2011.0,Kepler,185.506,Terrestrial
Kepler-10 c,Kepler-10,2.355,0.21009939,11.29,0.03552231,0.136,579.0,18.3,0.241,45.294301,,5708.0,1.065,0.91,Transit,2011.0,Kepler,185.506,Super-Earth
Kepler-10 d,Kepler-10,3.49,0.312,12.0,0.03775622,0.19,387.0,,0.5379,151.06,,5708.0,1.065,0.91,Radial Velocity,2023.0,Roque de los Muchachos Observatory,185.506,Neptunian
Kepler-100 b,Kepler-100,1.34,0.119547,4.01,0.01261687,0.13,1155.0,478.214,0.07309,6.88734,,5837.0,1.51,1.13,Transit,2014.0,Kepler,304.645,Terrestrial
Kepler-100 c,Kepler-100,2.2,0.196,7.05,0.02218167,0.02,939.0,208.657,0.11061,12.8159,,5825.0,1.49,1.08,Transit,2014.0,Kepler,304.645,Super-Earth
Kepler-100 d,Kepler-100,1.61,0.144,3.0,0.00943901,0.38,670.0,53.981,0.21747,35.3331,,5825.0,1.49,1.08,Transit,2014.0,Kepler,304.645,Super-Earth
Kepler-100 e,Kepler-100,5.27,0.47,24.14271827,0.07596149,0.026437,,,0.312391586,60.888588,,5884.0,1.5,1.097,Radial Velocity,2023.0,W. M. Keck Observatory,304.645,Neptunian
Kepler-1000 b,Kepler-1000,4.76,0.42465876,20.3,0.0639,0.0,473.0,18.0,0.5326,120.0181272,,6453.0,1.51,1.4,Transit,2016.0,Kepler,1115.62,Neptunian
Kepler-1001 b,Kepler-1001,3.15,0.28102418,10.1,0.0317,0.0,693.0,40.853,0.11147,14.30511983,,5491.0,0.88,0.9,Transit,2016.0,Kepler,928.978,Neptunian
Kepler-1001 c,Kepler-1001,1.57799279,0.14077909,3.11,0.0098,0.0,804.0,72.4,0.08296,9.18186,,5376.0,0.836475,0.93,Transit,2020.0,Kepler,928.978,Super-Earth
Kepler-1002 b,Kepler-1002,1.71,0.15255598,3.57,0.0112,0.0,1453.0,981.68,0.0564,4.336429331,,6144.0,1.57,1.22,Transit,2016.0,Kepler,408.303,Super-Earth
Kepler-1003 b,Kepler-1003,1.78,0.15880096,3.82,0.012,0.0,1157.0,814.925,0.04333,3.554856915,,6109.0,1.17,1.11,Transit,2016.0,Kepler,941.902,Super-Earth
Kepler-1004 b,Kepler-1004,6.28,0.56026407,32.5,0.102,0.0,1661.0,1610.087,0.06791,5.28789787,,4972.0,3.39,1.11,Transit,2016.0,Kepler,1152.68,Gas Giant
Kepler-1005 b,Kepler-1005,1.5,0.13382104,2.86,0.00899,0.0,1026.0,301.329,0.06717,6.49801525,,5782.0,1.06,1.0,Transit,2016.0,Kepler,567.806,Super-Earth
Kepler-1006 b,Kepler-1006,1.54,0.1373896,2.99,0.0094,0.0,791.0,153.493,0.1464,19.76172042,,5328.0,0.74,0.78,Transit,2016.0,Kepler,1081.738,Super-Earth
Kepler-1007 b,Kepler-1007,1.44,0.1284682,2.67,0.00839,0.0,652.0,42.62,0.048,5.185002073,,4587.0,0.7,0.73,Transit,2016.0,Kepler,365.0,Terrestrial
Kepler-1008 b,Kepler-1008,1.28,0.11419395,2.18,0.00687,0.0,627.0,35.408,0.09755,12.43931193,,5066.0,0.78,0.81,Transit,2016.0,Kepler,282.565,Terrestrial
Kepler-1009 b,Kepler-1009,2.17,0.19359443,5.35,0.0168,0.0,403.0,11.561,0.0796,11.35011917,,4027.0,0.57,0.59,Transit,2016.0,Kepler,355.019,Super-Earth
Kepler-101 b,Kepler-101,5.77,0.51,51.1,0.16,0.086,1513.0,1240.332,0.0474,3.4876812,G3 IV,5667.0,1.56,1.17,Transit,2014.0,Kepler,927.981,Neptunian
Kepler-101 c,Kepler-101,1.25,0.112,3.78,0.01,0.0,1413.0,596.069,0.0684,6.02976,G3 IV,5667.0,1.56,1.17,Transit,2014.0,Kepler,927.981,Terrestrial
Kepler-1010 b,Kepler-1010,2.32,0.20697654,5.99,0.0189,0.0,477.0,10.17,0.193,34.2685705,,5253.0,0.82,0.86,Transit,2016.0,Kepler,579.273,Super-Earth
Kepler-1011 b,Kepler-1011,2.87,0.25604425,8.6,0.0271,0.0,920.0,108.788,0.0633,5.753221974,,5416.0,0.88,0.91,Transit,2016.0,Kepler,736.779,Neptunian
Kepler-1012 b,Kepler-1012,1.29,0.11508609,2.21,0.00696,0.0,934.0,191.811,0.06066,5.50860439,,5556.0,0.91,0.95,Transit,2016.0,Kepler,411.077,Terrestrial
Kepler-1013 b,Kepler-1013,2.15,0.19181015,5.27,0.0166,0.0,766.0,16.101,0.137,18.93054959,,4954.0,0.76,0.81,Transit,2016.0,Kepler,422.246,Super-Earth
Kepler-1014 b,Kepler-1014,2.39,0.21322152,6.3,0.0198,0.0,614.0,33.479,0.121,16.57110363,,5388.0,0.84,0.88,Transit,2016.0,Kepler,624.8,Super-Earth
Kepler-1015 b,Kepler-1015,3.55,0.31670979,12.3,0.0388,0.0,1040.0,172.112,0.1345,16.00494214,,6769.0,1.81,1.49,Transit,2016.0,Kepler,739.357,Neptunian
Kepler-1016 b,Kepler-1016,2.18,0.19448657,5.39,0.017,0.0,1540.0,1445.204,0.03044,1.954524342,,5821.0,1.0,0.99,Transit,2016.0,Kepler,1402.82,Super-Earth
Kepler-1016 c,Kepler-1016,3.68,0.32830761,13.1,0.0413,0.0,407.0,7.071,0.43519,105.6551369,,5821.0,1.0,0.99,Transit,2016.0,Kepler,1402.82,Neptunian
Kepler-1017 b,Kepler-1017,1.99,0.17753591,4.62,0.0145,0.0,831.0,119.603,0.07196,7.23400469,,5473.0,0.87,0.93,Transit,2016.0,Kepler,552.058,Super-Earth
Kepler-1018 b,Kepler-1018,2.58,0.23017218,7.18,0.0226,0.0,498.0,12.098,0.253,49.1013514,,5518.0,0.88,0.91,Transit,2016.0,Kepler,1010.01,Neptunian
Kepler-1019 b,Kepler-1019,1.46,0.13025248,2.73,0.00859,0.0,1164.0,330.249,0.0221,1.411229847,,4433.0,0.67,0.7,Transit,2016.0,Kepler,194.182,Terrestrial
Kepler-102 b,Kepler-102,0.46,0.04103852,1.1,0.00346099,0.1,857.0,90.0,0.05521,5.286965,,4909.0,0.724,0.803,Transit,2014.0,Kepler,107.796,Terrestrial
Kepler-102 c,Kepler-102,0.567,0.05058444,1.7,0.0053488,0.094,777.0,61.0,0.06702,7.071392,,4909.0,0.724,0.803,Transit,2014.0,Kepler,107.796,Terrestrial
Kepler-102 d,Kepler-102,1.154,0.10295316,3.0,0.00943906,0.092,686.0,36.9,0.08618,10.311767,,4909.0,0.724,0.803,Transit,2014.0,Kepler,107.796,Terrestrial
Kepler-102 e,Kepler-102,2.17,0.19359477,4.7,0.01478785,0.089,590.0,20.3,0.1162,16.1456994,,4909.0,0.724,0.803,Transit,2013.0,Kepler,107.796,Super-Earth
Kepler-102 f,Kepler-102,0.861,0.07681341,4.3,0.01352931,0.1,495.0,10.0,0.1656,27.453592,,4909.0,0.724,0.803,Transit,2014.0,Kepler,107.796,Terrestrial
Kepler-1020 b,Kepler-1020,2.28,0.20340798,5.82,0.0183,0.0,325.0,2.339,0.37594,96.9151496,,5227.0,0.8,0.87,Transit,2016.0,Kepler,415.358,Super-Earth
Kepler-1021 b,Kepler-1021,2.33,0.20786868,6.04,0.019,0.0,634.0,50.37,0.1034,13.47469571,,5431.0,0.86,0.89,Transit,2016.0,Kepler,810.082,Super-Earth
Kepler-1022 b,Kepler-1022,2.36,0.2105451,6.17,0.0194,0.0,512.0,19.258,0.0805,10.99469878,,4445.0,0.68,0.71,Transit,2016.0,Kepler,420.042,Super-Earth
Kepler-1023 b,Kepler-1023,2.63,0.23463288,7.41,0.0233,0.0,524.0,6.978,0.30284,62.1387714,,5494.0,0.89,0.93,Transit,2016.0,Kepler,694.175,Neptunian
Kepler-1024 b,Kepler-1024,3.91,0.34882684,14.5,0.0457,0.0,376.0,5.446,0.3033,66.4162133,,5143.0,0.78,0.81,Transit,2016.0,Kepler,1087.4,Neptunian
Kepler-1025 b,Kepler-1025,1.98,0.17664377,4.58,0.0144,0.0,1654.0,17.952,0.21607,37.3229493,,6089.0,1.13,1.09,Transit,2016.0,Kepler,803.776,Super-Earth
Kepler-1026 b,Kepler-1026,2.21,0.19716299,5.52,0.0174,0.0,425.0,5.988,0.1977,36.5156053,,4948.0,0.75,0.79,Transit,2016.0,Kepler,351.239,Super-Earth
Kepler-1027 b,Kepler-1027,0.89,0.07940048,0.64,0.00201,0.0,1268.0,1162.51,0.02911,1.907805199,,5436.0,0.82,0.91,Transit,2016.0,Kepler,405.104,Terrestrial
Kepler-1028 b,Kepler-1028,1.33,0.11865465,2.33,0.00733,0.0,1217.0,519.636,0.0354,2.51462432,,5522.0,0.87,0.9,Transit,2016.0,Kepler,607.916,Terrestrial
Kepler-1029 b,Kepler-1029,1.26,0.11240967,2.13,0.00669,0.0,790.0,92.16,0.047,4.417696479,,5030.0,0.77,0.82,Transit,2016.0,Kepler,366.656,Terrestrial
Kepler-103 b,Kepler-103,3.4857,0.31097386,11.67,0.03671793,0.171,973.0,150.536,0.133,15.9653287,G2,6047.0,1.492,1.212,Transit,2014.0,Kepler,494.832,Neptunian
Kepler-103 c,Kepler-103,5.4539,0.48656521,58.47,0.18396719,0.103,434.0,5.97,0.6679,179.60978,G2,6047.0,1.492,1.212,Transit,2014.0,Kepler,494.832,Neptunian
Kepler-1030 b,Kepler-1030,2.48,0.22125078,6.71,0.0211,0.0,529.0,16.881,0.1338,19.32952416,,4983.0,0.76,0.8,Transit,2016.0,Kepler,758.702,Super-Earth
Kepler-1031 b,Kepler-1031,0.87,0.0776162,0.59,0.00186,0.0,2024.0,3973.86,0.0218,1.22621732,,6011.0,1.12,1.09,Transit,2016.0,Kepler,682.882,Terrestrial
Kepler-1032 b,Kepler-1032,1.87,0.16683023,4.16,0.0131,0.0,802.0,176.144,0.0361,3.290117953,,4647.0,0.71,0.77,Transit,2016.0,Kepler,673.01,Super-Earth
Kepler-1033 b,Kepler-1033,2.51,0.2239272,6.85,0.0215,0.0,914.0,159.422,0.0761,7.56052806,,5547.0,0.92,0.94,Transit,2016.0,Kepler,1455.5,Neptunian
Kepler-1034 b,Kepler-1034,2.26,0.2016237,5.73,0.018,0.0,675.0,36.787,0.0965,12.12400943,,5198.0,0.8,0.83,Transit,2016.0,Kepler,654.549,Super-Earth
Kepler-1035 b,Kepler-1035,1.17,0.10438041,1.71,0.00537,0.0,1301.0,1180.064,0.03883,2.714077555,,5763.0,0.97,0.98,Transit,2016.0,Kepler,562.116,Terrestrial
Kepler-1036 b,Kepler-1036,3.01,0.26853421,9.32,0.0293,0.0,326.0,2.821,0.47726,122.8808058,,5533.0,0.89,0.95,Transit,2016.0,Kepler,489.435,Neptunian
Kepler-1037 b,Kepler-1037,1.28,0.11419395,2.18,0.00687,0.0,1650.0,1015.434,0.0198,1.063788673,,5105.0,0.78,0.82,Transit,2016.0,Kepler,446.914,Terrestrial
Kepler-1038 b,Kepler-1038,3.53,0.31492551,12.2,0.0384,0.0,285.0,1.512,0.5238,148.4603382,,5335.0,0.83,0.87,Transit,2016.0,Kepler,584.136,Neptunian
Kepler-1038 c,Kepler-1038,1.4162338,0.12634813,2.59,0.00816,0.0,784.0,89.24,0.0692,7.127659798,,5159.0,0.821,0.868,Transit,2021.0,Kepler,584.136,Terrestrial
Kepler-1039 b,Kepler-1039,1.46,0.13025248,2.73,0.00859,0.0,2080.0,668.128,0.01714,0.934884242,,4870.0,0.74,0.79,Transit,2016.0,Kepler,306.91,Terrestrial
Kepler-104 b,Kepler-104,3.1,0.277,19.6,0.062,0.0,852.0,119.907,0.094,11.427548,,5711.0,1.349,0.818,Transit,2014.0,Kepler,400.785,Neptunian
Kepler-104 c,Kepler-104,3.13,0.279,7.14430805,0.02247458,0.0,668.0,45.438,0.153,23.668205,,5711.0,1.349,0.818,Transit,2014.0,Kepler,400.785,Neptunian
Kepler-104 d,Kepler-104,3.58,0.319,5.54022107,0.01743092,0.0,515.0,16.012,0.257,51.755394,,5711.0,1.349,0.818,Transit,2014.0,Kepler,400.785,Neptunian
Kepler-1040 b,Kepler-1040,2.08,0.18556517,4.98,0.0157,0.0,300.0,2.121,0.67249,201.1214,,5694.0,0.96,0.98,Transit,2016.0,Kepler,482.119,Super-Earth
Kepler-1041 b,Kepler-1041,2.94,0.26228923,8.96,0.0282,0.0,644.0,117.956,0.1688,24.7576421,,5957.0,1.08,1.06,Transit,2016.0,Kepler,1485.82,Neptunian
Kepler-1042 b,Kepler-1042,2.19,0.19537871,5.43,0.0171,0.0,574.0,25.66,0.0756,10.13202575,,4815.0,0.72,0.75,Transit,2016.0,Kepler,659.0,Super-Earth
Kepler-1043 b,Kepler-1043,2.55,0.22749576,7.04,0.0221,0.0,532.0,21.692,0.2159,38.5053398,,5629.0,0.9,0.92,Transit,2016.0,Kepler,903.332,Neptunian
Kepler-1044 b,Kepler-1044,2.67,0.23820145,7.61,0.0239,0.0,1058.0,218.497,0.0741,6.77408868,,5985.0,1.11,1.08,Transit,2016.0,Kepler,1278.96,Neptunian
Kepler-1045 b,Kepler-1045,2.69,0.23998573,7.7,0.0242,0.0,512.0,19.127,0.1616,26.41045478,,5301.0,0.82,0.86,Transit,2016.0,Kepler,942.485,Neptunian
Kepler-1046 b,Kepler-1046,1.71,0.15255598,3.57,0.0112,0.0,786.0,101.4,0.11858,14.37508035,,5913.0,1.04,1.04,Transit,2016.0,Kepler,721.534,Super-Earth
Kepler-1047 b,Kepler-1047,2.09,0.18645731,5.02,0.0158,0.0,503.0,28.851,0.29871,56.1886887,,5754.0,1.13,1.08,Transit,2016.0,Kepler,817.647,Super-Earth
Kepler-1047 c,Kepler-1047,0.99,0.08832188,0.937,0.00295,0.0,1309.0,1323.065,0.04413,3.18897601,,5754.0,1.13,1.08,Transit,2016.0,Kepler,817.647,Terrestrial
Kepler-1048 b,Kepler-1048,1.61,0.14363458,3.22,0.0101,0.0,619.0,96.976,0.059,6.92101021,,4651.0,0.7,0.75,Transit,2016.0,Kepler,556.006,Super-Earth
Kepler-1049 b,Kepler-1049,0.95,0.08475332,0.809,0.00254,0.0,625.0,50.427,0.0349,3.273460736,,3864.0,0.49,0.51,Transit,2016.0,Kepler,162.006,Terrestrial
Kepler-105 b,Kepler-105,2.53,0.22571187,10.8,0.0339806,0.02,1418.0,341.809,0.06016,5.4122034,,5933.0,1.026,0.991,Transit,2013.0,Kepler,459.223,Neptunian
Kepler-105 c,Kepler-105,1.44,0.12846842,5.6,0.01761957,0.02,997.0,236.167,0.07229,7.12592,,5933.0,1.026,0.991,Transit,2014.0,Kepler,459.223,Terrestrial
Kepler-1050 b,Kepler-1050,1.6,0.14274244,3.19,0.01,0.0,1039.0,62.025,0.12353,15.3787546,,6010.0,1.13,1.09,Transit,2016.0,Kepler,490.488,Super-Earth
Kepler-1050 c,Kepler-1050,1.48,0.13203676,2.79,0.00879,0.0,935.0,40.644,0.15264,21.1284569,,6010.0,1.13,1.09,Transit,2016.0,Kepler,490.488,Terrestrial
Kepler-1051 b,Kepler-1051,3.4,0.30332768,11.5,0.0361,0.0,850.0,87.457,0.18395,25.96200249,,6675.0,1.73,1.43,Transit,2016.0,Kepler,829.343,Neptunian
Kepler-1052 b,Kepler-1052,2.93,0.26139709,8.91,0.028,0.0,522.0,20.976,0.20988,34.8538276,,5888.0,1.03,1.03,Transit,2016.0,Kepler,943.444,Neptunian
Kepler-1052 c,Kepler-1052,2.3,0.20519261,5.9,0.0186,0.0,302.0,1.96,0.6135,180.921729,,5818.0,0.848,0.937,Transit,2023.0,Kepler,943.444,Super-Earth
Kepler-1053 b,Kepler-1053,0.98,0.08742974,0.904,0.00284,0.0,953.0,139.818,0.0315,2.414351654,,4529.0,0.69,0.74,Transit,2016.0,Kepler,151.129,Terrestrial
Kepler-1054 b,Kepler-1054,2.63,0.23463288,7.41,0.0233,0.0,1177.0,760.524,0.05542,4.30655689,,6209.0,1.34,1.22,Transit,2016.0,Kepler,1090.51,Neptunian
Kepler-1055 b,Kepler-1055,1.23,0.10973325,2.04,0.00642,0.0,1304.0,647.256,0.0335,2.295036233,,5723.0,0.94,0.98,Transit,2016.0,Kepler,389.397,Terrestrial
Kepler-1056 b,Kepler-1056,3.01,0.26853421,9.32,0.0293,0.0,590.0,56.91,0.1629,27.495606,,6127.0,1.2,1.12,Transit,2016.0,Kepler,982.51,Neptunian
Kepler-1057 b,Kepler-1057,3.36,0.29975912,11.2,0.0354,0.0,724.0,69.213,0.1138,14.08827448,,5987.0,1.1,1.07,Transit,2016.0,Kepler,1201.82,Neptunian
Kepler-1058 b,Kepler-1058,2.72,0.24266215,7.85,0.0247,0.0,239.0,0.77,0.3679,110.96546,,4644.0,0.69,0.73,Transit,2016.0,Kepler,491.997,Neptunian
Kepler-1059 b,Kepler-1059,1.73,0.15434026,3.64,0.0115,0.0,908.0,174.074,0.044,3.764191048,,4906.0,0.72,0.75,Transit,2016.0,Kepler,713.167,Super-Earth
Kepler-106 b,Kepler-106,0.82,0.073,5.3,0.01667558,0.0,1021.0,277.216,0.06491,6.16486,,5858.0,1.04,1.0,Transit,2014.0,Kepler,444.322,Terrestrial
Kepler-106 c,Kepler-106,2.5,0.223,10.44,0.033,0.0,785.0,96.905,0.10987,13.5708,,5858.0,1.04,1.0,Transit,2014.0,Kepler,444.322,Super-Earth
Kepler-106 d,Kepler-106,0.95,0.085,8.1,0.02548532,0.0,649.0,45.357,0.16063,23.9802,,5858.0,1.04,1.0,Transit,2014.0,Kepler,444.322,Terrestrial
Kepler-106 e,Kepler-106,2.56,0.228,11.17,0.035,0.0,531.0,20.294,0.24006,43.8445,,5858.0,1.04,1.0,Transit,2014.0,Kepler,444.322,Neptunian
Kepler-1060 b,Kepler-1060,2.38,0.21232938,6.26,0.0197,0.0,484.0,17.416,0.2495,46.8779367,,5797.0,0.99,0.99,Transit,2016.0,Kepler,946.565,Super-Earth
Kepler-1061 b,Kepler-1061,1.98,0.17664377,4.58,0.0144,0.0,1332.0,788.501,0.0388,2.757982666,,6067.0,1.07,1.09,Transit,2016.0,Kepler,543.375,Super-Earth
Kepler-1062 b,Kepler-1062,1.76,0.15701668,3.75,0.0118,0.0,583.0,33.76,0.0748,9.30412078,,4597.0,0.7,0.75,Transit,2016.0,Kepler,397.455,Super-Earth
Kepler-1063 b,Kepler-1063,1.49,0.1329289,2.83,0.00889,0.0,931.0,54.93,0.1176,14.07971466,,5945.0,1.14,1.09,Transit,2016.0,Kepler,343.226,Terrestrial
Kepler-1064 b,Kepler-1064,1.55,0.13828174,3.02,0.00951,0.0,570.0,24.87,0.1183,16.54080322,,5153.0,0.79,0.85,Transit,2016.0,Kepler,374.0,Super-Earth
Kepler-1065 b,Kepler-1065,3.73,0.33276831,13.4,0.0422,0.0,1092.0,419.91,0.0455,3.609308907,,5635.0,0.93,0.94,Transit,2016.0,Kepler,1122.48,Neptunian
Kepler-1065 c,Kepler-1065,1.6,0.14274244,3.19,0.01,0.0,1256.0,734.619,0.0344,2.37030743,,5635.0,0.93,0.94,Transit,2016.0,Kepler,1122.48,Super-Earth
Kepler-1066 b,Kepler-1066,2.36,0.2105451,6.17,0.0194,0.0,1290.0,710.019,0.0298,1.931559839,,5762.0,0.98,0.98,Transit,2016.0,Kepler,344.251,Super-Earth
Kepler-1067 b,Kepler-1067,0.8,0.07137122,0.437,0.00137,0.0,1872.0,2761.757,0.0164,0.762129261,,5592.0,0.93,0.95,Transit,2016.0,Kepler,667.693,Terrestrial
Kepler-1067 c,Kepler-1067,1.74682428,0.15584149,3.7,0.0116,0.0,973.0,190.8,0.06069,5.425839901,,5594.0,0.934,0.981,Transit,2021.0,Kepler,667.693,Super-Earth
Kepler-1068 b,Kepler-1068,3.63,0.32384691,12.8,0.0403,0.0,702.0,55.933,0.13038,16.92344113,,5806.0,1.01,1.01,Transit,2016.0,Kepler,1473.61,Neptunian
Kepler-1069 b,Kepler-1069,1.6,0.14274244,3.19,0.01,0.0,823.0,78.175,0.16587,23.8990296,,5722.0,0.98,0.99,Transit,2016.0,Kepler,695.967,Super-Earth
Kepler-107 b,Kepler-107,1.536,0.13703298,3.8,0.01195614,0.1,1592.0,1073.0,0.04544,3.1800218,,5854.0,1.447,1.238,Transit,2014.0,Kepler,525.997,Super-Earth
Kepler-107 c,Kepler-107,1.597,0.14247504,10.0,0.03146352,0.08,1378.0,602.0,0.06064,4.901452,,5854.0,1.447,1.238,Transit,2014.0,Kepler,525.997,Super-Earth
Kepler-107 d,Kepler-107,0.86,0.07672419,7.7,0.02422691,0.11,1173.0,315.0,0.08377,7.95839,,5854.0,1.447,1.238,Transit,2014.0,Kepler,525.997,Terrestrial
Kepler-107 e,Kepler-107,2.903,0.25898876,14.1,0.04436356,0.1,955.0,138.7,0.12638,14.749143,,5854.0,1.447,1.238,Transit,2014.0,Kepler,525.997,Neptunian
Kepler-1070 b,Kepler-1070,1.73,0.15434026,3.64,0.0115,0.0,1101.0,380.134,0.06753,6.2216147,,6261.0,1.32,1.21,Transit,2016.0,Kepler,939.001,Super-Earth
Kepler-1071 b,Kepler-1071,2.38,0.21232938,6.26,0.0197,0.0,814.0,45.12,0.0629,6.1799844,,5215.0,0.81,0.86,Transit,2016.0,Kepler,1042.27,Super-Earth
Kepler-1072 b,Kepler-1072,1.58,0.14095816,3.12,0.00982,0.0,1849.0,2944.0,0.02742,1.569066502,,6199.0,1.32,1.2,Transit,2016.0,Kepler,982.716,Super-Earth
Kepler-1073 b,Kepler-1073,2.3,0.20519226,5.9,0.0186,0.0,905.0,128.55,0.0805,8.67888593,,5792.0,1.0,1.0,Transit,2016.0,Kepler,809.897,Super-Earth
Kepler-1073 c,Kepler-1073,1.64,0.146311,3.33,0.0105,0.0,1169.0,357.082,0.0483,4.02582254,,5792.0,1.0,1.0,Transit,2016.0,Kepler,809.897,Super-Earth
Kepler-1073 d,Kepler-1073,1.48770949,0.13272478,2.82,0.00887,0.0,1369.0,828.59,0.0352,2.504760027,,5509.0,1.116,0.924,Transit,2021.0,Kepler,809.897,Terrestrial
Kepler-1074 b,Kepler-1074,1.25,0.11151753,2.1,0.0066,0.0,568.0,27.569,0.0536,5.94566534,,4002.0,0.57,0.6,Transit,2016.0,Kepler,250.817,Terrestrial
Kepler-1075 b,Kepler-1075,1.42,0.12668391,2.6,0.00819,0.0,818.0,143.968,0.0208,1.52372816,,3959.0,0.54,0.56,Transit,2016.0,Kepler,291.275,Terrestrial
Kepler-1076 b,Kepler-1076,0.8,0.07137122,0.437,0.00137,0.0,770.0,83.18,0.0611,6.14727918,,4868.0,0.74,0.79,Transit,2016.0,Kepler,199.0,Terrestrial
Kepler-1077 b,Kepler-1077,2.77,0.24712285,8.1,0.0255,0.0,576.0,26.928,0.2101,34.3511874,,5816.0,1.02,1.02,Transit,2016.0,Kepler,1101.42,Neptunian
Kepler-1078 b,Kepler-1078,1.9,0.16950665,4.27,0.0134,0.0,1122.0,373.99,0.0388,3.00725242,,5612.0,0.92,0.94,Transit,2016.0,Kepler,2481.71,Super-Earth
Kepler-1079 b,Kepler-1079,1.63,0.14541886,3.29,0.0104,0.0,887.0,195.353,0.1092,13.24503188,,5758.0,1.36,1.08,Transit,2016.0,Kepler,591.098,Super-Earth
Kepler-108 b,Kepler-108,8.65,0.772,56.0,0.176,0.22,669.0,47.4,0.292,49.183921,,5854.0,2.192,1.247,Transit,2014.0,Kepler,338.732,Gas Giant
Kepler-108 c,Kepler-108,8.18,0.73,50.9,0.16,0.04,426.0,7.8,0.721,190.323494,,5854.0,2.192,1.247,Transit,2014.0,Kepler,338.732,Gas Giant
Kepler-1080 b,Kepler-1080,3.28,0.292622,10.8,0.0339,0.0,548.0,55.45,0.3781,77.2548396,,5956.0,1.16,1.1,Transit,2016.0,Kepler,1382.82,Neptunian
Kepler-1081 b,Kepler-1081,1.01,0.09010616,1.01,0.00317,0.0,972.0,225.216,0.04662,3.856918547,,5345.0,0.84,0.88,Transit,2016.0,Kepler,420.215,Terrestrial
Kepler-1082 b,Kepler-1082,1.12,0.09991971,1.46,0.00459,0.0,1827.0,2949.557,0.02571,1.543206604,,5923.0,1.14,1.03,Transit,2016.0,Kepler,739.557,Terrestrial
Kepler-1083 b,Kepler-1083,3.36,0.29975912,11.2,0.0354,0.0,448.0,10.148,0.1899,33.4177993,,5049.0,0.77,0.81,Transit,2016.0,Kepler,902.633,Neptunian
Kepler-1084 b,Kepler-1084,1.11,0.09902757,1.41,0.00444,0.0,1737.0,1766.593,0.0324,2.05333679,,6113.0,1.28,1.12,Transit,2016.0,Kepler,405.533,Terrestrial
Kepler-1085 b,Kepler-1085,7.22,0.64412526,41.2,0.13,0.0,313.0,2.055,0.73361,219.3217528,,6000.0,1.14,1.11,Transit,2016.0,Kepler,1364.53,Gas Giant
Kepler-1085 c,Kepler-1085,3.26817741,0.29156726,10.7,0.0337,0.0,491.0,11.8,0.29798,56.7771,,5816.0,1.0783,1.05,Transit,2020.0,Kepler,1364.53,Neptunian
Kepler-1086 b,Kepler-1086,2.44,0.21768222,6.53,0.0205,0.0,433.0,9.157,0.1198,18.78425728,,4350.0,0.66,0.7,Transit,2016.0,Kepler,466.084,Super-Earth
Kepler-1086 c,Kepler-1086,2.94,0.26228923,8.96,0.0282,0.0,211.0,0.519,0.503,161.5163345,,4350.0,0.66,0.7,Transit,2016.0,Kepler,466.084,Neptunian
Kepler-1087 b,Kepler-1087,0.61,0.05442055,0.165,0.00052,0.0,2161.0,3496.493,0.01554,0.693842855,,5589.0,0.94,0.96,Transit,2016.0,Kepler,362.623,Terrestrial
Kepler-1088 b,Kepler-1088,1.42,0.12668391,2.6,0.00819,0.0,667.0,44.887,0.16163,23.12748644,,5975.0,1.08,1.08,Transit,2016.0,Kepler,280.629,Terrestrial
Kepler-1089 b,Kepler-1089,1.83,0.16326166,4.01,0.0126,0.0,584.0,26.266,0.0497,5.132485618,,3753.0,0.49,0.52,Transit,2016.0,Kepler,259.328,Super-Earth
Kepler-109 b,Kepler-109,2.49,0.2221433,4.9,0.01541712,0.11,1276.0,442.0,0.0701,6.4816307,,5950.0,1.387,1.094,Transit,2014.0,Kepler,474.861,Super-Earth
Kepler-109 c,Kepler-109,2.65,0.23641757,8.2,0.02580009,0.098,859.0,91.0,0.1546,21.22265,,5950.0,1.387,1.094,Transit,2014.0,Kepler,474.861,Neptunian
Kepler-1090 b,Kepler-1090,2.25,0.20073156,5.69,0.0179,0.0,297.0,1.825,0.63323,198.680179,,5321.0,0.82,0.86,Transit,2016.0,Kepler,858.77,Super-Earth
Kepler-1090 c,Kepler-1090,3.29265785,0.29375176,10.9,0.0342,0.0,496.0,13.8,0.22622,42.42720032,,5330.0,1.013,0.869,Transit,2021.0,Kepler,858.77,Neptunian
Kepler-1091 b,Kepler-1091,1.46,0.13025248,2.73,0.00859,0.0,1664.0,1740.858,0.0252,1.434741564,,5851.0,1.03,1.01,Transit,2016.0,Kepler,914.299,Terrestrial
Kepler-1092 b,Kepler-1092,2.07,0.18467303,4.94,0.0155,0.0,508.0,17.016,0.2996,58.6017925,,5862.0,1.0,0.99,Transit,2016.0,Kepler,981.233,Super-Earth
Kepler-1093 b,Kepler-1093,1.95,0.17396735,4.46,0.014,0.0,776.0,98.8,0.17543,25.0824626,,6166.0,1.2,1.13,Transit,2016.0,Kepler,1072.88,Super-Earth
Kepler-1093 c,Kepler-1093,1.96,0.17485949,4.5,0.0142,0.0,508.0,18.1,0.41037,89.722292,,6166.0,1.2,1.13,Transit,2016.0,Kepler,1072.88,Super-Earth
Kepler-1094 b,Kepler-1094,3.18,0.2837006,10.2,0.0322,0.0,480.0,10.336,0.3625,78.1000231,,6112.0,1.21,1.14,Transit,2016.0,Kepler,1291.01,Neptunian
Kepler-1095 b,Kepler-1095,1.21,0.10794897,1.92,0.00606,0.0,1108.0,356.54,0.0514,4.27103091,,5658.0,0.92,0.94,Transit,2016.0,Kepler,792.522,Terrestrial
Kepler-1096 b,Kepler-1096,1.24,0.11062539,2.07,0.00651,0.0,794.0,124.866,0.034,2.892217506,,4306.0,0.63,0.66,Transit,2016.0,Kepler,377.976,Terrestrial
Kepler-1097 b,Kepler-1097,3.26,0.29083772,10.7,0.0336,0.0,267.0,1.3,0.5791,187.747029,,5211.0,0.79,0.82,Transit,2016.0,Kepler,719.802,Neptunian
Kepler-1098 b,Kepler-1098,1.3,0.11597823,2.24,0.00705,0.0,1319.0,995.67,0.0358,2.543072855,,5794.0,0.99,0.99,Transit,2016.0,Kepler,1049.19,Terrestrial
Kepler-1099 b,Kepler-1099,2.83,0.25247569,8.4,0.0264,0.0,1558.0,766.344,0.0337,2.168452593,,5837.0,1.0,1.01,Transit,2016.0,Kepler,1022.8,Neptunian
Kepler-11 b,Kepler-11,1.8,0.161,1.9,0.006,0.045,849.0,146.36,0.091,10.3039,,5663.0,1.065,0.961,Transit,2010.0,Kepler,646.346,Super-Earth
Kepler-11 c,Kepler-11,2.87,0.256,2.9,0.009,0.026,786.0,107.224,0.107,13.0241,,5663.0,1.065,0.961,Transit,2010.0,Kepler,646.346,Neptunian
Kepler-11 d,Kepler-11,3.12,0.278,7.3,0.023,0.004,653.0,51.115,0.155,22.6845,,5663.0,1.065,0.961,Transit,2010.0,Kepler,646.346,Neptunian
Kepler-11 e,Kepler-11,4.19,0.374,8.0,0.025,0.012,582.0,32.34,0.195,31.9996,,5663.0,1.065,0.961,Transit,2010.0,Kepler,646.346,Neptunian
Kepler-11 f,Kepler-11,2.49,0.222,2.0,0.006,0.013,513.0,19.53,0.25,46.6888,,5663.0,1.065,0.961,Transit,2010.0,Kepler,646.346,Super-Earth
Kepler-11 g,Kepler-11,3.33,0.297,25.0,0.079,0.15,376.0,5.65,0.466,118.3807,,5663.0,1.065,0.961,Transit,2010.0,Kepler,646.346,Neptunian
Kepler-110 b,Kepler-110,1.83,0.163,4.01,0.0126,0.0,1008.0,153.881,0.107,12.691112,,5960.0,1.149,0.989,Transit,2014.0,Kepler,586.531,Super-Earth
Kepler-110 c,Kepler-110,2.21,0.197,5.52,0.0174,0.0,743.0,45.336,0.198,31.719775,,5960.0,1.149,0.989,Transit,2014.0,Kepler,586.531,Super-Earth
Kepler-1100 b,Kepler-1100,1.75,0.15612454,3.71,0.0117,0.0,1000.0,238.508,0.06745,6.42200058,,6247.0,1.34,1.21,Transit,2016.0,Kepler,693.618,Super-Earth
Kepler-1101 b,Kepler-1101,2.47,0.22035864,6.66,0.021,0.0,393.0,3.577,0.3483,81.3151059,,5614.0,0.91,0.94,Transit,2016.0,Kepler,742.473,Super-Earth
Kepler-1102 b,Kepler-1102,2.66,0.23730931,7.56,0.0238,0.0,546.0,22.981,0.2731,51.3285623,,5724.0,0.94,0.96,Transit,2016.0,Kepler,1246.05,Neptunian
Kepler-1103 b,Kepler-1103,2.27,0.20251584,5.77,0.0182,0.0,736.0,160.282,0.15336,19.79191978,,6092.0,1.15,1.11,Transit,2016.0,Kepler,1331.92,Super-Earth
Kepler-1104 b,Kepler-1104,1.23,0.10973325,2.04,0.00642,0.0,1321.0,813.524,0.06321,5.03728015,,6417.0,1.41,1.3,Transit,2016.0,Kepler,530.658,Terrestrial
Kepler-1105 b,Kepler-1105,2.01,0.17932019,4.7,0.0148,0.0,729.0,47.18,0.0471,4.421572182,,4299.0,0.68,0.71,Transit,2016.0,Kepler,318.004,Super-Earth
Kepler-1106 b,Kepler-1106,1.65,0.14720314,3.36,0.0106,0.0,2199.0,2399.974,0.0239,1.252752174,,6104.0,1.17,1.11,Transit,2016.0,Kepler,1090.7,Super-Earth
Kepler-1107 b,Kepler-1107,1.34,0.11954679,2.36,0.00742,0.0,1897.0,2387.261,0.01285,0.571038518,,5268.0,0.82,0.86,Transit,2016.0,Kepler,428.798,Terrestrial
Kepler-1108 b,Kepler-1108,1.46,0.13025248,2.73,0.00859,0.0,1063.0,206.414,0.0511,4.51005748,,5406.0,0.84,0.88,Transit,2016.0,Kepler,767.701,Terrestrial
Kepler-1109 b,Kepler-1109,2.19,0.19537871,5.43,0.0171,0.0,787.0,11.382,0.2466,37.6467384,,5893.0,1.06,1.05,Transit,2016.0,Kepler,685.087,Super-Earth
Kepler-111 b,Kepler-111,1.58,0.141,3.12,0.00982,0.0,1356.0,677.503,0.046,3.341815,,5952.0,1.157,1.171,Transit,2014.0,Kepler,657.223,Super-Earth
Kepler-111 c,Kepler-111,7.0840758,0.632,222.4798849,0.7,0.176,352.2,2.48,0.751,224.77833,,5914.0,1.145,1.118,Transit,2014.0,Kepler,657.223,Gas Giant
Kepler-1110 b,Kepler-1110,2.66,0.23730931,7.56,0.0238,0.0,609.0,43.136,0.0754,9.69312032,,4781.0,0.7,0.73,Transit,2016.0,Kepler,726.828,Neptunian
Kepler-1111 b,Kepler-1111,2.0,0.17842805,4.66,0.0147,0.0,938.0,118.52,0.0872,8.79617863,,6077.0,1.15,1.1,Transit,2016.0,Kepler,841.536,Super-Earth
Kepler-1112 b,Kepler-1112,3.02,0.26942635,9.38,0.0295,0.0,918.0,254.963,0.1239,14.36267939,,6496.0,1.54,1.34,Transit,2016.0,Kepler,1671.28,Neptunian
Kepler-1113 b,Kepler-1113,2.81,0.25069141,8.3,0.0261,0.0,558.0,22.849,0.2415,42.3004954,,5931.0,1.17,1.12,Transit,2016.0,Kepler,1073.88,Neptunian
Kepler-1114 b,Kepler-1114,1.35,0.12043893,2.39,0.00752,0.0,631.0,39.321,0.11056,14.97435694,,5374.0,0.83,0.87,Transit,2016.0,Kepler,418.417,Terrestrial
Kepler-1115 b,Kepler-1115,1.7,0.15166384,3.53,0.0111,0.0,1381.0,516.101,0.2134,23.5540725,,8480.0,1.73,1.6,Transit,2016.0,Kepler,983.245,Super-Earth
Kepler-1116 b,Kepler-1116,2.54,0.22660362,6.99,0.022,0.0,488.0,15.793,0.233,41.6977827,,5641.0,0.93,0.95,Transit,2016.0,Kepler,1008.57,Neptunian
Kepler-1117 b,Kepler-1117,1.11,0.09902757,1.41,0.00444,0.0,938.0,194.976,0.05485,4.79028459,,5612.0,0.93,0.95,Transit,2016.0,Kepler,568.487,Terrestrial
Kepler-1118 b,Kepler-1118,2.74,0.24444643,7.95,0.025,0.0,502.0,20.011,0.2079,38.6715075,,5688.0,0.97,0.96,Transit,2016.0,Kepler,888.325,Neptunian
Kepler-1119 b,Kepler-1119,1.92,0.17129093,4.35,0.0137,0.0,938.0,182.69,0.0812,8.3265153,,6083.0,1.17,1.11,Transit,2016.0,Kepler,1757.23,Super-Earth
Kepler-112 b,Kepler-112,2.36,0.211,6.17,0.0194,0.0,809.0,123.818,0.076,8.408878,,5544.0,0.841,0.782,Transit,2014.0,Kepler,513.206,Super-Earth
Kepler-112 c,Kepler-112,2.4,0.214,6.35,0.02,0.0,538.0,24.255,0.172,28.574263,,5544.0,0.841,0.782,Transit,2014.0,Kepler,513.206,Super-Earth
Kepler-1120 b,Kepler-1120,1.38,0.12311535,2.48,0.0078,0.0,1027.0,206.874,0.0369,2.949029052,,4904.0,0.74,0.78,Transit,2016.0,Kepler,615.231,Terrestrial
Kepler-1121 b,Kepler-1121,1.91,0.17039879,4.31,0.0136,0.0,1008.0,205.272,0.11818,13.15141081,,6231.0,1.59,1.29,Transit,2016.0,Kepler,482.047,Super-Earth
Kepler-1122 b,Kepler-1122,2.04,0.18199661,4.82,0.0152,0.0,526.0,23.263,0.2315,42.1917357,,5544.0,0.89,0.92,Transit,2016.0,Kepler,1230.42,Super-Earth
Kepler-1123 b,Kepler-1123,1.67,0.14898742,3.43,0.0108,0.0,1061.0,190.016,0.0497,4.33946454,,5500.0,0.9,0.93,Transit,2016.0,Kepler,704.323,Super-Earth
Kepler-1124 b,Kepler-1124,1.28,0.11419395,2.18,0.00687,0.0,621.0,50.777,0.0305,2.852348975,,3658.0,0.34,0.35,Transit,2016.0,Kepler,289.899,Terrestrial
Kepler-1125 b,Kepler-1125,1.84,0.1641538,4.04,0.0127,0.0,778.0,41.04,0.1348,17.6700642,,5683.0,0.94,0.95,Transit,2016.0,Kepler,2011.41,Super-Earth
Kepler-1126 b,Kepler-1126,1.73,0.15434026,3.64,0.0115,0.0,374.0,4.55,0.41251,108.593329,,5798.0,0.93,0.92,Transit,2016.0,Kepler,635.736,Super-Earth
Kepler-1126 c,Kepler-1126,1.45,0.12936056,2.7,0.00849,0.0,305.0,2.06,0.6193,199.66876,,5678.0,0.921,0.794,Transit,2023.0,Kepler,635.736,Terrestrial
Kepler-1127 b,Kepler-1127,1.96,0.17485949,4.5,0.0142,0.0,994.0,160.765,0.0556,5.12330347,,5664.0,0.95,0.97,Transit,2016.0,Kepler,842.459,Super-Earth
Kepler-1128 b,Kepler-1128,3.65,0.32563119,12.9,0.0407,0.0,424.0,6.451,0.302,61.6178167,,5543.0,0.91,0.94,Transit,2016.0,Kepler,1083.41,Neptunian
Kepler-1129 b,Kepler-1129,2.96,0.26407351,9.06,0.0285,0.0,737.0,32.265,0.16481,24.3397804,,5831.0,1.0,1.0,Transit,2016.0,Kepler,1183.88,Neptunian
Kepler-1129 c,Kepler-1129,2.73,0.24355429,7.9,0.0249,0.0,503.0,7.006,0.35367,76.5369586,,5831.0,1.0,1.0,Transit,2016.0,Kepler,1183.88,Neptunian
Kepler-113 b,Kepler-113,1.82,0.162,11.7,0.037,0.0,775.0,105.333,0.05123,4.754,,4725.0,0.69,0.75,Transit,2014.0,Kepler,262.351,Super-Earth
Kepler-113 c,Kepler-113,2.18,0.194,8.7,0.02737312,0.0,628.0,45.596,0.07796,8.92507,,4725.0,0.69,0.75,Transit,2014.0,Kepler,262.351,Super-Earth
Kepler-1130 b,Kepler-1130,0.8,0.07137122,0.437,0.00137,0.0,904.0,162.65,0.05963,5.45298175,,5403.0,0.81,0.9,Transit,2016.0,Kepler,249.343,Terrestrial
Kepler-1130 c,Kepler-1130,0.79239584,0.07069294,0.422,0.00133,0.0,1072.0,316.9,0.04238,3.266639948,,5450.0,0.842,0.944,Transit,2021.0,Kepler,249.343,Terrestrial
Kepler-1130 d,Kepler-1130,0.64472273,0.05751841,0.202,0.000634,0.0,981.0,221.4,0.05068,4.272250175,,5450.0,0.842,0.944,Transit,2021.0,Kepler,249.343,Terrestrial
Kepler-1131 b,Kepler-1131,1.59,0.1418503,3.15,0.00993,0.0,1159.0,453.142,0.0459,3.53232449,,5851.0,1.04,1.03,Transit,2016.0,Kepler,1030.7,Super-Earth
Kepler-1132 b,Kepler-1132,2.35,0.20965296,6.12,0.0193,0.0,384.0,4.547,0.2881,62.8916228,,5298.0,0.83,0.87,Transit,2016.0,Kepler,867.931,Super-Earth
Kepler-1133 b,Kepler-1133,1.97,0.17575163,4.54,0.0143,0.0,703.0,55.758,0.0983,11.55562343,,5569.0,0.9,0.93,Transit,2016.0,Kepler,753.135,Super-Earth
Kepler-1134 b,Kepler-1134,2.64,0.23552502,7.46,0.0235,0.0,611.0,29.864,0.1242,17.13263989,,5281.0,0.81,0.84,Transit,2016.0,Kepler,944.445,Neptunian
Kepler-1135 b,Kepler-1135,1.85,0.16504595,4.08,0.0128,0.0,451.0,25.76,0.3436,76.957857,,5656.0,0.94,0.96,Transit,2016.0,Kepler,1314.64,Super-Earth
Kepler-1136 b,Kepler-1136,1.64,0.146311,3.33,0.0105,0.0,922.0,150.055,0.0299,2.361724329,,4512.0,0.68,0.72,Transit,2016.0,Kepler,491.406,Super-Earth
Kepler-1137 b,Kepler-1137,2.2,0.19627085,5.48,0.0172,0.0,1020.0,197.846,0.1871,23.9210791,,6807.0,1.84,1.5,Transit,2016.0,Kepler,921.778,Super-Earth
Kepler-1138 b,Kepler-1138,1.7,0.15166384,3.53,0.0111,0.0,1080.0,245.904,0.0415,3.17060005,,5582.0,0.92,0.95,Transit,2016.0,Kepler,872.328,Super-Earth
Kepler-1139 b,Kepler-1139,1.19,0.10616469,1.81,0.0057,0.0,1693.0,1717.276,0.01664,0.813166719,,5550.0,0.91,0.94,Transit,2016.0,Kepler,495.156,Terrestrial
Kepler-114 b,Kepler-114,1.26,0.112,1.09,0.00342952,0.0,586.0,92.535,0.053,5.188549,M0 V,4605.0,0.667,0.77,Transit,2014.0,Kepler,259.533,Terrestrial
Kepler-114 c,Kepler-114,1.6,0.143,2.8,0.009,0.0,507.0,51.623,0.06482,8.041,M0 V,4660.0,0.54,0.56,Transit,2013.0,Kepler,259.533,Super-Earth
Kepler-114 d,Kepler-114,2.53,0.226,3.9,0.012,0.0,446.0,31.016,0.08358,11.776,M0 V,4660.0,0.54,0.56,Transit,2013.0,Kepler,259.533,Neptunian
Kepler-1140 b,Kepler-1140,2.77,0.24712285,8.1,0.0255,0.0,500.0,13.051,0.1478,24.0862707,,4850.0,0.73,0.76,Transit,2016.0,Kepler,656.48,Neptunian
Kepler-1141 b,Kepler-1141,0.82,0.0731555,0.477,0.0015,0.0,1471.0,1146.953,0.03496,2.344511944,,5791.0,1.07,1.01,Transit,2016.0,Kepler,393.642,Terrestrial
Kepler-1142 b,Kepler-1142,1.47,0.13114462,2.76,0.00869,0.0,902.0,147.817,0.1343,18.3027248,,5685.0,0.96,0.97,Transit,2016.0,Kepler,1273.51,Terrestrial
Kepler-1143 b,Kepler-1143,1.67,0.14898742,3.43,0.0108,0.0,976.0,173.056,0.0371,2.888904849,,5053.0,0.77,0.81,Transit,2016.0,Kepler,555.189,Super-Earth
Kepler-1143 c,Kepler-1143,3.6,0.32117049,12.6,0.0398,0.0,234.0,0.568,0.6477,210.630591,,5053.0,0.77,0.81,Transit,2016.0,Kepler,555.189,Neptunian
Kepler-1144 b,Kepler-1144,1.99,0.17753591,4.62,0.0145,0.0,811.0,62.061,0.1291,17.14647302,,5753.0,0.96,0.98,Transit,2016.0,Kepler,1140.57,Super-Earth
Kepler-1145 b,Kepler-1145,1.4,0.12489963,2.54,0.008,0.0,958.0,198.43,0.0443,3.97076766,,5064.0,0.75,0.79,Transit,2016.0,Kepler,691.961,Terrestrial
Kepler-1146 b,Kepler-1146,1.23,0.10973325,2.04,0.00642,0.0,1019.0,227.962,0.0325,2.352265797,,4692.0,0.7,0.74,Transit,2016.0,Kepler,703.038,Terrestrial
Kepler-1147 b,Kepler-1147,2.61,0.2328486,7.32,0.023,0.0,872.0,206.563,0.0961,10.62784997,,5941.0,1.14,1.09,Transit,2016.0,Kepler,1657.36,Neptunian
Kepler-1148 b,Kepler-1148,1.69,0.1507717,3.5,0.011,0.0,1397.0,815.407,0.0188,1.104463509,,5054.0,0.77,0.81,Transit,2016.0,Kepler,625.692,Super-Earth
Kepler-1149 b,Kepler-1149,1.44,0.1284682,2.67,0.00839,0.0,1128.0,653.831,0.0473,3.73089898,,5833.0,1.01,1.02,Transit,2016.0,Kepler,1217.73,Terrestrial
Kepler-115 b,Kepler-115,1.09,0.097,1.32,0.00416,0.0,1489.0,1215.757,0.036,2.403679,,5979.0,1.205,1.042,Transit,2014.0,Kepler,623.609,Terrestrial
Kepler-115 c,Kepler-115,2.6,0.232,7.27,0.0229,0.0,960.0,209.101,0.087,8.990889,,5979.0,1.205,1.042,Transit,2014.0,Kepler,623.609,Neptunian
Kepler-1150 b,Kepler-1150,1.02,0.0909983,1.04,0.00328,0.0,1432.0,153.741,0.0382,2.787868386,,4754.0,0.72,0.76,Transit,2016.0,Kepler,358.518,Terrestrial
Kepler-1151 b,Kepler-1151,2.22,0.19805513,5.56,0.0175,0.0,485.0,4.86,0.3197,65.6478424,,5470.0,0.85,0.88,Transit,2016.0,Kepler,682.436,Super-Earth
Kepler-1152 b,Kepler-1152,0.87,0.0776162,0.59,0.00186,0.0,806.0,139.601,0.0223,1.646801908,,3964.0,0.53,0.55,Transit,2016.0,Kepler,215.233,Terrestrial
Kepler-1153 b,Kepler-1153,1.73,0.15434026,3.64,0.0115,0.0,1343.0,761.808,0.0277,1.755835327,,5470.0,0.88,0.91,Transit,2016.0,Kepler,1119.49,Super-Earth
Kepler-1154 b,Kepler-1154,2.34,0.20876082,6.08,0.0191,0.0,1314.0,652.966,0.0631,5.1856142,,6327.0,1.43,1.26,Transit,2016.0,Kepler,1460.1,Super-Earth
Kepler-1154 c,Kepler-1154,2.36,0.2105451,6.17,0.0194,0.0,1117.0,339.573,0.0875,8.45808312,,6327.0,1.43,1.26,Transit,2016.0,Kepler,1460.1,Super-Earth
Kepler-1155 b,Kepler-1155,2.03,0.18110447,4.78,0.015,0.0,609.0,32.52,0.2006,33.469743,,5842.0,1.03,1.03,Transit,2016.0,Kepler,1128.72,Super-Earth
Kepler-1156 b,Kepler-1156,1.32,0.11776251,2.3,0.00724,0.0,787.0,83.014,0.09704,11.89520511,,5778.0,1.0,1.0,Transit,2016.0,Kepler,691.331,Terrestrial
Kepler-1157 b,Kepler-1157,1.09,0.09724329,1.32,0.00416,0.0,732.0,95.443,0.0448,4.45743164,,4679.0,0.71,0.76,Transit,2016.0,Kepler,342.144,Terrestrial
Kepler-1158 b,Kepler-1158,2.34,0.20876082,6.08,0.0191,0.0,1079.0,449.699,0.12643,13.5396293,,6203.0,1.95,1.41,Transit,2016.0,Kepler,1484.25,Super-Earth
Kepler-1159 b,Kepler-1159,2.37,0.21143724,6.21,0.0195,0.0,677.0,80.984,0.1603,22.70816791,,6217.0,1.28,1.19,Transit,2016.0,Kepler,1213.71,Super-Earth
Kepler-116 b,Kepler-116,3.42,0.305,11.6,0.0364,0.0,1251.0,594.451,0.069,5.968734,,6142.0,1.454,1.198,Transit,2014.0,Kepler,955.168,Neptunian
Kepler-116 c,Kepler-116,2.3,0.205,5.9,0.0186,0.0,964.0,208.982,0.116,13.07163,,6142.0,1.454,1.198,Transit,2014.0,Kepler,955.168,Super-Earth
Kepler-1160 b,Kepler-1160,2.14,0.19091801,5.22,0.0164,0.0,839.0,93.308,0.0755,7.97034958,,5519.0,0.89,0.92,Transit,2016.0,Kepler,1077.63,Super-Earth
Kepler-1161 b,Kepler-1161,2.13,0.19002587,5.18,0.0163,0.0,485.0,26.229,0.0784,10.71252541,,4253.0,0.57,0.59,Transit,2016.0,Kepler,547.726,Super-Earth
Kepler-1162 b,Kepler-1162,2.21,0.19716299,5.52,0.0174,0.0,490.0,12.245,0.19,32.5637069,,5390.0,0.84,0.89,Transit,2016.0,Kepler,940.211,Super-Earth
Kepler-1162 c,Kepler-1162,1.81,0.16147766,3.93,0.0124,0.0,401.0,6.14,0.2832,59.284064,,5225.0,0.859,0.861,Transit,2023.0,Kepler,940.211,Super-Earth
Kepler-1163 b,Kepler-1163,1.03,0.09189045,1.08,0.0034,0.0,1211.0,511.757,0.06868,6.11786898,,6302.0,1.35,1.22,Transit,2016.0,Kepler,478.647,Terrestrial
Kepler-1164 b,Kepler-1164,1.12,0.09991971,1.46,0.00459,0.0,936.0,181.205,0.04635,3.97599768,,5183.0,0.79,0.85,Transit,2016.0,Kepler,431.622,Terrestrial
Kepler-1165 b,Kepler-1165,1.55,0.13828174,3.02,0.00951,0.0,946.0,464.773,0.0914,9.478522,,6080.0,1.18,1.13,Transit,2016.0,Kepler,1575.2,Super-Earth
Kepler-1165 c,Kepler-1165,3.36093385,0.29984295,11.2,0.0354,0.0,644.0,40.76,0.1969,29.96870041,,6249.0,1.076,1.13,Transit,2021.0,Kepler,1575.2,Neptunian
Kepler-1166 b,Kepler-1166,1.69,0.1507717,3.5,0.011,0.0,486.0,14.188,0.1975,33.2406882,,5446.0,0.86,0.9,Transit,2016.0,Kepler,634.906,Super-Earth
Kepler-1167 b,Kepler-1167,1.71,0.15255598,3.57,0.0112,0.0,1419.0,1039.697,0.0175,1.003933739,,4971.0,0.75,0.79,Transit,2016.0,Kepler,820.905,Super-Earth
Kepler-1168 b,Kepler-1168,2.5,0.22303506,6.8,0.0214,0.0,379.0,4.107,0.2663,55.8226539,,5157.0,0.82,0.87,Transit,2016.0,Kepler,752.666,Super-Earth
Kepler-1169 b,Kepler-1169,0.94,0.08386118,0.779,0.00245,0.0,1125.0,348.046,0.06931,6.11009134,,6191.0,1.23,1.24,Transit,2016.0,Kepler,522.823,Terrestrial
Kepler-117 b,Kepler-117,8.059,0.719,29.875,0.094,0.0493,984.0,157.541,0.1445,18.7959228,F8 V,6150.0,1.606,1.129,Transit,2014.0,Kepler,1455.57,Gas Giant
Kepler-117 c,Kepler-117,12.341,1.101,584.78,1.84,0.0323,704.0,41.863,0.2804,50.790391,F8 V,6150.0,1.606,1.129,Transit,2014.0,Kepler,1455.57,Gas Giant
Kepler-1170 b,Kepler-1170,2.41,0.2150058,6.39,0.0201,0.0,705.0,69.537,0.088,9.98969327,,5069.0,0.76,0.8,Transit,2016.0,Kepler,1050.45,Super-Earth
Kepler-1171 b,Kepler-1171,2.56,0.2283879,7.08,0.0223,0.0,2700.0,10171.005,0.0284,1.44259224,,7044.0,1.95,1.58,Transit,2016.0,Kepler,573.0,Neptunian
Kepler-1172 b,Kepler-1172,3.2,0.28548488,10.3,0.0325,0.0,675.0,26.356,0.168,26.0204423,,5558.0,0.89,0.92,Transit,2016.0,Kepler,1306.53,Neptunian
Kepler-1173 b,Kepler-1173,0.89,0.07940048,0.64,0.00201,0.0,1650.0,1462.098,0.0156,0.7698536,,5252.0,0.82,0.86,Transit,2016.0,Kepler,377.06,Terrestrial
Kepler-1174 b,Kepler-1174,1.59,0.1418503,3.15,0.00993,0.0,1156.0,641.814,0.0732,6.89225223,,5936.0,1.04,1.04,Transit,2016.0,Kepler,1408.75,Super-Earth
Kepler-1175 b,Kepler-1175,2.99,0.26674993,9.22,0.029,0.0,515.0,12.938,0.2181,37.94563,,5453.0,0.86,0.9,Transit,2016.0,Kepler,1121.89,Neptunian
Kepler-1176 b,Kepler-1176,2.45,0.21857436,6.57,0.0207,0.0,595.0,26.087,0.1589,24.1738579,,5844.0,1.02,1.01,Transit,2016.0,Kepler,864.699,Super-Earth
Kepler-1177 b,Kepler-1177,1.9,0.16950665,4.27,0.0134,0.0,377.0,11.862,0.4301,106.247547,,5712.0,0.97,0.98,Transit,2016.0,Kepler,1299.97,Super-Earth
Kepler-1178 b,Kepler-1178,1.07,0.09545901,1.24,0.0039,0.0,378.0,23.237,0.1596,31.80634,,4990.0,0.75,0.8,Transit,2016.0,Kepler,482.287,Terrestrial
Kepler-1179 b,Kepler-1179,1.32,0.11776251,2.3,0.00724,0.0,1137.0,288.57,0.03497,2.685057492,,5212.0,0.81,0.84,Transit,2016.0,Kepler,415.205,Terrestrial
Kepler-118 b,Kepler-118,1.96,0.175,4.5,0.0142,0.0,784.0,79.753,0.073,7.518496,,5274.0,1.094,0.811,Transit,2014.0,Kepler,574.228,Super-Earth
Kepler-118 c,Kepler-118,7.68,0.685,45.7,0.144,0.0,564.0,21.409,0.141,20.17202,,5274.0,1.094,0.811,Transit,2014.0,Kepler,574.228,Gas Giant
Kepler-1180 b,Kepler-1180,1.99,0.17753591,4.62,0.0145,0.0,765.0,175.855,0.1246,16.8601286,,6077.0,1.14,1.09,Transit,2016.0,Kepler,1596.8,Super-Earth
Kepler-1181 b,Kepler-1181,1.57,0.14006602,3.09,0.00972,0.0,1374.0,831.143,0.0621,4.89337519,,6176.0,1.3,1.17,Transit,2016.0,Kepler,938.417,Super-Earth
Kepler-1181 c,Kepler-1181,1.83,0.16326195,4.01,0.0126,0.0,1124.0,377.25,0.0928,8.93484887,,6688.0,1.347,1.336,Transit,2023.0,Kepler,938.417,Super-Earth
Kepler-1182 b,Kepler-1182,2.41,0.2150058,6.39,0.0201,0.0,796.0,197.882,0.0981,11.17394617,,5924.0,1.05,1.04,Transit,2016.0,Kepler,1545.39,Super-Earth
Kepler-1183 b,Kepler-1183,2.82,0.25158355,8.35,0.0263,0.0,555.0,61.663,0.1793,28.5057189,,5765.0,0.99,1.0,Transit,2016.0,Kepler,1919.19,Neptunian
Kepler-1184 b,Kepler-1184,2.68,0.23909359,7.65,0.0241,0.0,529.0,18.039,0.2863,53.5991044,,5983.0,1.07,1.05,Transit,2016.0,Kepler,1157.84,Neptunian
Kepler-1185 b,Kepler-1185,1.33,0.11865465,2.33,0.00733,0.0,355.0,9.31,0.4297,104.3518976,,5622.0,0.87,0.96,Transit,2016.0,Kepler,459.273,Terrestrial
Kepler-1186 b,Kepler-1186,2.23,0.19894727,5.6,0.0176,0.0,724.0,85.385,0.1281,16.07677615,,5635.0,0.93,0.95,Transit,2016.0,Kepler,1337.25,Super-Earth
Kepler-1187 b,Kepler-1187,2.61,0.2328486,7.32,0.023,0.0,701.0,72.957,0.1401,18.87064068,,5975.0,1.09,1.06,Transit,2016.0,Kepler,1020.53,Neptunian
Kepler-1188 b,Kepler-1188,2.08,0.18556517,4.98,0.0157,0.0,775.0,165.573,0.135,17.1369543,,5913.0,1.06,1.04,Transit,2016.0,Kepler,1717.48,Super-Earth
Kepler-1189 b,Kepler-1189,1.77,0.15790882,3.78,0.0119,0.0,1158.0,449.936,0.0467,3.78858982,,6012.0,1.16,1.11,Transit,2016.0,Kepler,782.852,Super-Earth
Kepler-119 b,Kepler-119,3.6,0.321,12.6,0.0398,0.0,1213.0,745.285,0.035,2.422082,,5595.0,0.839,0.918,Transit,2014.0,Kepler,701.996,Neptunian
Kepler-119 c,Kepler-119,0.92,0.082,0.721,0.00227,0.0,1016.0,367.322,0.049,4.125103,,5595.0,0.839,0.918,Transit,2014.0,Kepler,701.996,Terrestrial
Kepler-1190 b,Kepler-1190,1.33,0.11865465,2.33,0.00733,0.0,609.0,24.211,0.0845,10.45843441,,4730.0,0.72,0.76,Transit,2016.0,Kepler,342.509,Terrestrial
Kepler-1191 b,Kepler-1191,1.51,0.13471318,2.89,0.00909,0.0,952.0,167.184,0.0587,5.60014851,,5308.0,0.81,0.85,Transit,2016.0,Kepler,955.536,Super-Earth
Kepler-1192 b,Kepler-1192,2.36,0.2105451,6.17,0.0194,0.0,600.0,34.742,0.1693,25.2034787,,5438.0,0.83,0.86,Transit,2016.0,Kepler,1304.19,Super-Earth
Kepler-1193 b,Kepler-1193,1.32,0.11776251,2.3,0.00724,0.0,1453.0,1286.386,0.04004,2.832652134,,5908.0,1.21,1.08,Transit,2016.0,Kepler,802.116,Terrestrial
Kepler-1194 b,Kepler-1194,1.51,0.13471318,2.89,0.00909,0.0,676.0,49.35,0.1212,16.22371307,,5590.0,0.92,0.94,Transit,2016.0,Kepler,757.382,Super-Earth
Kepler-1195 b,Kepler-1195,2.08,0.18556517,4.98,0.0157,0.0,702.0,79.03,0.0726,8.49642241,,4965.0,0.71,0.74,Transit,2016.0,Kepler,918.566,Super-Earth
Kepler-1196 b,Kepler-1196,2.23,0.19894727,5.6,0.0176,0.0,436.0,8.302,0.3179,66.1849031,,5756.0,0.97,0.98,Transit,2016.0,Kepler,922.333,Super-Earth
Kepler-1197 b,Kepler-1197,1.25,0.11151753,2.1,0.0066,0.0,1011.0,267.142,0.02869,2.03231845,,4708.0,0.72,0.78,Transit,2016.0,Kepler,486.94,Terrestrial
Kepler-1198 b,Kepler-1198,1.47,0.13114462,2.76,0.00869,0.0,830.0,108.069,0.0732,7.6847716,,5517.0,0.9,0.93,Transit,2016.0,Kepler,743.03,Terrestrial
Kepler-1199 b,Kepler-1199,1.15,0.10259613,1.6,0.00505,0.0,931.0,131.7,0.11309,15.0447198,,5889.0,1.17,0.94,Transit,2016.0,Kepler,563.493,Terrestrial
Kepler-12 b,Kepler-12,19.660586,1.754,137.30256,0.432,0.0,1480.0,877.539,0.0553,4.4379629,,5947.0,1.483,1.166,Transit,2011.0,Kepler,881.386,Gas Giant
Kepler-120 b,Kepler-120,2.15,0.192,8.5,0.027,0.0,575.0,42.692,0.055,6.312501,M0 V,4096.0,0.534,0.654,Transit,2014.0,Kepler,388.63,Super-Earth
Kepler-120 c,Kepler-120,1.53,0.136,2.96,0.0093,0.0,455.0,16.625,0.088,12.794585,M0 V,4096.0,0.534,0.654,Transit,2014.0,Kepler,388.63,Super-Earth
Kepler-1200 b,Kepler-1200,1.06,0.09456687,1.2,0.00377,0.0,1174.0,544.534,0.0188,1.118549717,,4612.0,0.7,0.74,Transit,2016.0,Kepler,588.715,Terrestrial
Kepler-1201 b,Kepler-1201,2.29,0.20430012,5.86,0.0184,0.0,789.0,89.431,0.1183,15.18725932,,6177.0,1.24,1.15,Transit,2016.0,Kepler,944.241,Super-Earth
Kepler-1202 b,Kepler-1202,2.94,0.26228923,8.96,0.0282,0.0,547.0,23.876,0.179,28.6851324,,5834.0,1.04,1.03,Transit,2016.0,Kepler,1175.38,Neptunian
Kepler-1203 b,Kepler-1203,1.06,0.09456687,1.2,0.00377,0.0,1188.0,723.806,0.0114,0.588000765,,4105.0,0.61,0.64,Transit,2016.0,Kepler,317.022,Terrestrial
Kepler-1204 b,Kepler-1204,3.05,0.27210277,9.53,0.03,0.0,448.0,7.021,0.3877,85.7350285,,5825.0,1.03,1.03,Transit,2016.0,Kepler,1175.22,Neptunian
Kepler-1205 b,Kepler-1205,1.41,0.12579177,2.57,0.00809,0.0,1667.0,1038.493,0.0196,1.078390352,,5226.0,0.81,0.84,Transit,2016.0,Kepler,698.485,Terrestrial
Kepler-1206 b,Kepler-1206,1.64,0.146311,3.33,0.0105,0.0,1314.0,588.021,0.0201,1.216997663,,4877.0,0.75,0.8,Transit,2016.0,Kepler,762.019,Super-Earth
Kepler-1207 b,Kepler-1207,1.62,0.14452672,3.26,0.0102,0.0,802.0,352.508,0.1156,13.68237119,,5909.0,1.06,1.06,Transit,2016.0,Kepler,1754.19,Super-Earth
Kepler-1208 b,Kepler-1208,2.32,0.20697654,5.99,0.0189,0.0,665.0,37.664,0.0901,11.08507637,,5001.0,0.76,0.8,Transit,2016.0,Kepler,825.176,Super-Earth
Kepler-1209 b,Kepler-1209,1.51,0.13471318,2.89,0.00909,0.0,755.0,63.246,0.17515,25.369116,,6210.0,1.38,1.23,Transit,2016.0,Kepler,505.531,Super-Earth
Kepler-121 b,Kepler-121,2.34,0.209,6.08,0.0191,0.0,997.0,220.489,0.039,3.177422,,5311.0,0.701,0.859,Transit,2014.0,Kepler,510.523,Super-Earth
Kepler-121 c,Kepler-121,2.27,0.203,5.77,0.0182,0.0,425.0,7.296,0.216,41.008011,,5311.0,0.701,0.859,Transit,2014.0,Kepler,510.523,Super-Earth
Kepler-1210 b,Kepler-1210,1.7,0.15166384,3.53,0.0111,0.0,856.0,152.047,0.0753,8.07124073,,5568.0,0.92,0.94,Transit,2016.0,Kepler,1176.53,Super-Earth
Kepler-1211 b,Kepler-1211,2.55,0.22749576,7.04,0.0221,0.0,840.0,130.9,0.09763,11.01816836,,5705.0,0.94,0.96,Transit,2016.0,Kepler,1826.53,Neptunian
Kepler-1212 b,Kepler-1212,2.14,0.19091801,5.22,0.0164,0.0,795.0,142.096,0.1082,12.94130146,,6051.0,1.15,1.1,Transit,2016.0,Kepler,1316.57,Super-Earth
Kepler-1213 b,Kepler-1213,1.19,0.10616469,1.81,0.0057,0.0,1156.0,595.424,0.06026,5.34982412,,6050.0,1.21,1.14,Transit,2016.0,Kepler,807.812,Terrestrial
Kepler-1214 b,Kepler-1214,2.36,0.2105451,6.17,0.0194,0.0,591.0,23.18,0.128,18.82634264,,5130.0,0.8,0.85,Transit,2016.0,Kepler,729.227,Super-Earth
Kepler-1215 b,Kepler-1215,1.22,0.10884111,1.98,0.00624,0.0,1046.0,253.964,0.0528,4.76703963,,5616.0,0.93,0.95,Transit,2016.0,Kepler,661.022,Terrestrial
Kepler-1216 b,Kepler-1216,1.39,0.12400749,2.51,0.0079,0.0,1191.0,415.553,0.0519,4.37034536,,5743.0,0.98,0.99,Transit,2016.0,Kepler,1258.36,Terrestrial
Kepler-1217 b,Kepler-1217,1.99,0.17753591,4.62,0.0145,0.0,1542.0,1302.948,0.0326,2.032325072,,5905.0,1.08,1.06,Transit,2016.0,Kepler,1347.71,Super-Earth
Kepler-1218 b,Kepler-1218,1.44,0.1284682,2.67,0.00839,0.0,684.0,84.83,0.15698,22.9221266,,5986.0,1.1,1.06,Transit,2016.0,Kepler,840.503,Terrestrial
Kepler-1219 b,Kepler-1219,2.12,0.18913373,5.14,0.0162,0.0,1159.0,430.691,0.14146,16.10467749,,5944.0,1.94,1.25,Transit,2016.0,Kepler,880.895,Super-Earth
Kepler-122 b,Kepler-122,2.34,0.209,6.08,0.0191,0.0,1159.0,448.102,0.064,5.766193,,6050.0,1.216,0.982,Transit,2014.0,Kepler,1027.45,Super-Earth
Kepler-122 c,Kepler-122,5.87,0.524,29.0,0.0912,0.0,897.0,160.499,0.108,12.465988,,6050.0,1.216,0.982,Transit,2014.0,Kepler,1027.45,Neptunian
Kepler-122 d,Kepler-122,2.2,0.196,5.48,0.0172,0.0,747.0,77.14,0.155,21.587475,,6050.0,1.216,0.982,Transit,2014.0,Kepler,1027.45,Super-Earth
Kepler-122 e,Kepler-122,2.6,0.232,27.7,0.087,0.0,618.0,36.299,0.227,37.993273,,6050.0,1.216,0.982,Transit,2014.0,Kepler,1027.45,Neptunian
Kepler-122 f,Kepler-122,1.75,0.156,36.0,0.113,0.0,543.0,21.524,0.28575,56.268,,5917.0,0.949,1.03,Transit Timing Variations,2014.0,Kepler,1027.45,Super-Earth
Kepler-1220 b,Kepler-1220,1.52,0.13560532,2.92,0.0092,0.0,899.0,177.842,0.0734,7.42693741,,5842.0,0.99,1.0,Transit,2016.0,Kepler,961.907,Super-Earth
Kepler-1221 b,Kepler-1221,1.88,0.16772237,4.19,0.0132,0.0,632.0,37.81,0.0906,12.00096042,,5194.0,0.82,0.87,Transit,2016.0,Kepler,913.65,Super-Earth
Kepler-1222 b,Kepler-1222,0.79,0.07047908,0.418,0.00131,0.0,1246.0,416.231,0.02801,1.916944254,,5239.0,0.8,0.84,Transit,2016.0,Kepler,415.218,Terrestrial
Kepler-1223 b,Kepler-1223,1.22,0.10884111,1.98,0.00624,0.0,557.0,20.51,0.1186,16.301259,,4870.0,0.75,0.8,Transit,2016.0,Kepler,459.957,Terrestrial
Kepler-1224 b,Kepler-1224,1.33,0.11865465,2.33,0.00733,0.0,872.0,132.663,0.11625,13.32351601,,6155.0,1.22,1.18,Transit,2016.0,Kepler,559.598,Terrestrial
Kepler-1225 b,Kepler-1225,1.82,0.16236952,3.97,0.0125,0.0,1453.0,324.282,0.0771,7.01075434,,6140.0,1.19,1.13,Transit,2016.0,Kepler,1347.52,Super-Earth
Kepler-1226 b,Kepler-1226,1.45,0.12936034,2.7,0.00849,0.0,809.0,140.376,0.13945,17.2923453,,5923.0,1.02,1.02,Transit,2016.0,Kepler,1125.72,Terrestrial
Kepler-1227 b,Kepler-1227,2.29,0.20430012,5.86,0.0184,0.0,369.0,4.179,0.38555,94.2887577,,5747.0,0.95,0.97,Transit,2016.0,Kepler,623.706,Super-Earth
Kepler-1228 b,Kepler-1228,1.54,0.1373896,2.99,0.0094,0.0,1757.0,1598.664,0.01186,0.577369579,,5063.0,0.74,0.78,Transit,2016.0,Kepler,515.453,Super-Earth
Kepler-1229 b,Kepler-1229,1.4,0.12489963,2.54,0.008,0.0,212.0,0.524,0.3006,86.828989,,3784.0,0.51,0.54,Transit,2016.0,Kepler,265.482,Terrestrial
Kepler-123 b,Kepler-123,2.94,0.262,55.3,0.174,0.0,817.0,138.807,0.135,17.232366,,6089.0,1.264,1.079,Transit,2014.0,Kepler,1021.66,Neptunian
Kepler-123 c,Kepler-123,1.48,0.132,2.79,0.00879,0.0,706.0,77.399,0.181,26.695074,,6089.0,1.264,1.079,Transit,2014.0,Kepler,1021.66,Terrestrial
Kepler-1230 b,Kepler-1230,2.71,0.24177001,7.8,0.0245,0.0,946.0,153.933,0.0921,9.95661537,,5961.0,1.08,1.06,Transit,2016.0,Kepler,1364.22,Neptunian
Kepler-1231 b,Kepler-1231,1.42,0.12668391,2.6,0.00819,0.0,870.0,117.515,0.0914,10.41725184,,5778.0,1.0,1.01,Transit,2016.0,Kepler,987.237,Terrestrial
Kepler-1232 b,Kepler-1232,1.93,0.17218307,4.38,0.0138,0.0,523.0,14.6,0.16545,26.7839183,,5471.0,0.89,0.92,Transit,2016.0,Kepler,632.865,Super-Earth
Kepler-1233 b,Kepler-1233,2.6,0.23195646,7.27,0.0229,0.0,604.0,30.061,0.263,45.1263042,,6198.0,1.25,1.16,Transit,2016.0,Kepler,1178.7,Neptunian
Kepler-1234 b,Kepler-1234,2.81,0.25069141,8.3,0.0261,0.0,625.0,40.12,0.096,11.94014029,,4967.0,0.76,0.8,Transit,2016.0,Kepler,916.749,Neptunian
Kepler-1235 b,Kepler-1235,0.79,0.07047908,0.418,0.00131,0.0,985.0,265.325,0.04836,4.16055856,,5541.0,0.9,0.93,Transit,2016.0,Kepler,540.604,Terrestrial
Kepler-1236 b,Kepler-1236,2.14,0.19091801,5.22,0.0164,0.0,480.0,13.571,0.1803,31.0571618,,5337.0,0.82,0.86,Transit,2016.0,Kepler,999.64,Super-Earth
Kepler-1237 b,Kepler-1237,2.86,0.25515211,8.55,0.0269,0.0,366.0,4.042,0.3778,84.5733226,,5472.0,0.9,0.94,Transit,2016.0,Kepler,1064.31,Neptunian
Kepler-1238 b,Kepler-1238,1.93,0.17218307,4.38,0.0138,0.0,1389.0,1195.201,0.0541,4.14787559,,6386.0,1.48,1.3,Transit,2016.0,Kepler,1632.13,Super-Earth
Kepler-1239 b,Kepler-1239,2.9,0.25872067,8.75,0.0275,0.0,1183.0,462.91,0.0625,5.19104016,,6564.0,1.57,1.4,Transit,2016.0,Kepler,2140.6,Neptunian
Kepler-124 b,Kepler-124,0.73,0.065,0.315,0.00099,0.0,892.0,198.843,0.039,3.410493,,4984.0,0.636,0.706,Transit,2014.0,Kepler,420.046,Terrestrial
Kepler-124 c,Kepler-124,1.75,0.156,3.71,0.0117,0.0,560.0,30.716,0.1,13.821375,,4984.0,0.636,0.706,Transit,2014.0,Kepler,420.046,Super-Earth
Kepler-124 d,Kepler-124,1.11,0.099,1.41,0.00444,0.0,428.0,10.499,0.17,30.950851,,4984.0,0.636,0.706,Transit,2014.0,Kepler,420.046,Terrestrial
Kepler-1240 b,Kepler-1240,1.15,0.10259613,1.6,0.00505,0.0,1121.0,539.129,0.05791,4.8663815,,5682.0,0.96,0.98,Transit,2016.0,Kepler,862.186,Terrestrial
Kepler-1241 b,Kepler-1241,2.63,0.23463288,7.41,0.0233,0.0,612.0,31.456,0.1336,18.5525701,,5261.0,0.8,0.84,Transit,2016.0,Kepler,968.722,Neptunian
Kepler-1242 b,Kepler-1242,2.26,0.2016237,5.73,0.018,0.0,639.0,28.998,0.1039,13.62798432,,4895.0,0.74,0.77,Transit,2016.0,Kepler,687.615,Super-Earth
Kepler-1243 b,Kepler-1243,1.75,0.15612454,3.71,0.0117,0.0,690.0,36.162,0.1256,16.8320729,,5667.0,0.94,0.96,Transit,2016.0,Kepler,758.17,Super-Earth
Kepler-1244 b,Kepler-1244,1.35,0.12043893,2.39,0.00752,0.0,1839.0,4756.325,0.0502,3.70428172,,6680.0,1.77,1.46,Transit,2016.0,Kepler,1075.81,Terrestrial
Kepler-1245 b,Kepler-1245,1.44,0.1284682,2.67,0.00839,0.0,1043.0,194.344,0.0484,4.35409304,,5306.0,0.83,0.86,Transit,2016.0,Kepler,805.936,Terrestrial
Kepler-1245 c,Kepler-1245,1.44,0.1284682,2.67,0.00839,0.0,1190.0,328.984,0.0372,2.936584681,,5306.0,0.83,0.86,Transit,2016.0,Kepler,805.936,Terrestrial
Kepler-1246 b,Kepler-1246,1.36,0.12133107,2.42,0.00761,0.0,554.0,26.451,0.0848,11.32271513,,4611.0,0.69,0.73,Transit,2016.0,Kepler,436.505,Terrestrial
Kepler-1247 b,Kepler-1247,2.33,0.20786868,6.04,0.019,0.0,676.0,41.472,0.1091,13.71220213,,5303.0,0.82,0.86,Transit,2016.0,Kepler,1045.92,Super-Earth
Kepler-1248 b,Kepler-1248,1.18,0.10527255,1.76,0.00553,0.0,1035.0,271.25,0.0806,7.46725407,,6149.0,1.21,1.21,Transit,2016.0,Kepler,593.026,Terrestrial
Kepler-1249 b,Kepler-1249,2.38,0.21232938,6.26,0.0197,0.0,647.0,98.336,0.167,24.3347127,,6202.0,1.28,1.19,Transit,2016.0,Kepler,1904.54,Super-Earth
Kepler-125 b,Kepler-125,2.37,0.211,6.21,0.0195,0.0,590.0,33.184,0.041,4.164389,M1 V,3810.0,0.512,0.542101,Transit,2014.0,Kepler,183.365,Super-Earth
Kepler-125 c,Kepler-125,0.74,0.066,0.33,0.00104,0.0,529.0,16.81,0.051,5.774464,M1 V,3810.0,0.512,0.542101,Transit,2014.0,Kepler,183.365,Terrestrial
Kepler-1250 b,Kepler-1250,1.92,0.17129093,4.35,0.0137,0.0,1431.0,1866.193,0.0393,2.607543834,,5717.0,0.98,0.99,Transit,2016.0,Kepler,2126.85,Super-Earth
Kepler-1251 b,Kepler-1251,1.84,0.1641538,4.04,0.0127,0.0,487.0,13.78,0.2478,45.0904643,,5545.0,0.89,0.92,Transit,2016.0,Kepler,902.204,Super-Earth
Kepler-1252 b,Kepler-1252,1.67,0.14898742,3.43,0.0108,0.0,665.0,57.579,0.1078,15.0540329,,5949.0,1.09,1.06,Transit,2016.0,Kepler,648.979,Super-Earth
Kepler-1253 b,Kepler-1253,1.33,0.11865465,2.33,0.00733,0.0,501.0,21.624,0.31444,68.8861915,,5850.0,1.1,0.97,Transit,2016.0,Kepler,514.524,Terrestrial
Kepler-1254 b,Kepler-1254,1.55,0.13828174,3.02,0.00951,0.0,660.0,33.978,0.0833,9.99113313,,4985.0,0.75,0.78,Transit,2016.0,Kepler,622.818,Super-Earth
Kepler-1254 c,Kepler-1254,1.3,0.11597823,2.24,0.00705,0.0,927.0,132.391,0.0422,3.60084276,,4985.0,0.75,0.78,Transit,2016.0,Kepler,622.818,Terrestrial
Kepler-1254 d,Kepler-1254,1.31,0.11687037,2.27,0.00714,0.0,794.0,71.31,0.0575,5.72717226,,4985.0,0.75,0.78,Transit,2016.0,Kepler,622.818,Terrestrial
Kepler-1255 b,Kepler-1255,2.32,0.20697654,5.99,0.0189,0.0,694.0,39.671,0.2226,36.2919336,,6018.0,1.12,1.08,Transit,2016.0,Kepler,1617.07,Super-Earth
Kepler-1256 b,Kepler-1256,1.49,0.1329289,2.83,0.00889,0.0,933.0,211.549,0.10733,12.4127754,,6129.0,1.36,1.17,Transit,2016.0,Kepler,891.192,Terrestrial
Kepler-1257 b,Kepler-1257,1.52,0.13560532,2.92,0.0092,0.0,1252.0,546.908,0.0376,2.668313762,,5502.0,0.87,0.9,Transit,2016.0,Kepler,1105.95,Super-Earth
Kepler-1258 b,Kepler-1258,0.86,0.07672406,0.566,0.00178,0.0,2335.0,2775.0,0.01824,0.984940167,,5839.0,0.99,0.99,Transit,2016.0,Kepler,717.555,Terrestrial
Kepler-1259 b,Kepler-1259,1.43,0.12757605,2.63,0.00829,0.0,1681.0,2460.582,0.0141,0.663085258,,5053.0,0.77,0.8,Transit,2016.0,Kepler,805.562,Terrestrial
Kepler-126 b,Kepler-126,1.52,0.136,4.11726105,0.0129436,0.07,1009.0,298.088,0.099,10.495711,,6239.0,1.358,1.108,Transit,2014.0,Kepler,237.401,Super-Earth
Kepler-126 c,Kepler-126,1.58,0.141,1.27942148,0.00402415,0.19,790.0,112.128,0.162,21.869741,,6239.0,1.358,1.108,Transit,2014.0,Kepler,237.401,Super-Earth
Kepler-126 d,Kepler-126,2.5,0.223,54.59018723,0.17175992,0.02,475.0,14.714,0.448,100.283134,,6239.0,1.358,1.108,Transit,2014.0,Kepler,237.401,Super-Earth
Kepler-1260 b,Kepler-1260,1.77,0.15790882,3.78,0.0119,0.0,823.0,171.926,0.1444,19.1187753,,5961.0,1.08,1.06,Transit,2016.0,Kepler,1734.43,Super-Earth
Kepler-1261 b,Kepler-1261,2.26,0.2016237,5.73,0.018,0.0,396.0,4.744,0.239,48.4308991,,5006.0,0.77,0.82,Transit,2016.0,Kepler,744.294,Super-Earth
Kepler-1262 b,Kepler-1262,1.82,0.16236952,3.97,0.0125,0.0,949.0,142.545,0.083,8.67900242,,5771.0,0.98,0.99,Transit,2016.0,Kepler,1054.87,Super-Earth
Kepler-1263 b,Kepler-1263,1.14,0.10170399,1.55,0.00489,0.0,907.0,144.813,0.0499,4.55139967,,5213.0,0.8,0.84,Transit,2016.0,Kepler,664.83,Terrestrial
Kepler-1264 b,Kepler-1264,1.18,0.10527255,1.76,0.00553,0.0,1677.0,2367.804,0.01839,0.968526023,,5791.0,0.98,0.99,Transit,2016.0,Kepler,801.993,Terrestrial
Kepler-1265 b,Kepler-1265,1.35,0.12043893,2.39,0.00752,0.0,732.0,58.15,0.0612,6.49441289,,4630.0,0.69,0.71,Transit,2016.0,Kepler,583.641,Terrestrial
Kepler-1266 b,Kepler-1266,2.58,0.23017218,7.18,0.0226,0.0,489.0,10.313,0.16431,28.474748,,5044.0,0.76,0.8,Transit,2016.0,Kepler,849.312,Neptunian
Kepler-1266 c,Kepler-1266,1.68023962,0.1499012,3.46,0.0109,0.0,881.0,110.4,0.0506,4.86631012,,4996.0,0.831,0.791,Transit,2021.0,Kepler,849.312,Super-Earth
Kepler-1267 b,Kepler-1267,3.01,0.26853421,9.32,0.0293,0.0,774.0,86.469,0.1057,13.0313945,,6096.0,1.2,1.15,Transit,2016.0,Kepler,1379.43,Neptunian
Kepler-1268 b,Kepler-1268,2.03,0.18110447,4.78,0.015,0.0,627.0,40.652,0.2383,40.9903986,,5904.0,1.09,1.06,Transit,2016.0,Kepler,1840.77,Super-Earth
Kepler-1269 b,Kepler-1269,1.63,0.14541886,3.29,0.0104,0.0,657.0,69.004,0.23611,37.3331536,,5998.0,1.15,1.1,Transit,2016.0,Kepler,1097.23,Super-Earth
Kepler-127 b,Kepler-127,1.4,0.125,2.54,0.008,0.47,884.0,159.163,0.125,14.435889,,6106.0,1.359,1.248,Transit,2014.0,Kepler,352.794,Terrestrial
Kepler-127 c,Kepler-127,2.66,0.237,7.56,0.0238,0.03,698.0,61.688,0.2,29.393195,,6106.0,1.359,1.248,Transit,2014.0,Kepler,352.794,Neptunian
Kepler-127 d,Kepler-127,2.64,0.236,7.46,0.0235,0.03,590.0,31.519,0.28,48.630408,,6106.0,1.359,1.248,Transit,2014.0,Kepler,352.794,Neptunian
Kepler-1270 b,Kepler-1270,3.32,0.29619056,11.0,0.0346,0.0,1598.0,1217.395,0.07045,6.03356196,,5047.0,3.38,1.28,Transit,2016.0,Kepler,1095.05,Neptunian
Kepler-1271 b,Kepler-1271,1.48,0.13203676,2.79,0.00879,0.0,1484.0,975.181,0.04233,3.0255955,,6143.0,1.23,1.13,Transit,2016.0,Kepler,831.991,Terrestrial
Kepler-1272 b,Kepler-1272,2.37,0.21143724,6.21,0.0195,0.0,542.0,34.433,0.2705,51.1309704,,5926.0,1.09,1.06,Transit,2016.0,Kepler,1206.37,Super-Earth
Kepler-1273 b,Kepler-1273,2.49,0.22214292,6.76,0.0213,0.0,573.0,14.877,0.1857,28.625653,,5566.0,0.91,0.94,Transit,2016.0,Kepler,1114.24,Super-Earth
Kepler-1274 b,Kepler-1274,1.42,0.12668391,2.6,0.00819,0.0,1384.0,975.81,0.08161,6.98152703,,6179.0,2.17,1.45,Transit,2016.0,Kepler,614.648,Terrestrial
Kepler-1275 b,Kepler-1275,1.48,0.13203676,2.79,0.00879,0.0,1368.0,822.484,0.0488,3.65691115,,6296.0,1.36,1.23,Transit,2016.0,Kepler,1153.98,Terrestrial
Kepler-1276 b,Kepler-1276,1.19,0.10616469,1.81,0.0057,0.0,886.0,139.77,0.10863,12.5720095,,6188.0,1.21,1.14,Transit,2016.0,Kepler,538.481,Terrestrial
Kepler-1277 b,Kepler-1277,1.6,0.14274244,3.19,0.01,0.0,496.0,12.11,0.21857,40.8365012,,5578.0,0.92,0.94,Transit,2016.0,Kepler,557.193,Super-Earth
Kepler-1278 b,Kepler-1278,1.01,0.09010616,1.01,0.00317,0.0,1213.0,1314.67,0.04417,3.23941344,,6074.0,1.16,1.11,Transit,2016.0,Kepler,889.426,Terrestrial
Kepler-1279 b,Kepler-1279,1.75,0.15612454,3.71,0.0117,0.0,738.0,190.851,0.1785,23.4774101,,6221.0,1.33,1.21,Transit,2016.0,Kepler,1494.22,Super-Earth
Kepler-128 b,Kepler-128,1.421,0.12677335,3.79,0.01192467,0.0,968.0,227.398,0.12545,15.0,,6072.0,1.659,1.184,Transit,2013.0,Kepler,396.379,Terrestrial
Kepler-128 c,Kepler-128,1.521,0.13569476,3.38,0.01063467,0.037,843.0,130.979,0.16517,22.8,,6072.0,1.659,1.184,Transit,2013.0,Kepler,396.379,Super-Earth
Kepler-1280 b,Kepler-1280,1.87,0.16683023,4.16,0.0131,0.0,757.0,35.293,0.33982,66.5579057,,6227.0,1.32,1.2,Transit,2016.0,Kepler,1486.7,Super-Earth
Kepler-1281 b,Kepler-1281,1.64,0.146311,3.33,0.0105,0.0,1123.0,375.55,0.0415,3.11602791,,5353.0,0.83,0.87,Transit,2016.0,Kepler,1090.0,Super-Earth
Kepler-1282 b,Kepler-1282,1.55,0.13828174,3.02,0.00951,0.0,1418.0,672.532,0.0335,2.131946513,,5504.0,0.89,0.92,Transit,2016.0,Kepler,1103.29,Super-Earth
Kepler-1283 b,Kepler-1283,1.91,0.17039879,4.31,0.0136,0.0,764.0,80.34,0.1062,12.9460978,,6175.0,1.25,1.16,Transit,2016.0,Kepler,2921.99,Super-Earth
Kepler-1284 b,Kepler-1284,1.21,0.10794897,1.92,0.00606,0.0,1703.0,2190.082,0.0143,0.664073806,,5123.0,0.79,0.84,Transit,2016.0,Kepler,882.324,Terrestrial
Kepler-1285 b,Kepler-1285,0.97,0.0865376,0.871,0.00274,0.0,874.0,181.591,0.12758,14.7967458,,6170.0,1.28,1.2,Transit,2016.0,Kepler,422.269,Terrestrial
Kepler-1286 b,Kepler-1286,2.15,0.19181015,5.27,0.0166,0.0,888.0,151.77,0.0991,11.25402929,,5753.0,0.98,1.0,Transit,2016.0,Kepler,1354.46,Super-Earth
Kepler-1287 b,Kepler-1287,1.54,0.1373896,2.99,0.0094,0.0,796.0,78.156,0.0976,11.47685909,,5715.0,0.94,0.96,Transit,2016.0,Kepler,1003.26,Super-Earth
Kepler-1288 b,Kepler-1288,1.12,0.09991971,1.46,0.00459,0.0,2017.0,1342.5,0.04135,2.76122421,,6132.0,1.29,1.2,Transit,2016.0,Kepler,814.078,Terrestrial
Kepler-1289 b,Kepler-1289,1.52,0.13560532,2.92,0.0092,0.0,1113.0,223.442,0.0785,7.99019627,,6080.0,1.17,1.1,Transit,2016.0,Kepler,1053.57,Super-Earth
Kepler-129 b,Kepler-129,2.4,0.21411403,20.0,0.06292704,0.01,910.0,158.306,0.13,15.79,G4 V,5770.0,1.653,1.178,Transit,2014.0,Kepler,408.845,Super-Earth
Kepler-129 c,Kepler-129,2.52,0.22481973,43.0,0.13529313,0.2,525.0,17.554,0.39,82.2,G4 V,5770.0,1.653,1.178,Transit,2014.0,Kepler,408.845,Neptunian
Kepler-129 d,Kepler-129,12.6,1.12,2637.9757781,8.3,0.15,,,4.0,2646.0,G4 V,5770.0,1.653,1.178,Radial Velocity,2021.0,W. M. Keck Observatory,408.845,Gas Giant
Kepler-1290 b,Kepler-1290,1.42,0.12668391,2.6,0.00819,0.0,1098.0,443.221,0.0557,4.69500134,,5660.0,0.93,0.95,Transit,2016.0,Kepler,1593.7,Terrestrial
Kepler-1291 b,Kepler-1291,1.66,0.14809528,3.39,0.0107,0.0,739.0,62.823,0.0779,8.63043276,,5216.0,0.8,0.84,Transit,2016.0,Kepler,897.352,Super-Earth
Kepler-1292 b,Kepler-1292,1.82,0.16236952,3.97,0.0125,0.0,1195.0,521.101,0.0443,3.27646405,,5556.0,0.93,0.95,Transit,2016.0,Kepler,1493.43,Super-Earth
Kepler-1293 b,Kepler-1293,0.97,0.0865376,0.871,0.00274,0.0,1183.0,929.122,0.06763,5.57654784,,6241.0,1.28,1.18,Transit,2016.0,Kepler,1028.16,Terrestrial
Kepler-1294 b,Kepler-1294,3.19,0.28459274,10.3,0.0324,0.0,401.0,12.362,0.4684,115.6862258,,5776.0,0.97,0.99,Transit,2016.0,Kepler,1855.7,Neptunian
Kepler-1295 b,Kepler-1295,1.55,0.13828174,3.02,0.00951,0.0,1029.0,279.941,0.0464,3.81371974,,5486.0,0.89,0.92,Transit,2016.0,Kepler,1174.46,Super-Earth
Kepler-1296 b,Kepler-1296,0.91,0.08118476,0.693,0.00218,0.0,1285.0,399.015,0.0896,8.3839865,,5359.0,0.83,0.87,Transit,2016.0,Kepler,1551.54,Terrestrial
Kepler-1297 b,Kepler-1297,0.97,0.0865376,0.871,0.00274,0.0,1790.0,2760.593,0.0283,1.68189002,,5818.0,0.99,0.99,Transit,2016.0,Kepler,1439.47,Terrestrial
Kepler-1298 b,Kepler-1298,1.31,0.11687037,2.27,0.00714,0.0,1373.0,1003.027,0.0814,7.12811928,,6339.0,2.0,1.45,Transit,2016.0,Kepler,544.163,Terrestrial
Kepler-1299 b,Kepler-1299,2.98,0.26585779,9.17,0.0288,0.0,588.0,45.146,0.1357,19.9400874,,5609.0,0.91,0.94,Transit,2016.0,Kepler,1404.94,Neptunian
Kepler-130 b,Kepler-130,1.02,0.091,1.04,0.00328,0.15,982.0,221.731,0.079,8.457458,,5884.0,1.127,0.927,Transit,2014.0,Kepler,316.663,Terrestrial
Kepler-130 c,Kepler-130,2.9,0.259,8.75,0.0275,0.0,683.0,46.011,0.178,27.50868,,5879.0,1.17,1.0,Transit,2014.0,Kepler,316.663,Neptunian
Kepler-130 d,Kepler-130,1.64,0.146,3.33,0.0105,0.8,451.0,9.834,0.377,87.517905,,5884.0,1.127,0.927,Transit,2014.0,Kepler,316.663,Super-Earth
Kepler-1300 b,Kepler-1300,1.37,0.12222321,2.45,0.00771,0.0,954.0,149.409,0.16005,22.2419092,,6130.0,1.79,1.29,Transit,2016.0,Kepler,777.025,Terrestrial
Kepler-1301 b,Kepler-1301,1.4,0.12489963,2.54,0.008,0.0,734.0,76.139,0.0815,9.08237046,,5188.0,0.81,0.85,Transit,2016.0,Kepler,854.28,Terrestrial
Kepler-1302 b,Kepler-1302,1.43,0.12757605,2.63,0.00829,0.0,778.0,58.344,0.0795,8.83922659,,5236.0,0.82,0.86,Transit,2016.0,Kepler,634.58,Terrestrial
Kepler-1303 b,Kepler-1303,1.42,0.12668391,2.6,0.00819,0.0,891.0,182.375,0.0751,7.56127224,,5771.0,1.0,1.01,Transit,2016.0,Kepler,897.783,Terrestrial
Kepler-1304 b,Kepler-1304,2.29,0.20430012,5.86,0.0184,0.0,715.0,61.87,0.1202,16.1288853,,5259.0,0.81,0.85,Transit,2016.0,Kepler,2176.08,Super-Earth
Kepler-1305 b,Kepler-1305,1.88,0.16772237,4.19,0.0132,0.0,733.0,103.51,0.1109,13.5630972,,5701.0,0.96,0.97,Transit,2016.0,Kepler,1575.23,Super-Earth
Kepler-1306 b,Kepler-1306,1.91,0.17039879,4.31,0.0136,0.0,678.0,52.146,0.123,16.29595382,,5727.0,0.97,0.98,Transit,2016.0,Kepler,1107.5,Super-Earth
Kepler-1307 b,Kepler-1307,2.47,0.22035864,6.66,0.021,0.0,768.0,41.185,0.1369,18.01621096,,5884.0,1.08,1.06,Transit,2016.0,Kepler,1014.62,Super-Earth
Kepler-1308 b,Kepler-1308,0.52,0.04639129,0.0933,0.000293,0.0,662.0,58.108,0.025,2.104338119,,3468.0,0.34,0.35,Transit,2016.0,Kepler,112.705,Terrestrial
Kepler-1309 b,Kepler-1309,2.37,0.21143724,6.21,0.0195,0.0,491.0,13.77,0.1679,28.8432647,,5235.0,0.8,0.85,Transit,2016.0,Kepler,845.0,Super-Earth
Kepler-131 b,Kepler-131,2.41,0.215,16.13,0.051,0.0,718.0,66.122,0.12789,16.092,,5685.0,1.03,1.02,Transit,2014.0,Kepler,228.678,Super-Earth
Kepler-131 c,Kepler-131,0.84,0.075,8.25,0.026,0.0,615.0,35.736,0.17391,25.5169,,5685.0,1.03,1.02,Transit,2014.0,Kepler,228.678,Terrestrial
Kepler-1310 b,Kepler-1310,1.44,0.1284682,2.67,0.00839,0.0,1883.0,2830.91,0.01452,0.679336272,,5549.0,0.88,0.91,Transit,2016.0,Kepler,569.185,Terrestrial
Kepler-1311 b,Kepler-1311,1.24,0.11062539,2.07,0.00651,0.0,1019.0,296.92,0.10082,11.1726994,,5748.0,1.4,1.05,Transit,2016.0,Kepler,866.331,Terrestrial
Kepler-1311 c,Kepler-1311,1.22,0.10884111,1.98,0.00624,0.0,1671.0,2144.553,0.03753,2.53573424,,5748.0,1.4,1.05,Transit,2016.0,Kepler,866.331,Terrestrial
Kepler-1311 d,Kepler-1311,9.65837605,0.86166408,67.5,0.212,0.0,391.0,6.0,0.68434,197.5110016,,5616.0,1.674,1.032,Transit,2021.0,Kepler,866.331,Gas Giant
Kepler-1312 b,Kepler-1312,2.1,0.18734945,5.06,0.0159,0.0,978.0,219.117,0.06053,5.448325286,,5719.0,0.92,0.99,Transit,2016.0,Kepler,299.104,Super-Earth
Kepler-1312 c,Kepler-1312,1.02732734,0.09165216,1.07,0.00337,0.0,1659.0,1770.2,0.02103,1.116119981,,5721.0,0.905,0.983,Transit,2021.0,Kepler,299.104,Terrestrial
Kepler-1313 b,Kepler-1313,1.76,0.15701668,3.75,0.0118,0.0,1012.0,227.198,0.04619,3.833091178,,5453.0,0.85,0.92,Transit,2016.0,Kepler,174.234,Super-Earth
Kepler-1314 b,Kepler-1314,5.11,0.45588366,22.9,0.072,0.0,625.0,36.05,0.0504,5.424749281,,4188.0,0.59,0.6,Transit,2016.0,Kepler,141.98685057,Neptunian
Kepler-1315 b,Kepler-1315,1.38,0.12311535,2.48,0.0078,0.0,1541.0,897.9,0.01617,0.84338011,,4861.0,0.75,0.8,Transit,2016.0,Kepler,480.869,Terrestrial
Kepler-1315 c,Kepler-1315,1.84398883,0.16450995,4.06,0.0128,0.0,777.0,57.6,0.0635,6.566060066,,4818.0,0.856,0.809,Transit,2021.0,Kepler,480.869,Super-Earth
Kepler-1316 b,Kepler-1316,3.54,0.31581765,12.3,0.0386,0.0,446.0,10.714,0.39765,87.9732136,,5884.0,1.12,1.04,Transit,2016.0,Kepler,800.871,Neptunian
Kepler-1317 b,Kepler-1317,1.56,0.13917388,3.05,0.00961,0.0,1796.0,2413.261,0.0128,0.568874427,,5144.0,0.79,0.83,Transit,2016.0,Kepler,728.303,Super-Earth
Kepler-1318 b,Kepler-1318,3.11,0.27745562,9.85,0.031,0.0,202.0,0.492,0.6085,213.257663,,4598.0,0.7,0.73,Transit,2016.0,Kepler,475.248,Neptunian
Kepler-1319 b,Kepler-1319,1.34,0.11954679,2.36,0.00742,0.33,557.0,38.452,0.0296,2.886762645,,3655.0,0.54,0.56,Transit,2016.0,Kepler,103.917,Terrestrial
Kepler-132 b,Kepler-132,1.21,0.108,1.92,0.00606,0.0,1082.0,284.8,0.067,6.178196,,6003.0,1.178,0.929,Transit,2014.0,Kepler,349.549,Terrestrial
Kepler-132 c,Kepler-132,1.28,0.114,2.18,0.00687,0.0,1069.0,271.0,0.068,6.414914,,6003.0,1.178,0.929,Transit,2014.0,Kepler,349.549,Terrestrial
Kepler-132 d,Kepler-132,1.55,0.138,3.02,0.00951,0.0,758.0,68.6,0.136,18.010199,,6003.0,1.178,0.929,Transit,2014.0,Kepler,349.549,Super-Earth
Kepler-132 e,Kepler-132,1.18,0.10527255,1.76,0.00553,0.0,414.0,6.1,0.43927,110.2869374,,6023.0,1.1,1.03,Transit,2016.0,Kepler,349.549,Terrestrial
Kepler-1320 b,Kepler-1320,1.7,0.15166384,3.53,0.0111,0.0,1389.0,672.113,0.0163,0.868386528,,4817.0,0.74,0.8,Transit,2016.0,Kepler,647.424,Super-Earth
Kepler-1321 b,Kepler-1321,4.92,0.438933,21.5,0.0676,0.0,408.0,13.547,0.0781,11.12830484,,4094.0,0.53,0.54,Transit,2016.0,Kepler,769.146,Neptunian
Kepler-1321 c,Kepler-1321,2.4,0.21411366,6.35,0.02,0.0,697.0,115.909,0.0267,2.226491086,,4094.0,0.53,0.54,Transit,2016.0,Kepler,769.146,Super-Earth
Kepler-1321 d,Kepler-1321,2.62843782,0.23449392,7.41,0.0233,0.0,509.0,15.84,0.0501,5.720920086,,3640.0,0.503,0.513,Transit,2021.0,Kepler,769.146,Neptunian
Kepler-1322 b,Kepler-1322,1.61,0.14363458,3.22,0.0101,0.0,1666.0,2651.424,0.0183,0.962867382,,5488.0,0.87,0.9,Transit,2016.0,Kepler,1350.32,Super-Earth
Kepler-1322 c,Kepler-1322,2.15492527,0.19224989,5.29,0.0166,0.0,883.0,144.06,0.0652,6.459980011,,5704.0,0.804,0.897,Transit,2021.0,Kepler,1350.32,Super-Earth
Kepler-1323 b,Kepler-1323,1.52,0.13560532,2.92,0.0092,0.0,2291.0,5067.603,0.01911,0.929906678,,6169.0,1.4,1.18,Transit,2016.0,Kepler,465.417,Super-Earth
Kepler-1324 b,Kepler-1324,1.51,0.13471318,2.89,0.00909,0.0,895.0,98.414,0.0466,4.115844679,,4776.0,0.73,0.78,Transit,2016.0,Kepler,481.667,Super-Earth
Kepler-1325 b,Kepler-1325,2.86,0.25515211,8.55,0.0269,0.0,564.0,18.153,0.2004,33.8786838,,5550.0,0.91,0.93,Transit,2016.0,Kepler,973.368,Neptunian
Kepler-1326 b,Kepler-1326,4.18,0.37291462,16.3,0.0512,0.0,938.0,47.84,0.2743,42.3514267,,6725.0,1.74,1.45,Transit,2016.0,Kepler,698.326,Neptunian
Kepler-1327 b,Kepler-1327,1.8,0.16058524,3.89,0.0123,0.0,831.0,79.9,0.11151,14.88801098,,5885.0,1.03,1.02,Transit,2016.0,Kepler,678.069,Super-Earth
Kepler-1328 b,Kepler-1328,0.98,0.08742974,0.904,0.00284,0.0,1214.0,545.672,0.052,4.52158888,,5780.0,0.99,1.0,Transit,2016.0,Kepler,813.543,Terrestrial
Kepler-1329 b,Kepler-1329,2.17,0.19359443,5.35,0.0168,0.0,577.0,26.645,0.0747,9.33646594,,4500.0,0.69,0.72,Transit,2016.0,Kepler,588.037,Super-Earth
Kepler-133 b,Kepler-133,1.76,0.157,3.75,0.0118,0.0,1041.0,408.58,0.083,8.129976,,5736.0,1.425,1.02,Transit,2014.0,Kepler,653.6,Super-Earth
Kepler-133 c,Kepler-133,2.84,0.253,8.45,0.0266,0.0,663.0,67.161,0.204,31.517586,,5736.0,1.425,1.02,Transit,2014.0,Kepler,653.6,Neptunian
Kepler-1330 b,Kepler-1330,1.65,0.14720314,3.36,0.0106,0.0,879.0,322.399,0.0889,10.10769068,,5608.0,0.94,0.97,Transit,2016.0,Kepler,1720.48,Super-Earth
Kepler-1331 b,Kepler-1331,1.05,0.09367473,1.16,0.00364,0.0,1244.0,547.294,0.0142,0.789161653,,4508.0,0.69,0.72,Transit,2016.0,Kepler,319.197,Terrestrial
Kepler-1332 b,Kepler-1332,1.37,0.12222321,2.45,0.00771,0.0,728.0,77.559,0.09915,11.87456832,,5581.0,0.9,0.95,Transit,2016.0,Kepler,528.685,Terrestrial
Kepler-1333 b,Kepler-1333,2.81,0.25069141,8.3,0.0261,0.0,428.0,3.298,0.4382,109.6471842,,5628.0,0.92,0.94,Transit,2016.0,Kepler,932.446,Neptunian
Kepler-1334 b,Kepler-1334,2.29,0.20430012,5.86,0.0184,0.0,710.0,78.355,0.1229,15.64591713,,5614.0,0.91,0.94,Transit,2016.0,Kepler,1223.04,Super-Earth
Kepler-1335 b,Kepler-1335,1.45,0.12936034,2.7,0.00849,0.0,809.0,80.741,0.0615,6.26406846,,4903.0,0.74,0.77,Transit,2016.0,Kepler,621.853,Terrestrial
Kepler-1336 b,Kepler-1336,1.98,0.17664377,4.58,0.0144,0.0,793.0,103.72,0.15845,23.198681,,5512.0,1.3,0.94,Transit,2016.0,Kepler,1126.64,Super-Earth
Kepler-1336 c,Kepler-1336,1.71,0.15255598,3.57,0.0112,0.0,1260.0,662.713,0.06272,5.77721211,,5512.0,1.3,0.94,Transit,2016.0,Kepler,1126.64,Super-Earth
Kepler-1337 b,Kepler-1337,2.41,0.2150058,6.39,0.0201,0.0,437.0,9.183,0.1441,24.4002549,,4523.0,0.67,0.7,Transit,2016.0,Kepler,601.629,Super-Earth
Kepler-1338 b,Kepler-1338,0.92,0.0820769,0.721,0.00227,0.0,2124.0,4712.111,0.01937,0.935118057,,5909.0,1.05,1.04,Transit,2016.0,Kepler,753.26,Terrestrial
Kepler-1339 b,Kepler-1339,0.71,0.06334196,0.285,0.000896,0.0,1642.0,3094.817,0.02356,1.341555127,,5586.0,0.93,0.94,Transit,2016.0,Kepler,371.049,Terrestrial
Kepler-134 b,Kepler-134,2.0,0.178,4.66,0.0147,0.0,1105.0,301.367,0.06,5.317429,,5983.0,1.176,0.956,Transit,2014.0,Kepler,334.797,Super-Earth
Kepler-134 c,Kepler-134,1.26,0.112,2.13,0.00669,0.0,892.0,128.086,0.092,10.105785,,5983.0,1.176,0.956,Transit,2014.0,Kepler,334.797,Terrestrial
Kepler-1340 b,Kepler-1340,1.55,0.13828174,3.02,0.00951,0.0,2174.0,4793.001,0.01523,0.665026916,,6331.0,1.42,1.27,Transit,2016.0,Kepler,981.779,Super-Earth
Kepler-1341 b,Kepler-1341,2.99,0.26674993,9.22,0.029,0.0,241.0,1.141,0.47267,132.9968322,,4662.0,0.72,0.79,Transit,2016.0,Kepler,476.957,Neptunian
Kepler-1342 b,Kepler-1342,1.66,0.14809528,3.39,0.0107,0.0,1283.0,559.275,0.0313,2.215710358,,5527.0,0.9,0.93,Transit,2016.0,Kepler,890.724,Super-Earth
Kepler-1343 b,Kepler-1343,1.93,0.17218307,4.38,0.0138,0.0,1294.0,1021.904,0.0449,3.35183158,,5759.0,0.93,0.95,Transit,2016.0,Kepler,1756.71,Super-Earth
Kepler-1344 b,Kepler-1344,1.84,0.1641538,4.04,0.0127,0.0,1219.0,425.169,0.05501,4.7683049,,5981.0,1.13,1.09,Transit,2016.0,Kepler,853.959,Super-Earth
Kepler-1345 b,Kepler-1345,2.36,0.2105451,6.17,0.0194,0.0,693.0,68.469,0.26412,44.6169557,,6449.0,1.55,1.32,Transit,2016.0,Kepler,1355.02,Super-Earth
Kepler-1346 b,Kepler-1346,1.58,0.14095816,3.12,0.00982,0.0,1236.0,545.575,0.044,3.40165668,,6133.0,1.21,1.14,Transit,2016.0,Kepler,843.701,Super-Earth
Kepler-1347 b,Kepler-1347,1.03,0.09189045,1.08,0.0034,0.0,617.0,34.32,0.104,14.00947528,,5193.0,0.79,0.82,Transit,2016.0,Kepler,321.0,Terrestrial
Kepler-1348 b,Kepler-1348,1.94,0.17307521,4.42,0.0139,0.0,636.0,49.665,0.1834,27.5722742,,5911.0,1.04,1.04,Transit,2016.0,Kepler,1213.82,Super-Earth
Kepler-1349 b,Kepler-1349,0.7,0.06244982,0.271,0.000852,0.0,1668.0,1862.33,0.03421,2.12823928,,6086.0,1.28,1.16,Transit,2016.0,Kepler,276.323,Terrestrial
Kepler-135 b,Kepler-135,1.81,0.161,3.93,0.0124,0.0,1209.0,496.678,0.067,6.00253,,6090.0,1.275,1.047,Transit,2014.0,Kepler,621.855,Super-Earth
Kepler-135 c,Kepler-135,1.16,0.103,1.65,0.00521,0.0,975.0,209.967,0.103,11.448708,,6090.0,1.275,1.047,Transit,2014.0,Kepler,621.855,Terrestrial
Kepler-1350 b,Kepler-1350,2.52,0.22481934,6.9,0.0217,0.0,535.0,27.176,0.0413,4.4968604,,3827.0,0.53,0.55,Transit,2016.0,Kepler,340.691,Neptunian
Kepler-1350 c,Kepler-1350,1.73,0.15434026,3.64,0.0115,0.0,730.0,94.054,0.0222,1.766789062,,3827.0,0.53,0.55,Transit,2016.0,Kepler,340.691,Super-Earth
Kepler-1351 b,Kepler-1351,0.65,0.05798912,0.208,0.000653,0.0,1212.0,421.965,0.0156,0.916140768,,4439.0,0.67,0.7,Transit,2016.0,Kepler,202.782,Terrestrial
Kepler-1352 b,Kepler-1352,0.89,0.07940048,0.64,0.00201,0.0,1701.0,1892.586,0.02883,1.877882748,,6118.0,1.16,1.11,Transit,2016.0,Kepler,670.829,Terrestrial
Kepler-1353 b,Kepler-1353,1.8,0.16058524,3.89,0.0123,0.0,491.0,10.767,0.153,24.7543966,,4776.0,0.72,0.76,Transit,2016.0,Kepler,593.384,Super-Earth
Kepler-1354 b,Kepler-1354,2.97,0.26496565,9.11,0.0287,0.0,466.0,18.86,0.3521,76.613377,,6168.0,1.24,1.16,Transit,2016.0,Kepler,1119.45,Neptunian
Kepler-1355 b,Kepler-1355,1.46,0.13025248,2.73,0.00859,0.0,1448.0,944.873,0.0224,1.289588112,,5352.0,0.83,0.88,Transit,2016.0,Kepler,911.269,Terrestrial
Kepler-1356 b,Kepler-1356,1.53,0.13649746,2.96,0.0093,0.0,1714.0,1966.057,0.0136,0.634002937,,5106.0,0.78,0.82,Transit,2016.0,Kepler,845.228,Super-Earth
Kepler-1357 b,Kepler-1357,1.28,0.11419395,2.18,0.00687,0.0,1177.0,449.975,0.041,3.0091324,,5597.0,0.9,0.93,Transit,2016.0,Kepler,1015.69,Terrestrial
Kepler-1358 b,Kepler-1358,1.12,0.09991971,1.46,0.00459,0.0,827.0,98.834,0.0656,7.06317341,,5181.0,0.79,0.82,Transit,2016.0,Kepler,546.998,Terrestrial
Kepler-1359 b,Kepler-1359,2.83,0.25247569,8.4,0.0264,0.0,369.0,2.451,0.26657,59.4970952,,4709.0,0.72,0.78,Transit,2016.0,Kepler,614.859,Neptunian
Kepler-136 b,Kepler-136,2.05,0.183,19.8,0.062,0.0,951.0,257.984,0.106,11.5789,,6165.0,1.355,1.204,Transit,2014.0,Kepler,420.818,Super-Earth
Kepler-136 c,Kepler-136,1.99,0.178,4.62,0.0145,0.0,847.0,162.044,0.133,16.399235,,6165.0,1.355,1.204,Transit,2014.0,Kepler,420.818,Super-Earth
Kepler-1360 b,Kepler-1360,3.4,0.30332768,11.5,0.0361,0.0,933.0,82.564,0.2866,40.5286413,,6778.0,1.83,1.51,Transit,2016.0,Kepler,1516.27,Neptunian
Kepler-1361 b,Kepler-1361,0.86,0.07672406,0.566,0.00178,0.0,1061.0,186.069,0.04304,3.57554956,,5131.0,0.79,0.83,Transit,2016.0,Kepler,389.143,Terrestrial
Kepler-1362 b,Kepler-1362,2.6,0.23195646,7.27,0.0229,0.0,248.0,1.011,0.4626,136.205626,,4857.0,0.74,0.8,Transit,2016.0,Kepler,731.298,Neptunian
Kepler-1363 b,Kepler-1363,1.25,0.11151753,2.1,0.0066,0.0,988.0,191.919,0.0363,2.94194094,,4839.0,0.72,0.76,Transit,2016.0,Kepler,541.714,Terrestrial
Kepler-1364 b,Kepler-1364,2.15,0.19181015,5.27,0.0166,0.0,1299.0,672.06,0.1284,13.32196237,,6805.0,1.79,1.49,Transit,2016.0,Kepler,1056.9,Super-Earth
Kepler-1365 b,Kepler-1365,0.92,0.0820769,0.721,0.00227,0.0,969.0,456.25,0.07839,7.69993485,,5770.0,1.05,1.0,Transit,2016.0,Kepler,840.128,Terrestrial
Kepler-1365 c,Kepler-1365,0.8,0.07137122,0.437,0.00137,0.0,1137.0,864.037,0.05701,4.77468005,,5770.0,1.05,1.0,Transit,2016.0,Kepler,840.128,Terrestrial
Kepler-1366 b,Kepler-1366,1.43,0.12757605,2.63,0.00829,0.0,783.0,134.981,0.0273,2.164570968,,4070.0,0.6,0.62,Transit,2016.0,Kepler,465.826,Terrestrial
Kepler-1367 b,Kepler-1367,0.92,0.0820769,0.721,0.00227,0.0,998.0,225.233,0.0236,1.574090272,,4106.0,0.6,0.62,Transit,2016.0,Kepler,401.484,Terrestrial
Kepler-1368 b,Kepler-1368,1.65,0.14720314,3.36,0.0106,0.0,2085.0,4849.257,0.0153,0.675649486,,5906.0,1.08,1.07,Transit,2016.0,Kepler,1635.82,Super-Earth
Kepler-1369 b,Kepler-1369,2.69,0.23998573,7.7,0.0242,0.0,667.0,37.158,0.1741,25.873148,,5761.0,0.99,0.99,Transit,2016.0,Kepler,1236.56,Neptunian
Kepler-137 b,Kepler-137,1.47,0.131,2.76,0.00869,0.0,742.0,86.33,0.077,8.436387,,5187.0,0.802,0.85,Transit,2014.0,Kepler,302.979,Terrestrial
Kepler-137 c,Kepler-137,1.88,0.168,4.19,0.0132,0.0,568.0,29.775,0.13,18.735753,,5187.0,0.802,0.85,Transit,2014.0,Kepler,302.979,Super-Earth
Kepler-1370 b,Kepler-1370,1.84,0.1641538,4.04,0.0127,0.0,770.0,132.587,0.15763,20.2641684,,6202.0,1.29,1.19,Transit,2016.0,Kepler,1004.1,Super-Earth
Kepler-1370 c,Kepler-1370,1.27,0.11330181,2.15,0.00678,0.0,1075.0,503.722,0.08084,7.44142113,,6202.0,1.29,1.19,Transit,2016.0,Kepler,1004.1,Terrestrial
Kepler-1371 b,Kepler-1371,0.73,0.06512624,0.315,0.00099,0.0,1015.0,414.765,0.04214,3.4462039,,5361.0,0.83,0.87,Transit,2016.0,Kepler,515.334,Terrestrial
Kepler-1371 c,Kepler-1371,0.64,0.05709698,0.196,0.000618,0.0,1216.0,853.269,0.02937,2.00541269,,5361.0,0.83,0.87,Transit,2016.0,Kepler,515.334,Terrestrial
Kepler-1372 b,Kepler-1372,1.27,0.11330181,2.15,0.00678,0.0,1655.0,2176.358,0.024,1.311555568,,5677.0,0.97,0.98,Transit,2016.0,Kepler,1303.22,Terrestrial
Kepler-1373 b,Kepler-1373,1.16,0.10348827,1.65,0.00521,0.0,1887.0,8385.9,0.02598,1.29123275,,6299.0,1.33,1.22,Transit,2016.0,Kepler,1699.46,Terrestrial
Kepler-1374 b,Kepler-1374,2.29,0.20430012,5.86,0.0184,0.0,737.0,59.789,0.0918,10.65276707,,5323.0,0.81,0.85,Transit,2016.0,Kepler,1078.46,Super-Earth
Kepler-1375 b,Kepler-1375,1.74,0.1552324,3.68,0.0116,0.0,1543.0,2948.362,0.0471,3.3004192,,6704.0,1.78,1.47,Transit,2016.0,Kepler,1430.84,Super-Earth
Kepler-1376 b,Kepler-1376,1.05,0.09367473,1.16,0.00364,0.0,1042.0,278.902,0.0598,5.30880656,,5659.0,0.97,0.98,Transit,2016.0,Kepler,868.056,Terrestrial
Kepler-1377 b,Kepler-1377,1.25,0.11151753,2.1,0.0066,0.0,1873.0,2909.21,0.0153,0.740928422,,5218.0,0.82,0.86,Transit,2016.0,Kepler,1146.1,Terrestrial
Kepler-1378 b,Kepler-1378,2.2,0.19627085,5.48,0.0172,0.0,525.0,14.867,0.0885,11.95398936,,4407.0,0.67,0.7,Transit,2016.0,Kepler,506.434,Super-Earth
Kepler-1379 b,Kepler-1379,1.3,0.11597823,2.24,0.00705,0.0,1564.0,1600.049,0.0171,0.881841146,,5188.0,0.79,0.83,Transit,2016.0,Kepler,971.325,Terrestrial
Kepler-138 b,Kepler-138,0.64,0.05709707,0.07,0.00022024,0.02,452.0,9.9,0.0753,10.3134,M1 V,3841.0,0.535,0.535,Transit,2014.0,Kepler,66.8624,Terrestrial
Kepler-138 c,Kepler-138,1.51,0.13471341,2.3,0.00723661,0.017,410.0,6.8,0.0913,13.7815,M1 V,3841.0,0.535,0.535,Transit,2014.0,Kepler,66.8624,Super-Earth
Kepler-138 d,Kepler-138,1.51,0.13471341,2.1,0.00660734,0.01,345.0,3.4,0.1288,23.0923,M1 V,3841.0,0.535,0.535,Transit,2014.0,Kepler,66.8624,Super-Earth
Kepler-138 e,Kepler-138,0.797,0.0711,0.43,0.00135293,0.112,292.0,1.73,0.1803,38.23,M1 V,3841.0,0.535,0.535,Transit Timing Variations,2022.0,Multiple Observatories,66.8624,Terrestrial
Kepler-1380 b,Kepler-1380,1.43,0.12757605,2.63,0.00829,0.0,786.0,90.1,0.0917,10.3108245,,5570.0,0.94,0.96,Transit,2016.0,Kepler,2462.94,Terrestrial
Kepler-1381 b,Kepler-1381,2.25,0.20073156,5.69,0.0179,0.0,649.0,29.701,0.1728,25.3842686,,5747.0,0.94,0.96,Transit,2016.0,Kepler,1197.04,Super-Earth
Kepler-1382 b,Kepler-1382,1.88,0.16772237,4.19,0.0132,0.0,959.0,198.471,0.14023,16.3583055,,6161.0,1.72,1.36,Transit,2016.0,Kepler,738.261,Super-Earth
Kepler-1383 b,Kepler-1383,1.41,0.12579177,2.57,0.00809,0.0,928.0,231.396,0.11397,13.9093583,,6370.0,1.44,1.26,Transit,2016.0,Kepler,1027.21,Terrestrial
Kepler-1384 b,Kepler-1384,1.94,0.17307521,4.42,0.0139,0.0,608.0,32.23,0.1126,15.36262753,,4919.0,0.74,0.78,Transit,2016.0,Kepler,618.0,Super-Earth
Kepler-1385 b,Kepler-1385,0.85,0.07583192,0.543,0.00171,0.0,1423.0,1591.477,0.04262,2.88879862,,5732.0,1.29,1.15,Transit,2016.0,Kepler,688.795,Terrestrial
Kepler-1386 b,Kepler-1386,1.24,0.11062539,2.07,0.00651,0.0,1011.0,196.533,0.068,6.73972381,,5733.0,1.03,1.02,Transit,2016.0,Kepler,835.882,Terrestrial
Kepler-1387 b,Kepler-1387,0.93,0.08296904,0.749,0.00236,0.0,1123.0,300.312,0.031,2.279526656,,5046.0,0.77,0.82,Transit,2016.0,Kepler,455.358,Terrestrial
Kepler-1388 b,Kepler-1388,2.59,0.23106432,7.22,0.0227,0.0,434.0,17.674,0.0882,12.2854603,,4098.0,0.61,0.63,Transit,2016.0,Kepler,453.795,Neptunian
Kepler-1388 c,Kepler-1388,2.26,0.2016237,5.73,0.018,0.0,566.0,51.044,0.0519,5.53608151,,4098.0,0.61,0.63,Transit,2016.0,Kepler,453.795,Super-Earth
Kepler-1388 d,Kepler-1388,2.86,0.25515211,8.55,0.0269,0.0,363.0,8.66,0.126,20.9568158,,4098.0,0.61,0.63,Transit,2016.0,Kepler,453.795,Neptunian
Kepler-1388 e,Kepler-1388,2.46,0.2194665,6.62,0.0208,0.0,299.0,3.97,0.1861,37.6327084,,4098.0,0.61,0.63,Transit,2016.0,Kepler,453.795,Super-Earth
Kepler-1389 b,Kepler-1389,1.77,0.15790882,3.78,0.0119,0.0,300.0,1.871,0.38249,99.2530951,,5078.0,0.74,0.81,Transit,2016.0,Kepler,497.093,Super-Earth
Kepler-139 b,Kepler-139,2.94,0.262,7.0,0.02202446,0.0,752.0,64.78,0.127,15.771044,,5594.0,1.3,1.078,Transit,2014.0,Kepler,391.038,Neptunian
Kepler-139 c,Kepler-139,3.38,0.302,13.0,0.04090257,0.0,350.0,3.023,0.586,157.072878,,5594.0,1.3,1.078,Transit,2014.0,Kepler,391.038,Neptunian
Kepler-139 d,Kepler-139,1.695,0.15121803,2.0,0.0062927,0.0,972.0,172.3,0.0755533961,7.305699922,,5622.0,1.045,1.078,Transit,2023.0,Kepler,391.038,Super-Earth
Kepler-139 e,Kepler-139,13.7,1.22,378.0,1.189321,0.013121,,,3.23579639,2047.635373,,5622.0,1.045,1.078,Radial Velocity,2023.0,W. M. Keck Observatory,391.038,Gas Giant
Kepler-1390 b,Kepler-1390,1.18,0.10527255,1.76,0.00553,0.0,934.0,171.133,0.0662,6.48021673,,5753.0,0.98,0.98,Transit,2016.0,Kepler,723.431,Terrestrial
Kepler-1391 b,Kepler-1391,1.68,0.14987956,3.46,0.0109,0.0,513.0,33.335,0.30045,54.4092333,,5840.0,1.1,1.03,Transit,2016.0,Kepler,1038.35,Super-Earth
Kepler-1392 b,Kepler-1392,1.96,0.17485949,4.5,0.0142,0.0,714.0,61.42,0.1189,15.1410397,,5479.0,0.85,0.88,Transit,2016.0,Kepler,1117.0,Super-Earth
Kepler-1393 b,Kepler-1393,0.8,0.07137122,0.437,0.00137,0.0,1249.0,574.37,0.0337,2.44357812,,5697.0,0.92,0.95,Transit,2016.0,Kepler,544.456,Terrestrial
Kepler-1394 b,Kepler-1394,1.39,0.12400749,2.51,0.0079,0.0,1947.0,2023.005,0.05474,3.93766373,,6481.0,2.55,1.64,Transit,2016.0,Kepler,640.409,Terrestrial
Kepler-1395 b,Kepler-1395,0.8,0.07137122,0.437,0.00137,0.0,1311.0,730.531,0.04974,3.78470649,,6138.0,1.23,1.17,Transit,2016.0,Kepler,492.894,Terrestrial
Kepler-1396 b,Kepler-1396,2.07,0.18467303,4.94,0.0155,0.0,786.0,71.816,0.1406,18.2206421,,6195.0,1.27,1.18,Transit,2016.0,Kepler,1066.46,Super-Earth
Kepler-1397 b,Kepler-1397,1.72,0.15344812,3.61,0.0113,0.0,551.0,58.103,0.25861,47.449955,,6026.0,1.12,1.09,Transit,2016.0,Kepler,1198.25,Super-Earth
Kepler-1398 b,Kepler-1398,0.9,0.08029262,0.666,0.0021,0.0,1510.0,1249.488,0.03909,2.78815679,,6126.0,1.18,1.13,Transit,2016.0,Kepler,852.204,Terrestrial
Kepler-1398 c,Kepler-1398,1.03,0.09189045,1.08,0.0034,0.0,1324.0,738.183,0.05087,4.13827595,,6126.0,1.18,1.13,Transit,2016.0,Kepler,852.204,Terrestrial
Kepler-1399 b,Kepler-1399,1.25,0.11151753,2.1,0.0066,0.0,1610.0,1707.252,0.0276,1.638653058,,5735.0,0.96,0.97,Transit,2016.0,Kepler,1385.7,Terrestrial
Kepler-14 b,Kepler-14,12.733,1.136,2669.66,8.4,0.035,1605.0,1029.51,0.0771,6.790123,,6395.0,2.048,1.512,Transit,2011.0,Kepler,798.0,Gas Giant
Kepler-140 b,Kepler-140,1.61,0.144,3.22,0.0101,0.0,1301.0,848.695,0.045,3.25427,,6077.0,1.288,1.044,Transit,2014.0,Kepler,583.859,Super-Earth
Kepler-140 c,Kepler-140,1.8,0.161,3.89,0.0123,0.0,428.0,9.957,0.414,91.353282,,6077.0,1.288,1.044,Transit,2014.0,Kepler,583.859,Super-Earth
Kepler-1400 b,Kepler-1400,1.62,0.14452672,3.26,0.0102,0.0,725.0,44.517,0.0771,9.06689421,,5044.0,0.78,0.83,Transit,2016.0,Kepler,752.237,Super-Earth
Kepler-1401 b,Kepler-1401,1.68,0.14987956,3.46,0.0109,0.0,808.0,100.91,0.0975,11.20066445,,5964.0,1.1,1.07,Transit,2016.0,Kepler,1425.43,Super-Earth
Kepler-1402 b,Kepler-1402,0.76,0.06780266,0.363,0.00114,0.0,1789.0,2491.119,0.0322,2.03387914,,5416.0,0.87,0.9,Transit,2016.0,Kepler,1493.64,Terrestrial
Kepler-1403 b,Kepler-1403,2.14,0.19091801,5.22,0.0164,0.0,1238.0,699.644,0.064,5.19492202,,6060.0,1.15,1.11,Transit,2016.0,Kepler,2163.9,Super-Earth
Kepler-1404 b,Kepler-1404,2.01,0.17932019,4.7,0.0148,0.0,596.0,39.001,0.1143,15.9314739,,5261.0,0.8,0.84,Transit,2016.0,Kepler,962.183,Super-Earth
Kepler-1405 b,Kepler-1405,3.96,0.35328754,14.9,0.0467,0.0,565.0,33.802,0.1778,28.2274184,,5925.0,1.07,1.05,Transit,2016.0,Kepler,1530.3,Neptunian
Kepler-1406 b,Kepler-1406,1.1,0.09813543,1.37,0.0043,0.0,854.0,125.89,0.0987,11.62905828,,5892.0,1.12,1.05,Transit,2016.0,Kepler,572.403,Terrestrial
Kepler-1407 b,Kepler-1407,2.25,0.20073156,5.69,0.0179,0.0,826.0,78.667,0.1502,20.0711504,,6010.0,1.15,1.1,Transit,2016.0,Kepler,1396.41,Super-Earth
Kepler-1408 b,Kepler-1408,0.89,0.07940048,0.64,0.00201,0.0,1616.0,1982.268,0.04218,2.99793191,,6170.0,1.35,1.21,Transit,2016.0,Kepler,535.048,Terrestrial
Kepler-1409 b,Kepler-1409,1.04,0.09278259,1.12,0.00352,0.0,1733.0,1552.133,0.01553,0.764864926,,5160.0,0.79,0.83,Transit,2016.0,Kepler,694.89,Terrestrial
Kepler-141 b,Kepler-141,0.69,0.062,0.257,0.000809,0.0,968.0,228.663,0.039,3.107675,,4910.0,0.787,0.878,Transit,2014.0,Kepler,301.183,Terrestrial
Kepler-141 c,Kepler-141,1.41,0.126,2.57,0.00809,0.0,738.0,77.412,0.067,7.010606,,4910.0,0.787,0.878,Transit,2014.0,Kepler,301.183,Terrestrial
Kepler-1410 b,Kepler-1410,1.78,0.15880096,3.82,0.012,0.0,290.0,1.06,0.2543,60.866168,,4092.0,0.6,0.63,Transit,2016.0,Kepler,367.0,Super-Earth
Kepler-1411 b,Kepler-1411,2.82,0.25158355,8.35,0.0263,0.0,441.0,8.927,0.4001,86.1150888,,5664.0,0.92,0.95,Transit,2016.0,Kepler,1660.48,Neptunian
Kepler-1412 b,Kepler-1412,0.83,0.07404764,0.498,0.00157,0.0,1397.0,1087.781,0.04608,3.6146051,,5880.0,1.27,1.06,Transit,2016.0,Kepler,755.678,Terrestrial
Kepler-1413 b,Kepler-1413,1.82,0.16236952,3.97,0.0125,0.0,661.0,42.825,0.1066,13.1829642,,5196.0,0.8,0.84,Transit,2016.0,Kepler,1167.49,Super-Earth
Kepler-1414 b,Kepler-1414,1.23,0.10973325,2.04,0.00642,0.0,1033.0,209.464,0.0426,3.51576315,,4951.0,0.75,0.8,Transit,2016.0,Kepler,570.835,Terrestrial
Kepler-1415 b,Kepler-1415,1.29,0.11508609,2.21,0.00696,0.0,1846.0,2138.079,0.01416,0.63642408,,5267.0,0.84,0.89,Transit,2016.0,Kepler,1043.56,Terrestrial
Kepler-1416 b,Kepler-1416,0.88,0.07850834,0.615,0.00193,0.0,1870.0,2658.55,0.0257,1.49514952,,6019.0,1.15,1.09,Transit,2016.0,Kepler,949.59,Terrestrial
Kepler-1417 b,Kepler-1417,1.0,0.08921402,0.972,0.00306,0.0,695.0,114.332,0.14062,20.3505213,,5839.0,1.02,1.02,Transit,2016.0,Kepler,991.845,Terrestrial
Kepler-1418 b,Kepler-1418,1.66,0.14809528,3.39,0.0107,0.0,419.0,7.29,0.131,22.4764425,,4770.0,0.72,0.77,Transit,2016.0,Kepler,499.0,Super-Earth
Kepler-1419 b,Kepler-1419,2.86,0.25515211,8.55,0.0269,0.0,510.0,21.243,0.2391,42.5215895,,5796.0,1.01,1.01,Transit,2016.0,Kepler,1498.58,Neptunian
Kepler-142 b,Kepler-142,1.99,0.178,4.62,0.0145,0.0,1597.0,1247.908,0.032,2.024152,,5790.0,1.269,0.978,Transit,2014.0,Kepler,548.686,Super-Earth
Kepler-142 c,Kepler-142,2.86,0.255,8.55,0.0269,0.0,1201.0,399.444,0.057,4.761702,,5790.0,1.269,0.978,Transit,2014.0,Kepler,548.686,Neptunian
Kepler-142 d,Kepler-142,2.16,0.193,5.31,0.0167,0.0,582.0,22.072,0.242,41.809118,,5790.0,1.269,0.978,Transit,2014.0,Kepler,548.686,Super-Earth
Kepler-1420 b,Kepler-1420,1.28,0.11419395,2.18,0.00687,0.0,806.0,131.526,0.0671,6.69960006,,5187.0,0.79,0.82,Transit,2016.0,Kepler,1054.37,Terrestrial
Kepler-1421 b,Kepler-1421,0.93,0.08296904,0.749,0.00236,0.0,1209.0,649.151,0.07576,6.9131112,,6335.0,1.42,1.25,Transit,2016.0,Kepler,783.401,Terrestrial
Kepler-1422 b,Kepler-1422,2.02,0.18021233,4.74,0.0149,0.0,833.0,156.9,0.1499,18.6051942,,6194.0,1.23,1.15,Transit,2016.0,Kepler,2465.84,Super-Earth
Kepler-1423 b,Kepler-1423,1.06,0.09456687,1.2,0.00377,0.0,741.0,71.16,0.1586,23.955378,,4939.0,0.75,0.79,Transit,2016.0,Kepler,449.0,Terrestrial
Kepler-1424 b,Kepler-1424,1.16,0.10348827,1.65,0.00521,0.0,629.0,58.6,0.19068,29.6091744,,5838.0,1.07,1.02,Transit,2016.0,Kepler,661.421,Terrestrial
Kepler-1425 b,Kepler-1425,0.94,0.08386118,0.779,0.00245,0.0,676.0,216.405,0.11435,14.4541302,,5718.0,0.95,0.97,Transit,2016.0,Kepler,863.873,Terrestrial
Kepler-1426 b,Kepler-1426,1.56,0.13917388,3.05,0.00961,0.0,797.0,95.22,0.1187,14.2563227,,5831.0,1.02,1.02,Transit,2016.0,Kepler,1697.81,Super-Earth
Kepler-1427 b,Kepler-1427,1.1,0.09813543,1.37,0.0043,0.0,1844.0,2730.51,0.0197,0.968972376,,5793.0,1.01,1.01,Transit,2016.0,Kepler,1220.0,Terrestrial
Kepler-1428 b,Kepler-1428,1.64,0.146311,3.33,0.0105,0.0,1049.0,817.579,0.11051,10.67607169,,6184.0,1.36,1.28,Transit,2016.0,Kepler,1530.32,Super-Earth
Kepler-1429 b,Kepler-1429,1.29,0.11508609,2.21,0.00696,0.0,1199.0,551.156,0.055,4.48487493,,5902.0,1.07,1.05,Transit,2016.0,Kepler,1214.09,Terrestrial
Kepler-143 b,Kepler-143,2.41,0.215,6.39,0.0201,0.0,838.0,118.334,0.127,16.007583,,5848.0,1.359,0.982,Transit,2014.0,Kepler,809.467,Super-Earth
Kepler-143 c,Kepler-143,3.37,0.301,11.3,0.0355,0.0,703.0,58.7,0.181,27.082511,,5848.0,1.359,0.982,Transit,2014.0,Kepler,809.467,Neptunian
Kepler-1430 b,Kepler-1430,1.18,0.10527255,1.76,0.00553,0.0,969.0,208.54,0.0304,2.46050993,,4796.0,0.72,0.77,Transit,2016.0,Kepler,875.523,Terrestrial
Kepler-1431 b,Kepler-1431,1.47,0.13114462,2.76,0.00869,0.0,1064.0,469.819,0.0648,5.86601526,,5806.0,1.03,1.03,Transit,2016.0,Kepler,1623.24,Terrestrial
Kepler-1432 b,Kepler-1432,2.22,0.19805513,5.56,0.0175,0.0,709.0,119.237,0.1696,23.9109011,,6031.0,1.13,1.09,Transit,2016.0,Kepler,2171.87,Super-Earth
Kepler-1433 b,Kepler-1433,1.56,0.13917388,3.05,0.00961,0.0,1226.0,535.42,0.0516,4.13592271,,6097.0,1.19,1.14,Transit,2016.0,Kepler,1328.0,Super-Earth
Kepler-1434 b,Kepler-1434,1.11,0.09902757,1.41,0.00444,0.0,1320.0,925.289,0.0917,8.05333618,,6291.0,2.04,1.47,Transit,2016.0,Kepler,775.529,Terrestrial
Kepler-1435 b,Kepler-1435,0.86,0.07672406,0.566,0.00178,0.0,1331.0,893.886,0.05456,4.45343281,,6356.0,1.32,1.21,Transit,2016.0,Kepler,704.211,Terrestrial
Kepler-1436 b,Kepler-1436,1.31,0.11687037,2.27,0.00714,0.0,1001.0,772.079,0.0907,9.705716,,5972.0,1.09,1.06,Transit,2016.0,Kepler,2530.62,Terrestrial
Kepler-1437 b,Kepler-1437,1.37,0.12222321,2.45,0.00771,0.0,770.0,83.14,0.0951,10.9295461,,5557.0,0.9,0.93,Transit,2016.0,Kepler,2101.69,Terrestrial
Kepler-1438 b,Kepler-1438,0.94,0.08386118,0.779,0.00245,0.0,1490.0,561.12,0.0346,2.31942009,,5530.0,0.96,0.97,Transit,2016.0,Kepler,1154.13,Terrestrial
Kepler-1439 b,Kepler-1439,1.46,0.13025248,2.73,0.00859,0.0,420.0,9.081,0.0594,8.07392849,,3578.0,0.43,0.46,Transit,2016.0,Kepler,225.393,Terrestrial
Kepler-144 b,Kepler-144,1.33,0.119,2.33,0.00733,0.0,1253.0,426.719,0.066,5.885273,,6075.0,1.235,1.154,Transit,2014.0,Kepler,384.917,Terrestrial
Kepler-144 c,Kepler-144,1.35,0.12,2.39,0.00752,0.0,1046.0,207.247,0.094,10.104665,,6075.0,1.235,1.154,Transit,2014.0,Kepler,384.917,Terrestrial
Kepler-1440 b,Kepler-1440,1.26,0.11240967,2.13,0.00669,0.0,597.0,44.728,0.23431,39.859484,,5698.0,0.96,0.98,Transit,2016.0,Kepler,1115.35,Terrestrial
Kepler-1441 b,Kepler-1441,1.31,0.11687037,2.27,0.00714,0.0,682.0,33.046,0.2346,39.4419839,,5802.0,1.0,1.0,Transit,2016.0,Kepler,1110.48,Terrestrial
Kepler-1442 b,Kepler-1442,3.93,0.35061112,14.7,0.0461,0.0,522.0,25.972,0.40814,81.4162941,,6394.0,1.44,1.34,Transit,2016.0,Kepler,608.68,Neptunian
Kepler-1443 b,Kepler-1443,0.97,0.0865376,0.871,0.00274,0.0,1602.0,2809.165,0.03783,2.41811321,,6289.0,1.27,1.19,Transit,2016.0,Kepler,593.646,Terrestrial
Kepler-1444 b,Kepler-1444,2.18,0.19448657,5.39,0.017,0.0,581.0,25.942,0.20906,33.42035034,,5810.0,1.05,1.03,Transit,2016.0,Kepler,319.675,Super-Earth
Kepler-1445 b,Kepler-1445,0.96,0.08564546,0.84,0.00264,0.0,987.0,248.548,0.09587,10.60052251,,6150.0,1.26,1.13,Transit,2016.0,Kepler,506.357,Terrestrial
Kepler-1446 b,Kepler-1446,0.82,0.0731555,0.477,0.0015,0.0,1539.0,1213.333,0.01405,0.689967832,,4865.0,0.75,0.81,Transit,2016.0,Kepler,152.075,Terrestrial
Kepler-1447 b,Kepler-1447,2.9,0.25872067,8.75,0.0275,0.0,522.0,10.349,0.2836,56.6747285,,5722.0,0.95,0.97,Transit,2016.0,Kepler,890.296,Neptunian
Kepler-1448 b,Kepler-1448,1.61,0.14363458,3.22,0.0101,0.0,811.0,86.645,0.1058,12.27065865,,5774.0,0.93,0.95,Transit,2016.0,Kepler,768.903,Super-Earth
Kepler-1449 b,Kepler-1449,1.68,0.14987956,3.46,0.0109,0.0,867.0,271.885,0.1176,13.2274528,,5979.0,1.1,1.08,Transit,2016.0,Kepler,2006.48,Super-Earth
Kepler-145 b,Kepler-145,2.65,0.236,37.1,0.117,0.43,873.0,154.705,0.17308,22.951,,6022.0,1.85,1.32,Transit,2013.0,Kepler,566.85,Neptunian
Kepler-145 c,Kepler-145,4.32,0.385,79.4,0.25,0.11,709.0,67.193,0.26244,42.882,,6022.0,1.85,1.32,Transit,2013.0,Kepler,566.85,Neptunian
Kepler-1450 b,Kepler-1450,1.71,0.15255598,3.57,0.0112,0.0,308.0,3.078,0.2401,54.5094166,,4524.0,0.68,0.71,Transit,2016.0,Kepler,505.829,Super-Earth
Kepler-1451 b,Kepler-1451,3.35,0.29886698,11.2,0.0352,0.0,523.0,18.751,0.2101,35.622233,,5782.0,0.99,1.0,Transit,2016.0,Kepler,1058.72,Neptunian
Kepler-1452 b,Kepler-1452,2.7,0.24087787,7.75,0.0244,0.0,810.0,73.501,0.25764,42.913751,,6101.0,2.06,1.41,Transit,2016.0,Kepler,996.32,Neptunian
Kepler-1453 b,Kepler-1453,2.67,0.23820145,7.61,0.0239,0.0,503.0,11.889,0.262,47.1611696,,5665.0,0.94,0.97,Transit,2016.0,Kepler,1196.04,Neptunian
Kepler-1454 b,Kepler-1454,1.88,0.16772237,4.19,0.0132,0.0,492.0,9.08,0.2447,47.0319479,,5448.0,0.86,0.9,Transit,2016.0,Kepler,780.566,Super-Earth
Kepler-1455 b,Kepler-1455,2.16,0.19270229,5.31,0.0167,0.0,298.0,1.533,0.2149,49.276764,,4075.0,0.6,0.62,Transit,2016.0,Kepler,357.621,Super-Earth
Kepler-1456 b,Kepler-1456,1.14,0.10170399,1.55,0.00489,0.0,433.0,8.234,0.1132,18.1373829,,4231.0,0.62,0.64,Transit,2016.0,Kepler,370.312,Terrestrial
Kepler-1457 b,Kepler-1457,1.99,0.17753591,4.62,0.0145,0.0,478.0,23.468,0.26391,51.1110243,,5866.0,1.01,1.01,Transit,2016.0,Kepler,889.885,Super-Earth
Kepler-1458 b,Kepler-1458,2.76,0.24623071,8.05,0.0253,0.0,493.0,8.293,0.24869,47.9872764,,5653.0,0.94,0.96,Transit,2016.0,Kepler,544.45,Neptunian
Kepler-1459 b,Kepler-1459,1.36,0.12133107,2.42,0.00761,0.0,349.0,3.511,0.2829,62.8691611,,4828.0,0.74,0.78,Transit,2016.0,Kepler,455.479,Terrestrial
Kepler-146 b,Kepler-146,3.71,0.331,13.3,0.0418,0.0,639.0,32.89,0.2,31.158799,,5948.0,1.208,1.079,Transit,2014.0,Kepler,716.797,Neptunian
Kepler-146 c,Kepler-146,3.13,0.279,9.96,0.0313,0.0,473.0,9.887,0.364,76.732171,,5948.0,1.208,1.079,Transit,2014.0,Kepler,716.797,Neptunian
Kepler-1460 b,Kepler-1460,1.96,0.17485949,4.5,0.0142,0.0,391.0,5.469,0.1614,29.9633247,,4422.0,0.67,0.7,Transit,2016.0,Kepler,553.218,Super-Earth
Kepler-1461 b,Kepler-1461,2.03,0.18110447,4.78,0.015,0.0,451.0,8.88,0.1715,29.3494775,,4919.0,0.74,0.79,Transit,2016.0,Kepler,679.106,Super-Earth
Kepler-1462 b,Kepler-1462,3.82,0.34079757,14.0,0.044,0.0,390.0,4.704,0.3094,65.6488341,,5756.0,1.0,1.0,Transit,2016.0,Kepler,1017.82,Neptunian
Kepler-1463 b,Kepler-1463,1.86,0.16593809,4.12,0.013,0.0,619.0,57.634,0.1694,25.15864,,5679.0,0.95,0.96,Transit,2016.0,Kepler,1687.47,Super-Earth
Kepler-1464 b,Kepler-1464,1.66,0.14809528,3.39,0.0107,0.0,564.0,89.473,0.20066,31.7785901,,5828.0,1.01,1.02,Transit,2016.0,Kepler,1151.73,Super-Earth
Kepler-1464 c,Kepler-1464,1.0,0.08921402,0.972,0.00306,0.0,1023.0,968.555,0.06101,5.32786292,,5828.0,1.01,1.02,Transit,2016.0,Kepler,1151.73,Terrestrial
Kepler-1465 b,Kepler-1465,1.77,0.15790882,3.78,0.0119,0.0,668.0,6.246,0.1939,31.8277111,,4726.0,0.71,0.75,Transit,2016.0,Kepler,359.497,Super-Earth
Kepler-1466 b,Kepler-1466,1.55,0.13828174,3.02,0.00951,0.0,585.0,21.875,0.17981,31.1750448,,5884.0,1.02,1.01,Transit,2016.0,Kepler,631.949,Super-Earth
Kepler-1467 b,Kepler-1467,3.3,0.29440628,10.9,0.0343,0.0,411.0,7.917,0.2388,47.0569043,,5332.0,0.82,0.86,Transit,2016.0,Kepler,852.888,Neptunian
Kepler-1468 b,Kepler-1468,1.73,0.15434026,3.64,0.0115,0.0,1093.0,481.352,0.0817,8.23984869,,5893.0,1.05,1.04,Transit,2016.0,Kepler,1899.24,Super-Earth
Kepler-1468 c,Kepler-1468,1.15,0.10259613,1.6,0.00505,0.0,1448.0,1479.567,0.0466,3.54553021,,5893.0,1.05,1.04,Transit,2016.0,Kepler,1899.24,Terrestrial
Kepler-1468 d,Kepler-1468,3.33187146,0.29725017,11.1,0.0349,0.0,819.0,52.77,0.1456,19.59059906,,5794.0,1.496,1.072,Transit,2021.0,Kepler,1899.24,Neptunian
Kepler-1469 b,Kepler-1469,2.8,0.24979927,8.25,0.0259,0.0,551.0,24.901,0.1466,21.8635301,,5507.0,0.89,0.92,Transit,2016.0,Kepler,1159.3,Neptunian
Kepler-147 b,Kepler-147,1.53,0.136,2.96,0.0093,0.0,953.0,224.61,0.113,12.610584,,6012.0,1.468,1.145,Transit,2014.0,Kepler,1042.02,Super-Earth
Kepler-147 c,Kepler-147,2.43,0.217,6.48,0.0204,0.0,689.0,61.287,0.216,33.416423,,6012.0,1.468,1.145,Transit,2014.0,Kepler,1042.02,Super-Earth
Kepler-1470 b,Kepler-1470,1.07,0.09545901,1.24,0.0039,0.0,574.0,23.918,0.116,16.2950903,,4961.0,0.76,0.8,Transit,2016.0,Kepler,590.601,Terrestrial
Kepler-1471 b,Kepler-1471,1.41,0.12579177,2.57,0.00809,0.0,1238.0,314.233,0.0453,3.63899398,,5660.0,0.93,0.95,Transit,2016.0,Kepler,978.678,Terrestrial
Kepler-1471 c,Kepler-1471,1.88,0.16772265,4.19,0.0132,0.0,841.0,118.5,0.0981,11.6044881,,5533.0,1.166,0.934,Transit,2023.0,Kepler,978.678,Super-Earth
Kepler-1472 b,Kepler-1472,1.9,0.16950665,4.27,0.0134,0.0,613.0,57.079,0.2322,38.1312831,,6159.0,1.25,1.16,Transit,2016.0,Kepler,1479.14,Super-Earth
Kepler-1473 b,Kepler-1473,1.19,0.10616469,1.81,0.0057,0.0,783.0,111.011,0.11606,14.4273551,,6046.0,1.09,1.09,Transit,2016.0,Kepler,652.253,Terrestrial
Kepler-1474 b,Kepler-1474,2.16,0.19270229,5.31,0.0167,0.0,561.0,21.392,0.2108,36.4333452,,5870.0,1.04,1.04,Transit,2016.0,Kepler,1180.9,Super-Earth
Kepler-1475 b,Kepler-1475,2.92,0.26050495,8.85,0.0279,0.0,441.0,13.76,0.373,82.177374,,6214.0,1.28,1.18,Transit,2016.0,Kepler,1568.38,Neptunian
Kepler-1476 b,Kepler-1476,1.67,0.14898742,3.43,0.0108,0.0,860.0,75.641,0.0932,10.35863224,,5663.0,0.96,0.98,Transit,2016.0,Kepler,1002.74,Super-Earth
Kepler-1477 b,Kepler-1477,1.18,0.10527255,1.76,0.00553,0.0,674.0,78.163,0.0911,11.55530021,,5100.0,0.78,0.81,Transit,2016.0,Kepler,680.828,Terrestrial
Kepler-1478 b,Kepler-1478,1.73,0.15434026,3.64,0.0115,0.0,598.0,85.282,0.1681,26.0840594,,5904.0,1.06,1.04,Transit,2016.0,Kepler,1845.58,Super-Earth
Kepler-1479 b,Kepler-1479,1.83,0.16326166,4.01,0.0126,0.0,746.0,98.574,0.11341,14.53261362,,5796.0,0.98,0.99,Transit,2016.0,Kepler,728.668,Super-Earth
Kepler-148 b,Kepler-148,1.8,0.161,3.89,0.0123,0.0,1284.0,609.017,0.028,1.729366,,5272.0,0.851,0.86,Transit,2014.0,Kepler,791.163,Super-Earth
Kepler-148 c,Kepler-148,3.6,0.321,12.6,0.0398,0.0,957.0,187.197,0.05,4.180043,,5272.0,0.851,0.86,Transit,2014.0,Kepler,791.163,Neptunian
Kepler-148 d,Kepler-148,8.68,0.77437773,56.3,0.177,0.0,413.0,6.532,0.2607,51.84688575,,5172.0,0.81,0.86,Transit,2016.0,Kepler,791.163,Gas Giant
Kepler-1480 b,Kepler-1480,1.67,0.14898742,3.43,0.0108,0.0,721.0,16.317,0.1525,22.12679948,,5156.0,0.81,0.85,Transit,2016.0,Kepler,500.892,Super-Earth
Kepler-1481 b,Kepler-1481,1.23,0.10973325,2.04,0.00642,0.0,797.0,71.94,0.059,5.94220998,,4908.0,0.75,0.8,Transit,2016.0,Kepler,459.076,Terrestrial
Kepler-1482 b,Kepler-1482,1.01,0.09010616,1.01,0.00317,0.0,678.0,86.499,0.09968,12.25383217,,5381.0,0.84,0.88,Transit,2016.0,Kepler,567.556,Terrestrial
Kepler-1483 b,Kepler-1483,1.52,0.13560532,2.92,0.0092,0.0,1131.0,265.018,0.0958,9.5085156,,6337.0,1.4,1.25,Transit,2016.0,Kepler,1273.78,Super-Earth
Kepler-1484 b,Kepler-1484,2.11,0.18824159,5.1,0.016,0.0,624.0,35.92,0.1939,30.4549136,,5730.0,0.92,0.94,Transit,2016.0,Kepler,2879.83,Super-Earth
Kepler-1485 b,Kepler-1485,1.47,0.13114462,2.76,0.00869,0.0,728.0,85.176,0.14732,19.9157725,,6087.0,1.12,1.11,Transit,2016.0,Kepler,615.66,Terrestrial
Kepler-1486 b,Kepler-1486,2.32,0.20697654,5.99,0.0189,0.0,538.0,22.372,0.2846,54.6495759,,5965.0,1.12,1.08,Transit,2016.0,Kepler,1769.14,Super-Earth
Kepler-1487 b,Kepler-1487,2.13,0.19002587,5.18,0.0163,0.0,1682.0,323.294,0.0898,7.31946363,,6541.0,1.63,1.38,Transit,2016.0,Kepler,1014.62,Super-Earth
Kepler-1487 c,Kepler-1487,7.97,0.711037,48.7,0.153,0.0,991.0,227.68,0.2588,35.8007112,,5745.0,3.955,1.801,Transit,2023.0,Kepler,1014.62,Gas Giant
Kepler-1488 b,Kepler-1488,1.86,0.16593809,4.12,0.013,0.0,650.0,73.335,0.24153,39.8189932,,5820.0,1.31,1.05,Transit,2016.0,Kepler,905.825,Super-Earth
Kepler-1488 c,Kepler-1488,1.65156749,0.14734324,3.37,0.0106,0.0,1212.0,760.6,0.06959,6.158269882,,5710.0,1.524,1.003,Transit,2021.0,Kepler,905.825,Super-Earth
Kepler-1489 b,Kepler-1489,1.77,0.15790882,3.78,0.0119,0.0,400.0,11.893,0.3679,82.294751,G,5655.0,0.9,0.93,Transit,2016.0,Kepler,1283.05,Super-Earth
Kepler-149 b,Kepler-149,4.21,0.376,16.5,0.0519,0.0,540.0,23.64,0.184,29.198943,,5381.0,0.953,1.013,Transit,2014.0,Kepler,571.034,Neptunian
Kepler-149 c,Kepler-149,1.61,0.144,3.22,0.0101,0.0,436.0,10.084,0.281,55.328328,,5381.0,0.953,1.013,Transit,2014.0,Kepler,571.034,Super-Earth
Kepler-149 d,Kepler-149,3.96,0.353,14.9,0.0467,0.0,306.0,2.446,0.571,160.018032,,5381.0,0.953,1.013,Transit,2014.0,Kepler,571.034,Neptunian
Kepler-1490 b,Kepler-1490,3.04,0.27121063,9.48,0.0298,0.0,348.0,3.788,0.3729,92.4362973,,5515.0,0.87,0.9,Transit,2016.0,Kepler,862.92,Neptunian
Kepler-1491 b,Kepler-1491,1.51,0.13471318,2.89,0.00909,0.0,821.0,138.108,0.127,16.5861762,,5728.0,0.99,1.0,Transit,2016.0,Kepler,2065.59,Super-Earth
Kepler-1491 c,Kepler-1491,2.44,0.21768259,6.53,0.0205,0.0,530.0,18.66,0.3045,61.569765,,5626.0,1.389,0.991,Transit,2023.0,Kepler,2065.59,Super-Earth
Kepler-1492 b,Kepler-1492,1.49,0.1329289,2.83,0.00889,0.0,801.0,11.523,0.1262,16.75255007,,4712.0,0.72,0.77,Transit,2016.0,Kepler,331.553,Terrestrial
Kepler-1493 b,Kepler-1493,1.41,0.12579177,2.57,0.00809,0.0,874.0,137.91,0.1197,15.0217983,,5863.0,1.29,1.06,Transit,2016.0,Kepler,555.051,Terrestrial
Kepler-1494 b,Kepler-1494,3.07,0.27388706,9.64,0.0303,0.0,415.0,9.113,0.3982,91.080482,,5659.0,0.94,0.96,Transit,2016.0,Kepler,1285.48,Neptunian
Kepler-1495 b,Kepler-1495,2.94,0.26228923,8.96,0.0282,0.0,443.0,9.1,0.3677,85.273256,,5831.0,1.04,1.03,Transit,2016.0,Kepler,1355.54,Neptunian
Kepler-1496 b,Kepler-1496,2.22,0.19805513,5.56,0.0175,0.0,535.0,18.383,0.3211,64.6588017,,6182.0,1.27,1.18,Transit,2016.0,Kepler,1307.66,Super-Earth
Kepler-1497 b,Kepler-1497,1.66,0.14809528,3.39,0.0107,0.0,924.0,172.38,0.0817,8.74199772,,5675.0,0.95,0.96,Transit,2016.0,Kepler,1122.0,Super-Earth
Kepler-1498 b,Kepler-1498,1.33,0.11865465,2.33,0.00733,0.0,564.0,9.86,0.2528,48.051405,,5256.0,0.81,0.86,Transit,2016.0,Kepler,740.0,Terrestrial
Kepler-1499 b,Kepler-1499,1.19,0.10616469,1.81,0.0057,0.0,409.0,7.371,0.23225,44.2008,,5097.0,0.78,0.82,Transit,2016.0,Kepler,309.869,Terrestrial
Kepler-15 b,Kepler-15,10.76,0.96,209.76,0.66,0.06,1251.0,430.677,0.05714,4.942782,,5515.0,0.992,1.018,Transit,2011.0,Kepler,739.412,Gas Giant
Kepler-150 b,Kepler-150,1.25,0.112,2.1,0.0066,0.0,1131.0,367.262,0.044,3.428054,,5560.0,0.939,0.956,Transit,2014.0,Kepler,891.092,Terrestrial
Kepler-150 c,Kepler-150,3.69,0.329,13.2,0.0415,0.0,876.0,132.091,0.073,7.381998,,5560.0,0.939,0.956,Transit,2014.0,Kepler,891.092,Neptunian
Kepler-150 d,Kepler-150,2.79,0.249,8.2,0.0258,0.0,734.0,65.142,0.104,12.56093,,5560.0,0.939,0.956,Transit,2014.0,Kepler,891.092,Neptunian
Kepler-150 e,Kepler-150,3.12,0.278,9.91,0.0312,0.0,544.0,19.671,0.189,30.826557,,5560.0,0.939,0.956,Transit,2014.0,Kepler,891.092,Neptunian
Kepler-150 f,Kepler-150,3.64,0.32473905,12.9,0.0405,,,,1.24,637.2093,,5528.0,0.905339,0.97,Transit,2017.0,Kepler,891.092,Neptunian
Kepler-1500 b,Kepler-1500,1.2,0.10705683,1.87,0.00588,0.0,928.0,131.818,0.1236,15.0330105,,5845.0,1.0,1.0,Transit,2016.0,Kepler,1217.82,Terrestrial
Kepler-1501 b,Kepler-1501,1.56,0.13917388,3.05,0.00961,0.0,787.0,100.001,0.11592,14.5564533,,6229.0,1.3,1.2,Transit,2016.0,Kepler,749.06,Super-Earth
Kepler-1502 b,Kepler-1502,3.18,0.2837006,10.2,0.0322,0.0,608.0,77.324,0.2482,41.7083629,,6666.0,1.72,1.44,Transit,2016.0,Kepler,1514.02,Neptunian
Kepler-1503 b,Kepler-1503,2.27,0.20251584,5.77,0.0182,0.0,321.0,5.636,0.3771,96.16987,,5069.0,0.74,0.77,Transit,2016.0,Kepler,1225.57,Super-Earth
Kepler-1504 b,Kepler-1504,2.13,0.19002587,5.18,0.0163,0.0,485.0,25.17,0.3704,82.304003,,5393.0,0.81,0.85,Transit,2016.0,Kepler,2435.94,Super-Earth
Kepler-1505 b,Kepler-1505,0.93,0.08296904,0.749,0.00236,0.0,525.0,36.121,0.18298,30.8609366,,5686.0,0.86,0.93,Transit,2016.0,Kepler,495.148,Terrestrial
Kepler-1506 b,Kepler-1506,1.32,0.11776251,2.3,0.00724,0.0,783.0,235.807,0.1168,14.0329154,,5676.0,0.93,0.95,Transit,2016.0,Kepler,2366.02,Terrestrial
Kepler-1507 b,Kepler-1507,0.84,0.07493978,0.52,0.00164,0.0,630.0,30.476,0.11946,16.0506213,,5410.0,0.85,0.89,Transit,2016.0,Kepler,320.478,Terrestrial
Kepler-1508 b,Kepler-1508,1.33,0.11865465,2.33,0.00733,0.0,967.0,116.145,0.1629,20.7056504,,6158.0,1.22,1.14,Transit,2016.0,Kepler,1260.28,Terrestrial
Kepler-1509 b,Kepler-1509,1.85,0.16504595,4.08,0.0128,0.0,667.0,83.081,0.1707,25.4338197,,5780.0,0.99,1.0,Transit,2016.0,Kepler,2002.96,Super-Earth
Kepler-151 b,Kepler-151,3.06,0.273,9.59,0.0302,0.0,639.0,40.728,0.116,15.228958,,5460.0,0.83,0.87,Transit,2014.0,Kepler,649.919,Neptunian
Kepler-151 c,Kepler-151,2.09,0.186,5.02,0.0158,0.0,544.0,21.407,0.16,24.674612,,5460.0,0.83,0.87,Transit,2014.0,Kepler,649.919,Super-Earth
Kepler-1510 b,Kepler-1510,3.36,0.29975912,11.2,0.0354,0.0,537.0,14.036,0.4089,84.703921,,6200.0,1.28,1.19,Transit,2016.0,Kepler,1696.25,Neptunian
Kepler-1511 b,Kepler-1511,1.68,0.14987956,3.46,0.0109,0.0,903.0,228.219,0.1753,23.2382792,,6064.0,1.29,1.17,Transit,2016.0,Kepler,1475.6,Super-Earth
Kepler-1512 b,Kepler-1512,1.18,0.10527255,1.76,0.00553,0.0,322.0,1.6,0.13693,20.35972599,,4372.0,0.67,0.73,Transit,2016.0,Kepler,162.0,Terrestrial
Kepler-1513 b,Kepler-1513,8.594,0.76670665,48.30991786,0.152,0.306,346.0,2.23,0.56971,160.8842,G V,5491.0,0.95,0.943,Transit,2016.0,Kepler,349.247,Gas Giant
Kepler-1514 b,Kepler-1514,12.419572,1.108,1678.1424,5.28,0.401,387.9,3.23,0.753,217.83184,,6145.0,1.289,1.196,Transit,2016.0,Kepler,397.292,Gas Giant
Kepler-1514 c,Kepler-1514,1.1758241,0.1049,1.74,0.00546,0.32,1066.0,193.0,0.0997,10.514181,,6145.0,1.289,1.196,Transit,2020.0,Kepler,397.292,Terrestrial
Kepler-1515 b,Kepler-1515,9.55,0.85199393,66.2,0.208,0.0,380.0,6.017,0.75235,214.3114164,,6511.0,1.41,1.3,Transit,2016.0,Kepler,539.321,Gas Giant
Kepler-1516 b,Kepler-1516,1.75,0.15612454,3.71,0.0117,0.0,967.0,615.253,0.0718,7.25931979,,5904.0,1.07,1.04,Transit,2016.0,Kepler,1358.95,Super-Earth
Kepler-1517 b,Kepler-1517,9.76,0.87072888,68.7,0.216,0.0,2336.0,1526.983,0.078,5.546083665,,7010.0,1.95,1.58,Transit,2016.0,Kepler,847.299,Gas Giant
Kepler-1518 b,Kepler-1518,3.05,0.27210277,9.53,0.03,0.0,1351.0,1079.458,0.0593,5.11177904,,6846.0,1.88,1.54,Transit,2016.0,Kepler,903.51,Neptunian
Kepler-1518 c,Kepler-1518,2.9,0.25872112,8.75,0.0275,0.0,1094.0,338.33,0.0905,9.6310258,,6432.0,1.345,1.06,Transit,2023.0,Kepler,903.51,Neptunian
Kepler-1519 b,Kepler-1519,7.06,0.62985101,39.6,0.125,0.0,342.0,3.944,0.7655,240.7989397,,5644.0,0.91,0.94,Transit,2016.0,Kepler,1441.63,Gas Giant
Kepler-152 b,Kepler-152,2.79,0.249,8.2,0.0258,0.0,551.0,21.084,0.124,18.207973,,5088.0,0.724,0.779,Transit,2014.0,Kepler,441.09,Neptunian
Kepler-152 c,Kepler-152,2.39,0.213,6.3,0.0198,0.0,326.0,2.57,0.356,88.255055,,5088.0,0.724,0.779,Transit,2014.0,Kepler,441.09,Super-Earth
Kepler-1520 b,Kepler-1520,5.77,0.51476492,28.1,0.0885,0.0,1437.0,1134.386,0.0129,0.653553572,,4677.0,0.71,0.76,Transit,2016.0,Kepler,607.917,Neptunian
Kepler-1521 b,Kepler-1521,2.5,0.22303506,6.8,0.0214,0.0,391.0,5.122,0.23476,47.14840805,,5042.0,0.76,0.81,Transit,2016.0,Kepler,206.983,Super-Earth
Kepler-1522 b,Kepler-1522,1.73,0.15434026,3.64,0.0115,0.0,1374.0,1513.457,0.0288,1.847889171,,5706.0,0.93,0.96,Transit,2016.0,Kepler,814.125,Super-Earth
Kepler-1523 b,Kepler-1523,1.58,0.14095816,3.12,0.00982,0.0,1676.0,2218.145,0.01867,0.93875077,,5708.0,0.96,0.97,Transit,2016.0,Kepler,865.596,Super-Earth
Kepler-1524 b,Kepler-1524,3.54,0.31581765,12.3,0.0386,0.0,438.0,8.443,0.3392,70.9674603,,6179.0,1.25,1.17,Transit,2016.0,Kepler,381.773,Neptunian
Kepler-1525 b,Kepler-1525,0.91,0.08118476,0.693,0.00218,0.0,1343.0,715.106,0.03557,2.416601183,,5748.0,1.04,1.07,Transit,2016.0,Kepler,382.989,Terrestrial
Kepler-1526 b,Kepler-1526,2.43,0.21679008,6.48,0.0204,0.0,787.0,99.097,0.0418,3.908632005,,4601.0,0.69,0.73,Transit,2016.0,Kepler,555.574,Super-Earth
Kepler-1527 b,Kepler-1527,4.77,0.4255509,20.4,0.0641,0.0,450.0,7.813,0.6276,160.129918,,6224.0,1.32,1.21,Transit,2016.0,Kepler,1842.13,Neptunian
Kepler-1528 b,Kepler-1528,1.46,0.13025248,2.73,0.00859,0.0,1549.0,1106.851,0.0296,1.791110205,,5857.0,1.03,1.03,Transit,2016.0,Kepler,817.534,Terrestrial
Kepler-1529 b,Kepler-1529,2.1,0.18734945,5.06,0.0159,0.0,817.0,115.765,0.0525,5.33905686,,5048.0,0.77,0.81,Transit,2016.0,Kepler,661.014,Super-Earth
Kepler-153 b,Kepler-153,2.92,0.261,8.85,0.0279,0.0,621.0,21.609,0.129,18.870227,,5404.0,0.892,0.756,Transit,2014.0,Kepler,459.368,Neptunian
Kepler-153 c,Kepler-153,2.53,0.226,6.94,0.0218,0.0,458.0,6.422,0.237,46.90232,,5404.0,0.892,0.756,Transit,2014.0,Kepler,459.368,Neptunian
Kepler-1530 b,Kepler-1530,1.64,0.146311,3.33,0.0105,0.0,1484.0,353.561,0.03553,2.5904434,,5477.0,0.88,0.92,Transit,2016.0,Kepler,489.876,Super-Earth
Kepler-1530 c,Kepler-1530,1.65,0.14720314,3.36,0.0106,0.0,1167.0,135.179,0.05744,5.3227406,,5477.0,0.88,0.92,Transit,2016.0,Kepler,489.876,Super-Earth
Kepler-1530 d,Kepler-1530,3.27870115,0.29250663,10.8,0.0339,0.0,972.0,69.2,0.08276,9.20761013,,5678.0,1.303,1.015,Transit,2021.0,Kepler,489.876,Neptunian
Kepler-1531 b,Kepler-1531,1.11,0.09902757,1.41,0.00444,0.0,2537.0,4457.2,0.02204,1.138543376,,6260.0,1.27,1.16,Transit,2016.0,Kepler,666.334,Terrestrial
Kepler-1532 b,Kepler-1532,1.35,0.12043893,2.39,0.00752,0.0,1681.0,1705.762,0.0206,1.093663559,,5559.0,0.88,0.91,Transit,2016.0,Kepler,798.246,Terrestrial
Kepler-1533 b,Kepler-1533,3.46,0.30868052,11.8,0.0372,0.0,330.0,4.786,0.93416,308.5471,,6431.0,1.51,1.31,Transit,2016.0,Kepler,966.801,Neptunian
Kepler-1534 b,Kepler-1534,1.89,0.16861451,4.23,0.0133,0.0,955.0,196.51,0.0599,5.71668872,,5442.0,0.86,0.9,Transit,2016.0,Kepler,1107.0,Super-Earth
Kepler-1535 b,Kepler-1535,2.55,0.22749576,7.04,0.0221,0.0,384.0,5.384,0.5329,138.9442,,6021.0,1.11,1.08,Transit,2016.0,Kepler,897.733,Neptunian
Kepler-1536 b,Kepler-1536,3.14,0.28013204,10.0,0.0315,0.0,166.0,0.193,0.8507,364.758031,,4434.0,0.67,0.71,Transit,2016.0,Kepler,387.248,Neptunian
Kepler-1537 b,Kepler-1537,1.18,0.10527255,1.76,0.00553,0.0,1800.0,713.168,0.0245,1.444453798,,5079.0,0.77,0.81,Transit,2016.0,Kepler,517.292,Terrestrial
Kepler-1538 b,Kepler-1538,2.82,0.25158355,8.35,0.0263,0.0,346.0,1.989,0.6095,175.138819,,5837.0,1.03,1.03,Transit,2016.0,Kepler,1125.3,Neptunian
Kepler-1539 b,Kepler-1539,2.7,0.24087787,7.75,0.0244,0.0,301.0,1.572,0.4765,133.3036741,,5176.0,0.8,0.84,Transit,2016.0,Kepler,748.326,Neptunian
Kepler-154 b,Kepler-154,2.26,0.202,5.73,0.018,0.0,561.0,28.11,0.198,33.040532,,5690.0,1.001,0.933,Transit,2014.0,Kepler,915.212,Super-Earth
Kepler-154 c,Kepler-154,2.95,0.263,9.01,0.0283,0.0,454.0,12.071,0.303,62.303276,,5690.0,1.001,0.933,Transit,2014.0,Kepler,915.212,Neptunian
Kepler-154 d,Kepler-154,3.84,0.34258185,14.1,0.0444,0.0,657.0,53.002,0.14354,20.54981883,,5769.0,0.98,0.98,Transit,2016.0,Kepler,915.212,Neptunian
Kepler-154 e,Kepler-154,1.5,0.13382104,2.86,0.00899,0.0,1140.0,480.405,0.04766,3.93276465,,5769.0,0.98,0.98,Transit,2016.0,Kepler,915.212,Super-Earth
Kepler-154 f,Kepler-154,1.5,0.13382104,2.86,0.00899,0.0,838.0,139.884,0.08832,9.91935684,,5769.0,0.98,0.98,Transit,2016.0,Kepler,915.212,Super-Earth
Kepler-1540 b,Kepler-1540,2.49,0.22214292,6.76,0.0213,0.0,266.0,0.849,0.4426,125.4131177,,4540.0,0.69,0.74,Transit,2016.0,Kepler,244.96,Super-Earth
Kepler-1541 b,Kepler-1541,1.16,0.10348827,1.65,0.00521,0.0,1048.0,75.56,0.07555,8.40691199,,5282.0,0.81,0.86,Transit,2016.0,Kepler,416.692,Terrestrial
Kepler-1542 b,Kepler-1542,0.76,0.06780266,0.363,0.00114,0.0,1160.0,518.437,0.04765,3.95116882,,5564.0,0.99,0.94,Transit,2016.0,Kepler,399.114,Terrestrial
Kepler-1542 c,Kepler-1542,0.65,0.05798912,0.208,0.000653,0.0,1287.0,786.082,0.0387,2.89223021,,5564.0,0.99,0.94,Transit,2016.0,Kepler,399.114,Terrestrial
Kepler-1542 d,Kepler-1542,0.87,0.0776162,0.59,0.00186,0.0,1010.0,297.806,0.0629,5.99273738,,5564.0,0.99,0.94,Transit,2016.0,Kepler,399.114,Terrestrial
Kepler-1542 e,Kepler-1542,0.76,0.06780266,0.363,0.00114,0.0,1065.0,369.999,0.05649,5.10115756,,5564.0,0.99,0.94,Transit,2016.0,Kepler,399.114,Terrestrial
Kepler-1543 b,Kepler-1543,2.71,0.24177001,7.8,0.0245,0.0,1774.0,375.651,0.0867,6.96710269,,6561.0,1.65,1.39,Transit,2016.0,Kepler,921.784,Neptunian
Kepler-1544 b,Kepler-1544,1.78,0.15880096,3.82,0.012,0.0,269.0,0.833,0.54465,168.811174,,4886.0,0.74,0.81,Transit,2016.0,Kepler,335.09,Super-Earth
Kepler-1545 b,Kepler-1545,2.7,0.24087787,7.75,0.0244,0.0,274.0,1.408,0.5442,163.692349,,5201.0,0.8,0.84,Transit,2016.0,Kepler,729.964,Neptunian
Kepler-1546 b,Kepler-1546,3.13,0.2792399,9.96,0.0313,0.0,671.0,36.302,0.1366,19.5974971,,5623.0,0.93,0.95,Transit,2016.0,Kepler,931.956,Neptunian
Kepler-1547 b,Kepler-1547,0.9,0.08029262,0.666,0.0021,0.0,3186.0,5760.944,0.01556,0.692979676,,6078.0,1.18,1.12,Transit,2016.0,Kepler,674.695,Terrestrial
Kepler-1548 b,Kepler-1548,2.64,0.23552502,7.46,0.0235,0.0,350.0,1.933,0.4679,124.828679,,5706.0,0.97,0.99,Transit,2016.0,Kepler,872.279,Neptunian
Kepler-1549 b,Kepler-1549,2.57,0.22928004,7.13,0.0224,0.0,286.0,1.184,0.6687,214.886545,,5324.0,0.84,0.88,Transit,2016.0,Kepler,803.052,Neptunian
Kepler-155 b,Kepler-155,2.09,0.186,5.02,0.0158,0.0,614.0,23.5,0.056,5.931194,M0 V,4508.0,0.62,0.635,Transit,2014.0,Kepler,293.499,Super-Earth
Kepler-155 c,Kepler-155,2.24,0.2,5.65,0.0178,0.0,286.0,1.28,0.242,52.661793,M0 V,4508.0,0.62,0.635,Transit,2014.0,Kepler,293.499,Super-Earth
Kepler-1550 b,Kepler-1550,3.02,0.26942635,9.38,0.0295,0.0,348.0,2.305,0.7681,225.582809,,5991.0,1.11,1.07,Transit,2016.0,Kepler,1179.01,Neptunian
Kepler-1551 b,Kepler-1551,2.66,0.23730931,7.56,0.0238,0.0,722.0,60.421,0.1772,24.4973698,,6136.0,1.22,1.14,Transit,2016.0,Kepler,1463.72,Neptunian
Kepler-1552 b,Kepler-1552,2.47,0.22035864,6.66,0.021,0.0,268.0,1.854,0.6011,184.771853,,5202.0,0.78,0.85,Transit,2016.0,Kepler,769.096,Super-Earth
Kepler-1553 b,Kepler-1553,1.15,0.10259613,1.6,0.00505,0.0,926.0,166.106,0.0481,4.24261881,,5288.0,0.81,0.85,Transit,2016.0,Kepler,692.594,Terrestrial
Kepler-1554 b,Kepler-1554,2.9,0.25872067,8.75,0.0275,0.0,288.0,1.014,0.59527,198.088774,,5297.0,0.81,0.84,Transit,2016.0,Kepler,946.847,Neptunian
Kepler-1555 b,Kepler-1555,1.61,0.14363458,3.22,0.0101,0.0,959.0,483.262,0.0805,8.10501635,,5866.0,1.06,1.04,Transit,2016.0,Kepler,2013.27,Super-Earth
Kepler-1556 b,Kepler-1556,1.96,0.17485949,4.5,0.0142,0.0,797.0,92.138,0.0829,8.82713457,,5608.0,0.95,0.97,Transit,2016.0,Kepler,944.54,Super-Earth
Kepler-1557 b,Kepler-1557,1.53,0.13649746,2.96,0.0093,0.0,1287.0,645.543,0.049,3.74032496,,6099.0,1.17,1.11,Transit,2016.0,Kepler,1380.16,Super-Earth
Kepler-1558 b,Kepler-1558,0.68,0.06066554,0.244,0.000768,0.0,1019.0,189.886,0.04278,3.50470358,,5101.0,0.79,0.83,Transit,2016.0,Kepler,325.737,Terrestrial
Kepler-1559 b,Kepler-1559,0.72,0.0642341,0.299,0.000942,0.0,1609.0,1620.063,0.01835,0.971915428,,5316.0,0.82,0.86,Transit,2016.0,Kepler,614.827,Terrestrial
Kepler-156 b,Kepler-156,2.3,0.205,5.9,0.0186,0.0,867.0,135.077,0.054,4.973456,,5094.0,0.807,0.864,Transit,2014.0,Kepler,443.483,Super-Earth
Kepler-156 c,Kepler-156,2.55,0.227,7.04,0.0221,0.0,588.0,28.642,0.117,15.906801,,5094.0,0.807,0.864,Transit,2014.0,Kepler,443.483,Neptunian
Kepler-1560 b,Kepler-1560,0.89,0.07940048,0.64,0.00201,0.0,1269.0,593.919,0.04175,3.03195744,,5815.0,1.02,1.02,Transit,2016.0,Kepler,502.497,Terrestrial
Kepler-1561 b,Kepler-1561,1.09,0.09724329,1.32,0.00416,0.0,1682.0,2364.807,0.0194,1.005207007,,5957.0,1.11,1.07,Transit,2016.0,Kepler,839.076,Terrestrial
Kepler-1562 b,Kepler-1562,3.55,0.31670979,12.3,0.0388,0.0,554.0,31.768,0.3308,64.2737752,,5760.0,1.05,1.02,Transit,2016.0,Kepler,2060.72,Neptunian
Kepler-1563 b,Kepler-1563,0.75,0.06691052,0.347,0.00109,0.0,1134.0,390.57,0.0442,3.43276598,,5765.0,0.99,1.0,Transit,2016.0,Kepler,616.697,Terrestrial
Kepler-1564 b,Kepler-1564,1.47,0.13114462,2.76,0.00869,0.0,635.0,41.514,0.1327,18.0540381,,5528.0,0.9,0.93,Transit,2016.0,Kepler,908.805,Terrestrial
Kepler-1565 b,Kepler-1565,1.19,0.10616469,1.81,0.0057,0.0,1234.0,510.566,0.0241,1.538188437,,4940.0,0.73,0.76,Transit,2016.0,Kepler,629.93,Terrestrial
Kepler-1566 b,Kepler-1566,0.79,0.07047908,0.418,0.00131,0.0,1871.0,2340.984,0.01198,0.539915238,,5254.0,0.81,0.84,Transit,2016.0,Kepler,466.586,Terrestrial
Kepler-1567 b,Kepler-1567,2.73,0.24355429,7.9,0.0249,0.0,330.0,2.723,0.552,153.979578,,5655.0,0.93,0.95,Transit,2016.0,Kepler,1206.11,Neptunian
Kepler-1568 b,Kepler-1568,1.3,0.11597823,2.24,0.00705,0.0,729.0,72.568,0.15157,20.925392,,5956.0,1.19,1.09,Transit,2016.0,Kepler,916.313,Terrestrial
Kepler-1569 b,Kepler-1569,1.68,0.14987956,3.46,0.0109,0.0,1222.0,495.652,0.06669,5.79180156,,6319.0,1.4,1.25,Transit,2016.0,Kepler,945.454,Super-Earth
Kepler-157 b,Kepler-157,1.32,0.118,2.3,0.00724,0.0,1546.0,1572.309,0.028,1.732342,,5774.0,1.044,0.95,Transit,2014.0,Kepler,773.713,Terrestrial
Kepler-157 c,Kepler-157,2.24,0.2,5.65,0.0178,0.0,779.0,101.754,0.11,13.5405,,5774.0,1.044,0.95,Transit,2014.0,Kepler,773.713,Super-Earth
Kepler-157 d,Kepler-157,1.46,0.13025248,2.73,0.00859,0.0,969.0,244.058,0.0706,7.02573474,,5866.0,1.03,1.02,Transit,2016.0,Kepler,773.713,Terrestrial
Kepler-1570 b,Kepler-1570,1.07,0.09545901,1.24,0.0039,0.0,836.0,76.457,0.16699,26.548955,,5550.0,0.89,0.92,Transit,2016.0,Kepler,918.995,Terrestrial
Kepler-1571 b,Kepler-1571,1.52,0.13560532,2.92,0.0092,0.0,1476.0,757.132,0.04287,3.38555488,,6297.0,1.39,1.23,Transit,2016.0,Kepler,675.303,Super-Earth
Kepler-1572 b,Kepler-1572,0.94,0.08386118,0.779,0.00245,0.0,1293.0,583.523,0.05838,5.49548621,,5618.0,0.95,0.97,Transit,2016.0,Kepler,946.602,Terrestrial
Kepler-1573 b,Kepler-1573,1.2,0.10705683,1.87,0.00588,0.0,1379.0,1343.114,0.0364,2.6157554,,5808.0,1.0,1.01,Transit,2016.0,Kepler,1455.36,Terrestrial
Kepler-1574 b,Kepler-1574,1.29,0.11508609,2.21,0.00696,0.0,1003.0,289.778,0.0743,6.9424334,,5892.0,1.08,1.06,Transit,2016.0,Kepler,1384.16,Terrestrial
Kepler-1575 b,Kepler-1575,1.31,0.11687037,2.27,0.00714,0.0,1312.0,803.679,0.0366,2.55314213,,5667.0,0.92,0.95,Transit,2016.0,Kepler,1246.92,Terrestrial
Kepler-1576 b,Kepler-1576,1.04,0.09278259,1.12,0.00352,0.0,1059.0,156.608,0.07211,6.98471973,,5876.0,1.06,1.05,Transit,2016.0,Kepler,460.91,Terrestrial
Kepler-1577 b,Kepler-1577,1.13,0.10081185,1.51,0.00474,0.0,1125.0,57.751,0.0657,6.30560247,,4862.0,0.74,0.78,Transit,2016.0,Kepler,510.029,Terrestrial
Kepler-1578 b,Kepler-1578,1.04,0.09278259,1.12,0.00352,0.0,1700.0,1486.438,0.0252,1.450886907,,5545.0,0.86,0.9,Transit,2016.0,Kepler,1064.05,Terrestrial
Kepler-1579 b,Kepler-1579,0.84,0.07493978,0.52,0.00164,0.0,1139.0,396.64,0.014,0.849907889,,4584.0,0.7,0.75,Transit,2016.0,Kepler,466.0,Terrestrial
Kepler-158 b,Kepler-158,2.12,0.189,5.14,0.0162,0.0,500.0,13.634,0.111,16.709184,K,4623.0,0.624,0.655,Transit,2014.0,Kepler,315.177,Super-Earth
Kepler-158 c,Kepler-158,1.9,0.17,4.27,0.0134,0.0,418.0,6.677,0.158,28.551383,K,4623.0,0.624,0.655,Transit,2014.0,Kepler,315.177,Super-Earth
Kepler-1580 b,Kepler-1580,2.11,0.18824159,5.1,0.016,0.0,733.0,83.088,0.33571,56.6449279,,6228.0,2.15,1.47,Transit,2016.0,Kepler,1002.02,Super-Earth
Kepler-1581 b,Kepler-1581,0.8,0.07137122,0.437,0.00137,0.0,1108.0,470.862,0.06865,6.28385491,,6022.0,1.23,1.12,Transit,2016.0,Kepler,493.175,Terrestrial
Kepler-1582 b,Kepler-1582,1.49,0.1329289,2.83,0.00889,0.0,354.0,2.5,0.0316,4.83817712,,3208.0,0.3,0.28,Transit,2016.0,Kepler,78.8906,Terrestrial
Kepler-1583 b,Kepler-1583,0.6,0.05352841,0.156,0.00049,0.0,788.0,124.307,0.08307,9.32807355,,5645.0,0.91,0.94,Transit,2016.0,Kepler,403.933,Terrestrial
Kepler-1584 b,Kepler-1584,1.61,0.14363458,3.22,0.0101,0.0,886.0,162.544,0.1168,13.3997099,,6069.0,1.13,1.1,Transit,2016.0,Kepler,1416.31,Super-Earth
Kepler-1585 b,Kepler-1585,1.79,0.1596931,3.86,0.0121,0.0,1064.0,182.941,0.0445,3.5827463,,5538.0,0.91,0.94,Transit,2016.0,Kepler,944.465,Super-Earth
Kepler-1586 b,Kepler-1586,1.52,0.13560532,2.92,0.0092,0.0,1013.0,105.771,0.12208,15.6049212,,6681.0,1.75,1.45,Transit,2016.0,Kepler,552.55,Super-Earth
Kepler-1587 b,Kepler-1587,1.33,0.11865465,2.33,0.00733,0.0,981.0,254.701,0.08747,9.4060467,,5933.0,1.22,1.08,Transit,2016.0,Kepler,1026.48,Terrestrial
Kepler-1588 b,Kepler-1588,0.76,0.06780266,0.363,0.00114,0.0,925.0,359.79,0.07419,7.84931739,,5817.0,0.99,0.96,Transit,2016.0,Kepler,924.141,Terrestrial
Kepler-1589 b,Kepler-1589,1.09,0.09724329,1.32,0.00416,0.0,2102.0,5228.785,0.0205,0.991665274,,6166.0,1.25,1.18,Transit,2016.0,Kepler,1513.14,Terrestrial
Kepler-159 b,Kepler-159,2.38,0.212,6.26,0.0197,0.0,447.0,33.463,0.082,10.139623,M0 V,4625.0,0.663,0.628,Transit,2014.0,Kepler,373.744,Super-Earth
Kepler-159 c,Kepler-159,3.41,0.304,11.5,0.0363,0.0,275.0,4.791,0.218,43.595792,M0 V,4625.0,0.663,0.628,Transit,2014.0,Kepler,373.744,Neptunian
Kepler-1590 b,Kepler-1590,1.14,0.10170399,1.55,0.00489,0.0,1020.0,171.478,0.07116,7.61760804,,6053.0,1.16,1.11,Transit,2016.0,Kepler,771.152,Terrestrial
Kepler-1591 b,Kepler-1591,1.27,0.11330181,2.15,0.00678,0.0,892.0,439.434,0.0794,8.18504949,,6082.0,1.16,1.1,Transit,2016.0,Kepler,1419.58,Terrestrial
Kepler-1592 b,Kepler-1592,1.54,0.1373896,2.99,0.0094,0.0,1202.0,1918.34,0.04,3.05710069,,6213.0,1.28,1.18,Transit,2016.0,Kepler,1639.47,Super-Earth
Kepler-1593 b,Kepler-1593,3.17,0.28280846,10.2,0.032,0.0,260.0,0.889,0.55494,174.509835,,4995.0,0.77,0.81,Transit,2016.0,Kepler,638.249,Neptunian
Kepler-1594 b,Kepler-1594,1.06,0.09456687,1.2,0.00377,0.0,1360.0,672.414,0.0396,2.71603809,,5946.0,1.08,1.06,Transit,2016.0,Kepler,976.868,Terrestrial
Kepler-1595 b,Kepler-1595,1.23,0.10973325,2.04,0.00642,0.0,980.0,185.568,0.051,4.56380468,,5203.0,0.8,0.84,Transit,2016.0,Kepler,845.022,Terrestrial
Kepler-1596 b,Kepler-1596,1.9,0.16950665,4.27,0.0134,0.0,471.0,33.378,0.3237,66.373379,,5706.0,0.92,0.95,Transit,2016.0,Kepler,2146.23,Super-Earth
Kepler-1597 b,Kepler-1597,1.06,0.09456687,1.2,0.00377,0.0,1497.0,1431.311,0.04136,2.94654179,,6377.0,1.39,1.25,Transit,2016.0,Kepler,1221.05,Terrestrial
Kepler-1598 b,Kepler-1598,0.95,0.08475332,0.809,0.00254,0.0,1236.0,308.46,0.05207,4.34195123,,5940.0,1.09,1.07,Transit,2016.0,Kepler,619.862,Terrestrial
Kepler-1599 b,Kepler-1599,1.62,0.14452672,3.26,0.0102,0.0,407.0,8.196,0.4823,122.363553,,5767.0,0.99,0.99,Transit,2016.0,Kepler,1328.2,Super-Earth
Kepler-16 b,Kepler-16,8.4493,0.7538,105.833,0.333,0.0069,,,0.7048,228.776,,4450.0,0.6489,0.6897,Transit,2011.0,Kepler,75.0852,Gas Giant
Kepler-160 b,Kepler-160,1.715,0.15300205,3.59,0.0113,0.0,1134.0,396.619,0.05511,4.309397,,5471.0,1.118,1.003,Transit,2014.0,Kepler,937.013,Super-Earth
Kepler-160 c,Kepler-160,3.76,0.33544473,13.6,0.0428,0.0,771.0,84.848,0.1192,13.699429,,5471.0,1.118,1.003,Transit,2014.0,Kepler,937.013,Neptunian
Kepler-1600 b,Kepler-1600,3.13,0.2792399,9.96,0.0313,0.0,209.0,0.4,0.98141,386.370548,,5214.0,0.82,0.86,Transit,2016.0,Kepler,1030.81,Neptunian
Kepler-1600 c,Kepler-1600,1.94206512,0.17325974,4.43,0.0139,0.0,786.0,84.7,0.06961,7.298049927,,5119.0,0.834,0.818,Transit,2021.0,Kepler,1030.81,Super-Earth
Kepler-1601 b,Kepler-1601,0.82,0.0731555,0.477,0.0015,0.0,1507.0,999.752,0.03281,2.20921951,,5869.0,1.07,1.04,Transit,2016.0,Kepler,644.456,Terrestrial
Kepler-1602 b,Kepler-1602,1.34,0.11954679,2.36,0.00742,0.0,1159.0,124.507,0.09744,11.17931605,,6296.0,1.36,1.22,Transit,2016.0,Kepler,629.804,Terrestrial
Kepler-1603 b,Kepler-1603,1.29,0.11508609,2.21,0.00696,0.0,1522.0,1269.46,0.0351,2.27163926,,6241.0,1.31,1.21,Transit,2016.0,Kepler,2712.58,Terrestrial
Kepler-1604 b,Kepler-1604,1.41,0.12579177,2.57,0.00809,0.0,2023.0,1391.4,0.01406,0.683684256,,4976.0,0.76,0.81,Transit,2016.0,Kepler,541.189,Terrestrial
Kepler-1605 b,Kepler-1605,1.08,0.09635115,1.28,0.00403,0.0,528.0,16.734,0.36567,85.7565495,,5280.0,0.82,0.86,Transit,2016.0,Kepler,546.23,Terrestrial
Kepler-1606 b,Kepler-1606,2.07,0.18467303,4.94,0.0155,0.0,324.0,1.29,0.6421,196.435224,,5422.0,0.86,0.9,Transit,2016.0,Kepler,831.287,Super-Earth
Kepler-1607 b,Kepler-1607,0.92,0.0820769,0.721,0.00227,0.0,913.0,449.632,0.11978,13.6473676,,6116.0,1.21,1.14,Transit,2016.0,Kepler,1286.1,Terrestrial
Kepler-1608 b,Kepler-1608,1.73,0.15434026,3.64,0.0115,0.0,612.0,33.22,0.1126,16.4735686,,4992.0,0.72,0.75,Transit,2016.0,Kepler,832.0,Super-Earth
Kepler-1609 b,Kepler-1609,2.22,0.19805513,5.56,0.0175,0.0,429.0,12.975,0.4679,114.34219,,6132.0,1.27,1.18,Transit,2016.0,Kepler,1826.04,Super-Earth
Kepler-161 b,Kepler-161,2.12,0.189,2.63,0.00827491,0.0,868.0,123.4,0.054,4.921355,,5078.0,0.806,0.853,Transit,2014.0,Kepler,434.632,Super-Earth
Kepler-161 c,Kepler-161,2.05,0.183,3.61,0.01135833,0.0,769.0,76.201,0.068,7.06424,,5078.0,0.806,0.853,Transit,2014.0,Kepler,434.632,Super-Earth
Kepler-1610 b,Kepler-1610,1.61,0.14363458,3.22,0.0101,0.0,750.0,56.212,0.0777,8.70181574,,5383.0,0.87,0.91,Transit,2016.0,Kepler,864.331,Super-Earth
Kepler-1610 c,Kepler-1610,2.09,0.18645763,5.02,0.0158,0.0,433.0,8.34,0.2323,44.9851885,,5295.0,0.8,0.825,Transit,2023.0,Kepler,864.331,Super-Earth
Kepler-1611 b,Kepler-1611,0.81,0.07226336,0.457,0.00144,0.0,1243.0,146.22,0.0586,5.1762429,,5605.0,0.93,0.94,Transit,2016.0,Kepler,908.444,Terrestrial
Kepler-1612 b,Kepler-1612,1.03,0.09189045,1.08,0.0034,0.0,1030.0,269.248,0.0482,3.91795101,,5643.0,0.94,0.96,Transit,2016.0,Kepler,764.726,Terrestrial
Kepler-1613 b,Kepler-1613,2.08,0.18556517,4.98,0.0157,0.0,1926.0,6797.623,0.02755,1.5184299,,6005.0,1.12,1.08,Transit,2016.0,Kepler,1508.33,Super-Earth
Kepler-1614 b,Kepler-1614,1.49,0.1329289,2.83,0.00889,0.0,981.0,276.373,0.0471,3.9466141,,5121.0,0.76,0.79,Transit,2016.0,Kepler,1191.19,Terrestrial
Kepler-1615 b,Kepler-1615,2.06,0.18378089,4.9,0.0154,0.0,658.0,31.171,0.2788,47.3126192,,5865.0,1.05,1.04,Transit,2016.0,Kepler,1393.83,Super-Earth
Kepler-1616 b,Kepler-1616,1.02,0.0909983,1.04,0.00328,0.0,1337.0,724.861,0.07318,6.76284377,,6266.0,1.34,1.21,Transit,2016.0,Kepler,1137.81,Terrestrial
Kepler-1617 b,Kepler-1617,1.2,0.10705683,1.87,0.00588,0.0,736.0,64.689,0.17707,27.4785572,,6167.0,1.22,1.15,Transit,2016.0,Kepler,898.31,Terrestrial
Kepler-1618 b,Kepler-1618,1.26,0.11240967,2.13,0.00669,0.0,1267.0,903.908,0.07109,6.10826019,,6620.0,1.65,1.41,Transit,2016.0,Kepler,1229.25,Terrestrial
Kepler-1619 b,Kepler-1619,0.76,0.06780266,0.363,0.00114,0.0,797.0,74.635,0.15413,23.6225913,,5852.0,1.0,1.0,Transit,2016.0,Kepler,734.85,Terrestrial
Kepler-162 b,Kepler-162,1.26,0.112,2.13,0.00669,0.0,961.0,305.946,0.069,6.919798,,5816.0,0.958,1.053,Transit,2014.0,Kepler,855.641,Terrestrial
Kepler-162 c,Kepler-162,3.03,0.27,9.43,0.0297,0.0,681.0,77.052,0.137,19.446355,,5816.0,0.958,1.053,Transit,2014.0,Kepler,855.641,Neptunian
Kepler-1620 b,Kepler-1620,1.61,0.14363458,3.22,0.0101,0.0,428.0,7.92,0.4322,101.951829,,6157.0,1.23,1.15,Transit,2016.0,Kepler,895.069,Super-Earth
Kepler-1621 b,Kepler-1621,2.16,0.19270229,5.31,0.0167,0.0,469.0,14.055,0.4204,92.263714,,6158.0,1.24,1.15,Transit,2016.0,Kepler,1631.66,Super-Earth
Kepler-1622 b,Kepler-1622,1.47,0.13114462,2.76,0.00869,0.0,922.0,236.005,0.10136,10.8118737,,6436.0,1.5,1.31,Transit,2016.0,Kepler,796.477,Terrestrial
Kepler-1623 b,Kepler-1623,1.31,0.11687037,2.27,0.00714,0.0,1000.0,243.08,0.0518,4.36128348,,5772.0,1.0,1.0,Transit,2016.0,Kepler,837.481,Terrestrial
Kepler-1624 b,Kepler-1624,5.7,0.50851994,27.6,0.0867,0.0,540.0,6.01,0.0327,3.290304518,,3636.0,0.47,0.5,Transit,2016.0,Kepler,258.979,Neptunian
Kepler-1625 b,Kepler-1625,6.06,0.54063699,30.6,0.0962,0.0,350.0,3.3,0.87762,287.378949,,5677.0,0.94,0.96,Transit,2016.0,Kepler,2310.11,Gas Giant
Kepler-1626 b,Kepler-1626,2.02,0.18021233,4.74,0.0149,0.0,1352.0,1328.654,0.0537,4.13962966,,6826.0,1.85,1.51,Transit,2016.0,Kepler,1368.83,Super-Earth
Kepler-1627 b,Kepler-1627,3.69,0.32919975,13.2,0.0415,0.0,794.0,143.12,0.0643,7.20283653,,5445.0,0.84,0.87,Transit,2016.0,Kepler,317.437,Neptunian
Kepler-1628 b,Kepler-1628,6.43,0.57364618,33.8,0.106,0.0,240.0,0.79,0.2952,76.378033,,3724.0,0.52,0.55,Transit,2016.0,Kepler,352.0,Gas Giant
Kepler-1629 b,Kepler-1629,0.77,0.0686948,0.381,0.0012,0.0,1081.0,315.457,0.0485,3.87595807,,5776.0,1.01,1.01,Transit,2016.0,Kepler,336.09,Terrestrial
Kepler-163 b,Kepler-163,1.05,0.094,1.16,0.00364,0.0,906.0,115.612,0.078,7.810937,,5776.0,0.917,0.882,Transit,2014.0,Kepler,689.814,Terrestrial
Kepler-163 c,Kepler-163,2.26,0.202,5.73,0.018,0.0,648.0,30.238,0.152,21.347262,,5776.0,0.917,0.882,Transit,2014.0,Kepler,689.814,Super-Earth
Kepler-1630 b,Kepler-1630,2.19,0.19537871,5.43,0.0171,0.0,182.0,0.26,1.1218,509.997402,,4736.0,0.63,0.66,Transit,2016.0,Kepler,331.213,Super-Earth
Kepler-1631 b,Kepler-1631,1.35,0.12043893,2.39,0.00752,0.0,1122.0,446.918,0.0511,4.09513932,,5679.0,0.95,0.97,Transit,2016.0,Kepler,1305.99,Terrestrial
Kepler-1632 b,Kepler-1632,2.47,0.22035864,6.66,0.021,0.0,369.0,6.062,0.6762,448.303558,,6137.0,1.19,1.12,Transit,2016.0,Kepler,716.76,Super-Earth
Kepler-1633 b,Kepler-1633,1.58,0.14095816,3.12,0.00982,0.0,925.0,26.258,0.3875,186.404271,,6256.0,1.32,1.2,Transit,2016.0,Kepler,1114.91,Super-Earth
Kepler-1634 b,Kepler-1634,3.19,0.28459274,10.3,0.0324,0.0,282.0,0.544,1.0525,374.876239,,5474.0,0.89,0.92,Transit,2016.0,Kepler,617.339,Neptunian
Kepler-1635 b,Kepler-1635,3.64,0.32473905,12.9,0.0405,0.0,200.0,0.4,1.12664,469.63111,,5347.0,0.85,0.89,Transit,2016.0,Kepler,1069.45,Neptunian
Kepler-1636 b,Kepler-1636,3.23,0.2881613,10.5,0.0331,0.0,248.0,1.217,1.12191,425.47785,,5797.0,1.02,1.01,Transit,2016.0,Kepler,1947.54,Neptunian
Kepler-1637 b,Kepler-1637,0.89,0.07940048,0.64,0.00201,0.0,1093.0,337.78,0.0596,6.10960324,,5789.0,1.02,1.02,Transit,2016.0,Kepler,567.187,Terrestrial
Kepler-1638 b,Kepler-1638,1.87,0.16683023,4.16,0.0131,0.0,304.0,2.76,0.745,259.33683,,5710.0,0.95,0.97,Transit,2016.0,Kepler,1525.52,Super-Earth
Kepler-1639 b,Kepler-1639,2.58,0.23017218,7.18,0.0226,0.0,1003.0,187.848,0.0932,9.878482,,6150.0,1.18,1.12,Transit,2016.0,Kepler,1031.31,Neptunian
Kepler-164 b,Kepler-164,1.41,0.126,2.57,0.00809,0.0,1141.0,370.922,0.058,5.03503,,5888.0,1.148,1.036,Transit,2014.0,Kepler,890.758,Terrestrial
Kepler-164 c,Kepler-164,2.73,0.244,7.9,0.0249,0.0,881.0,131.487,0.097,10.945723,,5888.0,1.148,1.036,Transit,2014.0,Kepler,890.758,Neptunian
Kepler-164 d,Kepler-164,2.45,0.219,6.57,0.0207,0.0,637.0,35.89,0.187,28.986769,,5888.0,1.148,1.036,Transit,2014.0,Kepler,890.758,Super-Earth
Kepler-164 e,Kepler-164,4.24,0.37826811,16.7,0.0525,0.0,429.0,7.99,0.4025,94.886902,,5888.0,1.097,0.966,Transit,2023.0,Kepler,890.758,Neptunian
Kepler-1640 b,Kepler-1640,4.82,0.4300116,20.7,0.0652,0.0,1228.0,537.4,0.0836,7.5844126,,6324.0,1.43,1.27,Transit,2016.0,Kepler,1859.78,Neptunian
Kepler-1641 b,Kepler-1641,3.11,0.27745562,9.85,0.031,0.0,908.0,82.828,0.1473,19.672266,,6152.0,1.19,1.12,Transit,2016.0,Kepler,860.37,Neptunian
Kepler-1641 c,Kepler-1641,2.95,0.26318137,9.01,0.0283,0.0,767.0,42.145,0.2065,32.657212,,6152.0,1.19,1.12,Transit,2016.0,Kepler,860.37,Neptunian
Kepler-1642 b,Kepler-1642,3.2,0.28548488,10.3,0.0325,0.0,895.0,39.915,0.1016,12.2057513,,5355.0,0.84,0.88,Transit,2016.0,Kepler,413.873,Neptunian
Kepler-1642 c,Kepler-1642,2.66,0.23730931,7.56,0.0238,0.0,1095.0,89.632,0.0678,6.6513802,,5355.0,0.84,0.88,Transit,2016.0,Kepler,413.873,Neptunian
Kepler-1643 b,Kepler-1643,2.32,0.207,5.99,0.0189,0.0,799.0,137.753,0.0531,5.342657,,4916.0,0.855,0.845,Transit,2016.0,Kepler,341.774,Super-Earth
Kepler-1644 b,Kepler-1644,1.88,0.16772237,4.19,0.0132,0.0,606.0,31.86,0.142,21.0907758,,5499.0,0.86,0.89,Transit,2016.0,Kepler,629.27,Super-Earth
Kepler-1645 b,Kepler-1645,1.78,0.15880096,3.82,0.012,0.0,754.0,138.538,0.1285,16.1779561,,5812.0,1.02,1.02,Transit,2016.0,Kepler,1202.47,Super-Earth
Kepler-1646 b,Kepler-1646,1.23,0.10973325,2.04,0.00642,0.0,365.0,4.2,0.0295,4.48558383,,3299.0,0.26,0.24,Transit,2016.0,Kepler,127.591,Terrestrial
Kepler-1647 b,Kepler-1647,11.8739,1.0593184,483.0,1.51968033,0.0581,,,2.7205,1107.5923,,6210.0,1.7903,1.2207,Transit,2016.0,Kepler,1212.45,Gas Giant
Kepler-1649 b,Kepler-1649,1.017,0.09073066,1.03,0.00325,0.0,307.0,2.208,0.0514,8.689099,,3240.0,0.2317,0.1977,Transit,2017.0,Kepler,92.1913,Terrestrial
Kepler-1649 c,Kepler-1649,1.06,0.09456687,1.2,0.00377,0.0,234.0,0.75,0.0649,19.53527,,3240.0,0.2317,0.1977,Transit,2020.0,Kepler,92.1913,Terrestrial
Kepler-165 b,Kepler-165,2.32,0.207,5.99,0.0189,0.0,716.0,59.799,0.072,8.180848,,5211.0,0.77,0.746,Transit,2014.0,Kepler,560.885,Super-Earth
Kepler-165 c,Kepler-165,2.23,0.199,5.6,0.0176,0.0,581.0,25.931,0.11,15.31299,,5211.0,0.77,0.746,Transit,2014.0,Kepler,560.885,Super-Earth
Kepler-1650 b,Kepler-1650,0.96,0.08564546,0.84,0.00264,0.01,602.0,54.562,0.0167,1.53818001,,3410.0,0.334,0.326,Transit,2017.0,Kepler,134.397,Terrestrial
Kepler-1651 b,Kepler-1651,1.84,0.1641538,4.04,0.0127,0.13,393.0,5.65,0.0692,9.87863917,,3713.0,0.503,0.522,Transit,2017.0,Kepler,66.4074,Super-Earth
Kepler-1652 b,Kepler-1652,1.6,0.14274244,3.19,0.01,0.0,268.0,0.81,0.1654,38.09722,,3638.0,0.382,0.404,Transit,2017.0,Kepler,252.0,Super-Earth
Kepler-1653 b,Kepler-1653,2.17,0.19359443,5.35,0.0168,0.0,284.0,0.98,0.4706,140.2524,,4807.0,0.693,0.719,Transit,2017.0,Kepler,755.0,Super-Earth
Kepler-1654 b,Kepler-1654,9.180171,0.819,158.915,0.5,0.26,206.0,0.3,2.026,1047.8356,G5 V,5597.0,1.179,1.011,Transit,2018.0,Kepler,568.117,Gas Giant
Kepler-1655 b,Kepler-1655,2.213,0.19743098,5.4,0.0169903,0.19,938.0,129.1,0.1029,11.8728787,G0 V,6148.0,1.03,1.03,Transit,2018.0,Kepler,213.26,Super-Earth
Kepler-1656 b,Kepler-1656,4.574,0.40806565,47.8,0.15,0.838,651.0,24.6,0.1974,31.562,,5569.0,1.1,1.03,Transit,2018.0,Kepler,185.875,Neptunian
Kepler-1656 c,Kepler-1656,14.0,1.25,126.4,0.4,0.527,,,3.053,1919.0,,5569.0,1.1,1.03,Radial Velocity,2022.0,W. M. Keck Observatory,185.875,Gas Giant
Kepler-166 b,Kepler-166,2.27,0.203,5.77,0.0182,0.0,772.0,77.543,0.072,7.650254,,5413.0,0.742,0.811,Transit,2014.0,Kepler,603.53,Super-Earth
Kepler-166 c,Kepler-166,2.38,0.212,6.26,0.0197,0.0,468.0,10.507,0.195,34.260281,,5413.0,0.742,0.811,Transit,2014.0,Kepler,603.53,Super-Earth
Kepler-166 d,Kepler-166,1.73,0.15434026,3.64,0.0115,0.0,1313.0,651.409,0.02449,1.554003928,,5350.0,0.83,0.88,Transit,2016.0,Kepler,603.53,Super-Earth
Kepler-1660 AB b,Kepler-1660 A,12.9,1.15,1586.59940774,4.992,0.05541,,,0.8,239.5044,F7 V,6305.24,1.491,1.1366,Eclipse Timing Variations,2023.0,Kepler,1188.54,Gas Giant
Kepler-1661 b,Kepler-1661,3.87,0.34525827,17.0,0.05348771,0.057,243.0,0.88,0.633,175.06,K,5100.0,0.762,0.841,Transit,2020.0,Kepler,410.607,Neptunian
Kepler-1663 b,Kepler-1663,3.30395896,0.29475948,10.9,0.0344,0.0,362.0,4.07,0.1072,17.6046,,3844.0,0.62859,0.610816,Transit,2020.0,Kepler,337.926,Neptunian
Kepler-1664 b,Kepler-1664,3.03320653,0.27060456,9.45,0.0297,0.0,776.0,85.46,0.1137,14.3868,,5735.81,1.072,0.944,Transit,2020.0,Kepler,626.691,Neptunian
Kepler-1665 b,Kepler-1665,2.83910787,0.25328824,8.44,0.0266,0.0,906.0,40.4,0.096,11.9548,,5049.84,0.777785,0.842,Transit,2020.0,Kepler,335.515,Neptunian
Kepler-1666 b,Kepler-1666,2.88273782,0.25718064,8.66,0.0273,0.0,672.0,48.23,0.1761,25.8476,,6293.0,1.14586,1.23,Transit,2020.0,Kepler,1379.37,Neptunian
Kepler-1666 c,Kepler-1666,3.23564749,0.28866513,10.5,0.0332,0.0,578.0,26.34,0.2383,40.7157,,6293.0,1.14586,1.23,Transit,2020.0,Kepler,1379.37,Neptunian
Kepler-1667 b,Kepler-1667,2.98385261,0.2662015,9.19,0.0289,0.0,655.0,9.3,0.35905,83.5781,,5941.54,1.08751,1.09,Transit,2020.0,Kepler,626.819,Neptunian
Kepler-1668 b,Kepler-1668,4.34764405,0.38787082,17.4,0.0548,0.0,721.0,63.79,0.124,15.434,,5542.0,1.01738,0.98,Transit,2020.0,Kepler,1335.64,Neptunian
Kepler-1669 b,Kepler-1669,2.78043818,0.24805408,8.15,0.0256,0.0,530.0,18.66,0.0745,9.51216,,4303.0,0.714145,0.67,Transit,2020.0,Kepler,543.444,Neptunian
Kepler-1669 c,Kepler-1669,1.90120972,0.16961486,4.27,0.0134,0.0,958.0,199.28,0.0228,1.609320045,,4224.0,0.603,0.609,Transit,2021.0,Kepler,543.444,Super-Earth
Kepler-1669 d,Kepler-1669,1.22,0.1088413,1.98,0.00624,0.0,669.0,47.3,0.0468,4.72941177,,4224.0,0.603,0.609,Transit,2023.0,Kepler,543.444,Terrestrial
Kepler-167 b,Kepler-167,1.718,0.15326996,3.6,0.0113,0.0,918.0,122.502,0.04825,4.3931539,K4,4884.0,0.749,0.777,Transit,2014.0,Kepler,341.908,Super-Earth
Kepler-167 c,Kepler-167,1.674,0.14934453,3.44,0.0108,0.0,771.0,61.175,0.0684,7.406106,K4,4884.0,0.749,0.777,Transit,2014.0,Kepler,341.908,Super-Earth
Kepler-167 d,Kepler-167,1.238,0.11044715,2.06,0.00649,0.0,538.0,14.489,0.1404,21.80379,K4,4884.0,0.749,0.777,Transit,2016.0,Kepler,341.908,Terrestrial
Kepler-167 e,Kepler-167,10.16,0.90641605,321.00669107,1.01,0.29,134.4,0.1,1.883,1071.23205,K4,4884.0,0.749,0.777,Transit,2016.0,Kepler,341.908,Gas Giant
Kepler-1670 b,Kepler-1670,3.3564801,0.2994451,11.2,0.0353,0.0,731.0,67.67,0.1528,20.4998,,5838.0,1.51889,1.05,Transit,2020.0,Kepler,2065.98,Neptunian
Kepler-1671 b,Kepler-1671,1.32557381,0.11825977,2.32,0.00729,0.0,962.0,205.0,0.04946,4.16787,,5135.55,0.929771,0.866,Transit,2020.0,Kepler,357.059,Terrestrial
Kepler-1672 b,Kepler-1672,2.97022762,0.26498596,9.11,0.0287,0.0,423.0,4.4,0.55374,150.878,,6131.95,1.08841,1.16,Transit,2020.0,Kepler,391.181,Neptunian
Kepler-1673 b,Kepler-1673,2.9355194,0.2618895,8.93,0.0281,0.0,611.0,30.5,0.21363,33.7888,,6014.95,1.13166,1.11,Transit,2020.0,Kepler,727.187,Neptunian
Kepler-1674 b,Kepler-1674,3.2057749,0.28600008,10.4,0.0326,0.0,417.0,7.13,0.3017,62.5611,,5473.91,0.877273,0.96,Transit,2020.0,Kepler,1012.48,Neptunian
Kepler-1675 b,Kepler-1675,3.12483349,0.27877897,9.93,0.0313,0.0,465.0,11.8,0.32185,63.0382,,5853.19,1.12865,1.06,Transit,2020.0,Kepler,651.117,Neptunian
Kepler-1676 b,Kepler-1676,3.3769596,0.30127216,11.3,0.0357,0.0,782.0,33.45,0.1954,29.9221,,5878.3,1.06066,1.07,Transit,2020.0,Kepler,,Neptunian
Kepler-1677 b,Kepler-1677,2.70216183,0.24107073,7.76,0.0244,0.0,712.0,59.4,0.1599,22.064,,6013.72,1.24959,1.11,Transit,2020.0,Kepler,735.369,Neptunian
Kepler-1678 b,Kepler-1678,3.30422249,0.29478299,10.9,0.0344,0.0,329.0,2.78,0.5302,147.974,,5754.0,0.834976,1.03,Transit,2020.0,Kepler,847.339,Neptunian
Kepler-1679 b,Kepler-1679,2.0692036,0.18460198,4.93,0.0155,0.0,813.0,103.3,0.0892,9.75376,,5501.0,0.873196,0.96,Transit,2020.0,Kepler,909.28,Super-Earth
Kepler-168 b,Kepler-168,1.46,0.13,2.73,0.00859,0.0,1240.0,725.064,0.056,4.425391,,6282.0,1.107,1.113,Transit,2014.0,Kepler,1343.6,Terrestrial
Kepler-168 c,Kepler-168,2.69,0.24,7.7,0.0242,0.0,862.0,169.002,0.116,13.193242,,6282.0,1.107,1.113,Transit,2014.0,Kepler,1343.6,Neptunian
Kepler-1680 b,Kepler-1680,1.35954736,0.12129069,2.42,0.00761,0.0,771.0,49.0,0.07642,8.77424,,5021.0,0.723259,0.834,Transit,2020.0,Kepler,310.315,Terrestrial
Kepler-1681 b,Kepler-1681,2.55321772,0.22778283,7.05,0.0222,0.0,442.0,5.33,0.32,69.8956,,5756.4,0.759,0.893,Transit,2020.0,Kepler,758.3,Neptunian
Kepler-1682 b,Kepler-1682,2.88940836,0.25777575,8.7,0.0274,0.0,694.0,54.74,0.1134,14.8334,,5619.12,0.842301,0.99,Transit,2020.0,Kepler,1159.85,Neptunian
Kepler-1683 b,Kepler-1683,1.87477762,0.16725646,4.17,0.0131,0.0,669.0,47.32,0.1182,15.0337,,5429.0,0.900327,0.95,Transit,2020.0,Kepler,733.143,Super-Earth
Kepler-1684 b,Kepler-1684,2.87084792,0.2561199,8.6,0.0271,0.0,347.0,3.42,0.2253,47.7055,,4706.54,0.666755,0.75,Transit,2020.0,Kepler,621.996,Neptunian
Kepler-1685 b,Kepler-1685,2.57673985,0.22988133,7.16,0.0225,0.0,625.0,36.01,0.1485,20.4905,,5484.0,0.835451,0.96,Transit,2020.0,Kepler,1141.89,Neptunian
Kepler-1686 b,Kepler-1686,1.42553017,0.12717728,2.62,0.00825,0.0,913.0,167.2,0.08827,9.30987,,5714.96,1.19951,1.02,Transit,2020.0,Kepler,729.823,Terrestrial
Kepler-1687 b,Kepler-1687,1.65623882,0.14775973,3.38,0.0106,0.0,598.0,30.22,0.0532,5.77954,,4132.0,0.726119,0.65,Transit,2020.0,Kepler,417.014,Super-Earth
Kepler-1688 b,Kepler-1688,1.26174569,0.11256541,2.13,0.0067,0.0,772.0,84.01,0.0577,5.62012,,4632.11,0.746,0.814,Transit,2020.0,Kepler,567.44687087,Terrestrial
Kepler-1689 b,Kepler-1689,0.94678642,0.08446663,0.799,0.00251,0.0,879.0,149.3,0.0784,8.483,,5731.43,0.996208,1.023,Transit,2020.0,Kepler,294.122,Terrestrial
Kepler-169 b,Kepler-169,1.13,0.101,1.51,0.00474,0.0,962.0,195.221,0.04,3.250619,,4997.0,0.763,0.825,Transit,2014.0,Kepler,406.529,Terrestrial
Kepler-169 c,Kepler-169,1.21,0.108,1.92,0.00606,0.0,776.0,82.853,0.062,6.195469,,4997.0,0.763,0.825,Transit,2014.0,Kepler,406.529,Terrestrial
Kepler-169 d,Kepler-169,1.25,0.112,2.1,0.0066,0.0,702.0,55.53,0.075,8.348125,,4997.0,0.763,0.825,Transit,2014.0,Kepler,406.529,Terrestrial
Kepler-169 e,Kepler-169,2.2,0.196,5.48,0.0172,0.0,595.0,28.548,0.105,13.767102,,4997.0,0.763,0.825,Transit,2014.0,Kepler,406.529,Super-Earth
Kepler-169 f,Kepler-169,2.58,0.23,7.18,0.0226,0.0,321.0,2.439,0.359,87.090195,,4997.0,0.763,0.825,Transit,2014.0,Kepler,406.529,Neptunian
Kepler-1690 b,Kepler-1690,2.81109223,0.25078885,8.3,0.0261,0.0,267.0,1.2,0.7097,234.636,,5404.0,0.862346,0.94,Transit,2020.0,Kepler,703.789,Neptunian
Kepler-1691 b,Kepler-1691,1.83470985,0.16368185,4.02,0.0127,0.0,1283.0,641.53,0.0495,3.8482,,6000.0,1.13152,1.11,Transit,2020.0,Kepler,1267.67,Super-Earth
Kepler-1692 b,Kepler-1692,1.11177184,0.09918564,1.42,0.00447,0.0,897.0,153.48,0.0646,5.95966,,5146.0,0.866139,0.87,Transit,2020.0,Kepler,591.019,Terrestrial
Kepler-1693 b,Kepler-1693,1.28938413,0.11503115,2.21,0.00695,0.0,807.0,100.37,0.1011,12.0999,,5432.34,0.878295,0.95,Transit,2020.0,Kepler,760.065,Terrestrial
Kepler-1693 c,Kepler-1693,0.97698289,0.08716073,0.894,0.00281,0.0,1059.0,296.73,0.0588,5.363709927,,5553.0,1.098,0.941,Transit,2021.0,Kepler,760.065,Terrestrial
Kepler-1694 b,Kepler-1694,1.17986031,0.10526009,1.76,0.00553,0.0,956.0,197.66,0.0449,3.89526,,4954.0,0.756284,0.82,Transit,2020.0,Kepler,513.329,Terrestrial
Kepler-1695 b,Kepler-1695,1.11948901,0.09987412,1.46,0.00458,0.0,957.0,198.57,0.0529,4.7329,,5473.19,0.987155,0.96,Transit,2020.0,Kepler,791.175,Terrestrial
Kepler-1696 b,Kepler-1696,2.80982017,0.25067537,8.29,0.0261,0.0,454.0,10.04,0.3244,65.9409,,5712.0,1.19811,1.02,Transit,2020.0,Kepler,1506.36,Neptunian
Kepler-1697 b,Kepler-1697,1.25954761,0.11236931,2.12,0.00668,0.0,630.0,37.3,0.2008,33.4969,,4681.53,0.772344,0.747,Transit,2020.0,Kepler,247.771,Terrestrial
Kepler-1698 b,Kepler-1698,1.07315686,0.09574064,1.25,0.00394,0.0,1351.0,697.6,0.02065,1.2107,,4975.03,0.741698,0.822,Transit,2020.0,Kepler,222.345,Terrestrial
Kepler-1699 b,Kepler-1699,1.56671124,0.13977262,3.08,0.00968,0.0,1010.0,245.65,0.0418,3.49082,,5575.53,0.725,0.81,Transit,2020.0,Kepler,818.759,Super-Earth
Kepler-17 b,Kepler-17,14.68,1.31,778.65,2.45,0.011,1570.0,1481.766,0.02591,1.4857108,G2 V,5781.0,1.01034,1.04,Transit,2011.0,Kepler,720.753,Gas Giant
Kepler-170 b,Kepler-170,3.2,0.285,82.6,0.26,0.0,899.0,136.522,0.08,7.930592,,5679.0,1.035,1.066,Transit,2014.0,Kepler,738.657,Neptunian
Kepler-170 c,Kepler-170,2.86,0.255,8.55,0.0269,0.0,702.0,50.682,0.131,16.665863,,5679.0,1.035,1.066,Transit,2014.0,Kepler,738.657,Neptunian
Kepler-1700 b,Kepler-1700,2.90129941,0.2588366,8.76,0.0276,0.0,329.0,2.2,0.76094,234.239,,6031.0,1.0937,1.12,Transit,2020.0,Kepler,717.597,Neptunian
Kepler-1701 b,Kepler-1701,2.22186207,0.19822126,5.57,0.0175,0.0,273.0,1.3,0.5738,169.134,,5146.0,0.840217,0.87,Transit,2020.0,Kepler,584.142,Super-Earth
Kepler-1702 b,Kepler-1702,1.60190793,0.14291265,3.2,0.0101,0.0,555.0,22.4,0.1275,18.5012,,5093.0,0.725742,0.85,Transit,2020.0,Kepler,857.14,Super-Earth
Kepler-1704 b,Kepler-1704,11.94877343,1.066,1322.16617312,4.16,0.92,253.8,0.342,2.027,988.88112,,5746.0,1.697,1.132,Transit,2013.0,Kepler,835.455,Gas Giant
Kepler-1705 b,Kepler-1705,2.03,0.18110478,4.47,0.01406419,0.033,789.0,91.74,0.08,9.03502,,6312.0,1.259,1.139,Transit,2021.0,Kepler,1633.49,Super-Earth
Kepler-1708 b,Kepler-1708,9.96,0.88857321,1462.0106722,4.6,0.4,,0.561,1.64,737.1131,,6157.0,1.117,1.088,Transit,2021.0,Kepler,1666.69,Gas Giant
Kepler-1709 b,Kepler-1709,3.12424875,0.27872728,9.93,0.0312,0.0,472.0,11.7,0.32704,65.70459747,,5918.0,1.043,1.003,Transit,2021.0,Kepler,273.946,Neptunian
Kepler-171 b,Kepler-171,2.34,0.209,6.08,0.0191,0.0,1053.0,304.178,0.05,4.166972,,5642.0,0.839,0.978,Transit,2014.0,Kepler,863.855,Super-Earth
Kepler-171 c,Kepler-171,2.56,0.228,7.08,0.0223,0.0,752.0,78.905,0.098,11.463462,,5642.0,0.839,0.978,Transit,2014.0,Kepler,863.855,Neptunian
Kepler-171 d,Kepler-171,1.89,0.169,4.23,0.0133,0.0,497.0,15.103,0.223,39.595519,,5642.0,0.839,0.978,Transit,2014.0,Kepler,863.855,Super-Earth
Kepler-1710 b,Kepler-1710,3.19744103,0.28525707,3.49494179,0.01099626,0.0,694.0,48.9,0.11583,14.91110039,,5650.0,0.899,0.932,Transit,2021.0,Kepler,305.193,Neptunian
Kepler-1711 b,Kepler-1711,1.923,0.17155886,4.36,0.0137,0.0,669.0,47.39,0.1463,21.06080055,,5706.0,1.034,0.94,Transit,2021.0,Kepler,590.268,Super-Earth
Kepler-1712 b,Kepler-1712,2.28372556,0.2037407,5.83,0.0184,0.0,391.0,5.52,0.0903,13.81499958,,3732.0,0.509,0.515,Transit,2021.0,Kepler,156.264,Super-Earth
Kepler-1713 b,Kepler-1713,1.71673535,0.15315713,3.59,0.0113,0.0,900.0,144.3,0.14185,18.01160049,,6477.0,1.459,1.3,Transit,2021.0,Kepler,295.293,Super-Earth
Kepler-1714 b,Kepler-1714,3.26437302,0.29122836,10.7,0.0337,0.0,1211.0,504.3,0.10549,10.27530003,,6150.0,2.086,1.448,Transit,2021.0,Kepler,409.46,Neptunian
Kepler-1715 b,Kepler-1715,4.14042267,0.36938441,16.0,0.0504,0.0,646.0,53.0,0.22429,35.59730148,,6212.0,1.209,1.082,Transit,2021.0,Kepler,522.605,Neptunian
Kepler-1716 b,Kepler-1716,2.4247685,0.21632373,6.46,0.0203,0.0,408.0,6.3,0.18836,35.58100128,,4894.0,0.684,0.753,Transit,2021.0,Kepler,195.439,Super-Earth
Kepler-1717 b,Kepler-1717,2.98929758,0.26668773,9.21,0.029,0.0,780.0,87.69,0.2014,30.65279961,,6200.0,1.64,1.158,Transit,2021.0,Kepler,1008.79,Neptunian
Kepler-1718 b,Kepler-1718,2.5685207,0.22914846,7.12,0.0224,0.0,345.0,3.7,0.48418,135.1880035,,5731.0,0.906,0.846,Transit,2021.0,Kepler,375.522,Neptunian
Kepler-1719 b,Kepler-1719,3.95000623,0.35239656,14.8,0.0465,0.0,1287.0,686.9,0.06868,6.149559975,,5687.0,1.775,1.08,Transit,2021.0,Kepler,905.406,Neptunian
Kepler-172 b,Kepler-172,2.35,0.21,6.12,0.0193,0.0,1256.0,639.476,0.04,2.940309,,5526.0,1.085,1.081,Transit,2014.0,Kepler,828.592,Super-Earth
Kepler-172 c,Kepler-172,2.86,0.255,8.55,0.0269,0.0,970.0,227.225,0.068,6.388996,,5526.0,1.085,1.081,Transit,2014.0,Kepler,828.592,Neptunian
Kepler-172 d,Kepler-172,2.25,0.201,5.69,0.0179,0.0,736.0,75.29,0.118,14.627119,,5526.0,1.085,1.081,Transit,2014.0,Kepler,828.592,Super-Earth
Kepler-172 e,Kepler-172,2.76,0.246,8.05,0.0253,0.0,550.0,23.431,0.211,35.118736,,5526.0,1.085,1.081,Transit,2014.0,Kepler,828.592,Neptunian
Kepler-1720 b,Kepler-1720,3.21585295,0.28689968,10.4,0.0328,0.0,697.0,55.86,0.1043,12.70639992,,5573.0,0.839,0.939,Transit,2021.0,Kepler,629.445,Neptunian
Kepler-1721 b,Kepler-1721,3.11856756,0.27822044,9.9,0.0312,0.0,924.0,172.6,0.0519,4.592380047,,5351.0,0.796,0.89,Transit,2021.0,Kepler,641.374,Neptunian
Kepler-1722 b,Kepler-1722,2.86719266,0.25579424,8.58,0.027,0.0,753.0,76.14,0.0819,9.178569794,,5506.0,0.788,0.876,Transit,2021.0,Kepler,772.283,Neptunian
Kepler-1723 b,Kepler-1723,2.88046569,0.25697838,8.65,0.0272,0.0,568.0,24.54,0.2249,39.75289917,,6072.0,1.01,0.96,Transit,2021.0,Kepler,811.278,Neptunian
Kepler-1724 b,Kepler-1724,2.83677238,0.25308032,8.43,0.0265,0.0,999.0,234.98,0.0683,6.45442009,,6092.0,0.943,1.016,Transit,2021.0,Kepler,1060.77,Neptunian
Kepler-1725 b,Kepler-1725,2.8125177,0.25091645,8.31,0.0261,0.0,767.0,84.1,0.13263,16.71990013,,6020.0,1.085,1.049,Transit,2021.0,Kepler,558.652,Neptunian
Kepler-1726 b,Kepler-1726,2.50861954,0.22380443,6.84,0.0215,0.0,582.0,24.0,0.12794,18.39629936,,5316.0,0.804,0.876,Transit,2021.0,Kepler,390.552,Neptunian
Kepler-1727 b,Kepler-1727,3.17321625,0.28309588,10.2,0.0321,0.0,757.0,77.75,0.0796,9.029299736,,5349.0,0.82,0.824,Transit,2021.0,Kepler,894.187,Neptunian
Kepler-1728 b,Kepler-1728,2.95501875,0.26362957,9.04,0.0284,0.0,886.0,145.48,0.0535,4.782999992,,5170.0,0.807,0.891,Transit,2021.0,Kepler,651.783,Neptunian
Kepler-1729 b,Kepler-1729,3.89404186,0.34740374,14.4,0.0454,0.0,595.0,29.68,0.0418,4.220970154,,3837.0,0.517,0.544,Transit,2021.0,Kepler,576.181,Neptunian
Kepler-173 b,Kepler-173,1.29,0.115,2.21,0.00696,0.0,1179.0,599.495,0.048,4.263742,,6031.0,0.949,1.067,Transit,2014.0,Kepler,833.165,Terrestrial
Kepler-173 c,Kepler-173,2.43,0.217,6.48,0.0204,0.0,956.0,258.418,0.074,8.005777,,6031.0,0.949,1.067,Transit,2014.0,Kepler,833.165,Super-Earth
Kepler-1730 b,Kepler-1730,4.48524519,0.40014746,18.4,0.0577,0.0,833.0,113.75,0.1131,13.81019974,,5942.0,1.142,1.009,Transit,2021.0,Kepler,1427.08,Neptunian
Kepler-1731 b,Kepler-1731,2.93295657,0.26166131,8.92,0.0281,0.0,486.0,13.3,0.1399,21.76129913,,4859.0,0.72,0.781,Transit,2021.0,Kepler,169.948,Neptunian
Kepler-1732 b,Kepler-1732,4.09903273,0.36569184,15.7,0.0496,0.0,699.0,27.05,0.2015,32.31240082,,5821.0,1.494,1.043,Transit,2021.0,Kepler,1289.41,Neptunian
Kepler-1733 b,Kepler-1733,3.63582354,0.32436701,12.8,0.0404,0.0,1021.0,257.11,0.0933,9.229579926,,6320.0,1.252,1.273,Transit,2021.0,Kepler,2080.51,Neptunian
Kepler-1734 b,Kepler-1734,3.08851092,0.27553896,9.74,0.0306,0.0,985.0,222.91,0.0714,6.796850204,,6061.0,0.97,1.05,Transit,2021.0,Kepler,1482.83,Neptunian
Kepler-1735 b,Kepler-1735,1.19429134,0.10654772,1.84,0.00578,0.0,502.0,15.01,0.0621,7.71792984,,3975.0,0.509,0.535,Transit,2021.0,Kepler,245.303,Terrestrial
Kepler-1736 b,Kepler-1736,3.8765856,0.3458464,14.3,0.0451,0.0,566.0,24.27,0.2188,37.81029892,,6085.0,0.973,0.976,Transit,2021.0,Kepler,1430.0,Neptunian
Kepler-1737 b,Kepler-1737,5.395,0.48131049,25.1,0.079,0.0,383.0,5.09,0.297,64.61750031,,5043.0,0.881,0.834,Transit,2021.0,Kepler,,Neptunian
Kepler-1738 b,Kepler-1738,2.82472883,0.25200586,8.37,0.0263,0.0,957.0,198.67,0.0781,7.674630165,,6063.0,1.001,1.079,Transit,2021.0,Kepler,1302.87,Neptunian
Kepler-1739 b,Kepler-1739,2.43056832,0.21684115,6.48,0.0204,0.0,839.0,117.5,0.0697,7.343709946,,5757.0,0.762,0.865,Transit,2021.0,Kepler,783.666,Super-Earth
Kepler-174 b,Kepler-174,1.96,0.175,4.5,0.0142,0.0,553.0,24.418,0.1,13.98179,,4880.0,0.622,0.602,Transit,2014.0,Kepler,384.757,Super-Earth
Kepler-174 c,Kepler-174,1.49,0.133,2.83,0.00889,0.0,377.0,5.296,0.214,44.000529,,4880.0,0.622,0.602,Transit,2014.0,Kepler,384.757,Terrestrial
Kepler-174 d,Kepler-174,2.19,0.195,5.43,0.0171,0.0,212.0,0.53,0.677,247.35373,,4880.0,0.622,0.602,Transit,2014.0,Kepler,384.757,Super-Earth
Kepler-1740 b,Kepler-1740,3.32321414,0.29647782,11.0,0.0347,0.0,858.0,127.95,0.0779,8.172400475,,5705.0,0.905,0.943,Transit,2021.0,Kepler,1061.77,Neptunian
Kepler-1741 b,Kepler-1741,1.273,0.11356965,2.16,0.00681,0.0,615.0,33.79,0.0296,2.757590055,,3683.0,0.424,0.454,Transit,2021.0,Kepler,270.739,Terrestrial
Kepler-1742 b,Kepler-1742,2.1782413,0.19433001,5.38,0.0169,0.0,462.0,10.73,0.2587,49.47819901,,5776.0,0.849,0.939,Transit,2021.0,Kepler,669.573,Super-Earth
Kepler-1743 b,Kepler-1743,1.59887007,0.14264188,3.18,0.01,0.0,1144.0,515.0,0.084,7.649710178,,5855.0,1.613,1.266,Transit,2021.0,Kepler,538.807,Super-Earth
Kepler-1744 b,Kepler-1744,3.76754004,0.33611799,13.6,0.0429,0.0,532.0,21.0,0.20945,37.10110092,,5986.0,0.85,0.886,Transit,2021.0,Kepler,1091.63,Neptunian
Kepler-1745 b,Kepler-1745,1.92872921,0.17206999,4.38,0.0138,0.0,1449.0,1044.49,0.0408,3.016190052,,5611.0,1.4,0.995,Transit,2021.0,Kepler,996.105,Super-Earth
Kepler-1746 b,Kepler-1746,8.93504475,0.79713267,59.1,0.186,0.0,310.0,3.4,0.94082,321.2120056,,6018.0,1.286,1.09,Transit,2021.0,Kepler,979.541,Gas Giant
Kepler-1747 b,Kepler-1747,4.26508,0.38050561,16.8,0.053,0.0,875.0,138.33,0.066,6.230319977,,5477.0,0.865,0.983,Transit,2021.0,Kepler,1321.38,Neptunian
Kepler-1748 b,Kepler-1748,2.71275017,0.24201578,7.81,0.0246,0.0,955.0,196.33,0.0615,5.823520184,,5774.0,0.864,0.916,Transit,2021.0,Kepler,1083.28,Neptunian
Kepler-1749 b,Kepler-1749,1.61301783,0.14390406,3.23,0.0102,0.0,420.0,7.34,0.0956,14.53409958,,3957.0,0.553,0.551,Transit,2021.0,Kepler,268.2,Super-Earth
Kepler-175 b,Kepler-175,2.56,0.228,7.08,0.0223,0.0,827.0,129.639,0.105,11.903515,,6064.0,1.01,0.969,Transit,2014.0,Kepler,1312.34,Neptunian
Kepler-175 c,Kepler-175,3.1,0.277,9.8,0.0308,0.0,583.0,31.95,0.213,34.035257,,6064.0,1.01,0.969,Transit,2014.0,Kepler,1312.34,Neptunian
Kepler-1750 b,Kepler-1750,6.00434637,0.53567283,30.1,0.0947,0.0,298.0,1.85,0.6785,205.9120026,,5644.0,0.969,0.981,Transit,2021.0,Kepler,1497.33,Gas Giant
Kepler-1751 b,Kepler-1751,1.82417378,0.16274216,3.98,0.0125,0.0,984.0,221.46,0.0712,7.017310143,,6052.0,0.967,0.974,Transit,2021.0,Kepler,1291.47,Super-Earth
Kepler-1752 b,Kepler-1752,4.54060463,0.40508631,18.7,0.059,0.0,419.0,7.29,0.2698,56.35850143,,5446.0,0.821,0.824,Transit,2021.0,Kepler,962.888,Neptunian
Kepler-1753 b,Kepler-1753,2.22678077,0.19866042,5.59,0.0176,0.0,583.0,27.41,0.1179,16.00460052,,5180.0,0.769,0.86,Transit,2021.0,Kepler,707.688,Super-Earth
Kepler-1754 b,Kepler-1754,2.43996509,0.21767948,6.53,0.0205,0.0,672.0,48.2,0.0718,8.195949554,,4723.0,0.747,0.734,Transit,2021.0,Kepler,718.945,Super-Earth
Kepler-1755 b,Kepler-1755,5.91688317,0.52786987,29.4,0.0924,0.0,631.0,37.43,0.1668,24.81209946,,6086.0,0.921,1.003,Transit,2021.0,Kepler,982.383,Neptunian
Kepler-1756 b,Kepler-1756,1.47199944,0.13132322,2.77,0.00871,0.0,1093.0,338.4,0.0319,2.355750084,,4915.0,0.812,0.781,Transit,2021.0,Kepler,,Terrestrial
Kepler-1757 b,Kepler-1757,2.94660251,0.26287872,8.99,0.0283,0.0,549.0,21.5,0.1335,19.65640068,,5288.0,0.74,0.828,Transit,2021.0,Kepler,807.308,Neptunian
Kepler-1758 b,Kepler-1758,2.57059831,0.22933382,7.13,0.0224,0.0,1028.0,93.64,0.0919,9.977210045,,5557.0,1.616,1.035,Transit,2021.0,Kepler,1588.41,Neptunian
Kepler-1759 b,Kepler-1759,0.9037791,0.08062991,0.676,0.00213,0.0,954.0,195.7,0.0429,3.720230103,,5017.0,0.797,0.76,Transit,2021.0,Kepler,385.348,Terrestrial
Kepler-176 b,Kepler-176,1.43,0.128,290.537,0.91413163,0.0,841.0,123.802,0.058,5.433074,,5232.0,0.891,0.86,Transit,2014.0,Kepler,527.321,Terrestrial
Kepler-176 c,Kepler-176,2.6,0.232,1.33,0.00418465,0.0,633.0,39.631,0.102,12.759712,,5232.0,0.891,0.86,Transit,2014.0,Kepler,527.321,Neptunian
Kepler-176 d,Kepler-176,2.51,0.224,1.72,0.00541173,0.0,501.0,15.536,0.163,25.751974,,5232.0,0.891,0.86,Transit,2014.0,Kepler,527.321,Neptunian
Kepler-176 e,Kepler-176,1.45,0.12936034,0.52075,0.00163846,0.0,398.0,6.22,0.25654,51.16579,,5295.0,0.83,0.87,Transit,2016.0,Kepler,527.321,Terrestrial
Kepler-1760 b,Kepler-1760,2.28995546,0.20429649,5.86,0.0184,0.0,480.0,12.56,0.2084,38.3260994,,5229.0,0.903,0.821,Transit,2021.0,Kepler,,Super-Earth
Kepler-1761 b,Kepler-1761,1.39109603,0.12410549,2.51,0.00791,0.0,613.0,33.34,0.0413,4.043540001,,3871.0,0.532,0.573,Transit,2021.0,Kepler,221.186,Terrestrial
Kepler-1762 b,Kepler-1762,2.76022913,0.24625157,8.05,0.0253,0.0,714.0,61.49,0.204,29.53910065,,6572.0,1.238,1.298,Transit,2021.0,Kepler,1663.74,Neptunian
Kepler-1763 b,Kepler-1763,1.14651332,0.10228524,1.59,0.00499,0.0,1822.0,2597.27,0.0257,1.480280042,,5897.0,1.259,1.026,Transit,2021.0,Kepler,756.486,Terrestrial
Kepler-1764 b,Kepler-1764,4.55527871,0.40639545,18.8,0.0593,0.0,511.0,16.17,0.3512,70.46829987,,6461.0,1.131,1.162,Transit,2021.0,Kepler,1542.48,Neptunian
Kepler-1765 b,Kepler-1765,2.49508857,0.22259728,6.78,0.0213,0.0,855.0,126.48,0.0917,10.41889954,,5692.0,1.064,0.946,Transit,2021.0,Kepler,764.456,Super-Earth
Kepler-1766 b,Kepler-1766,2.27904508,0.20332313,5.81,0.0183,0.0,406.0,7.8,0.4161,105.0149994,,5868.0,1.042,0.915,Transit,2021.0,Kepler,501.229,Super-Earth
Kepler-1767 b,Kepler-1767,3.01299077,0.26880149,9.34,0.0294,0.0,393.0,5.66,0.2873,59.65829849,,5243.0,0.831,0.887,Transit,2021.0,Kepler,820.506,Neptunian
Kepler-1768 b,Kepler-1768,2.23346338,0.1992566,5.62,0.0177,0.0,933.0,179.16,0.1286,15.13589954,,6050.0,1.572,1.24,Transit,2021.0,Kepler,632.766,Super-Earth
Kepler-1769 b,Kepler-1769,4.465,0.39834131,18.2,0.0573,0.0,483.0,8.9,0.40598,89.1934967,,6071.0,1.295,1.061,Transit,2021.0,Kepler,438.412,Neptunian
Kepler-177 b,Kepler-177,3.5,0.31224909,5.84,0.0183746,0.0,549.0,30.4,0.21101,36.8601,,5732.0,1.324,0.921,Transit,2013.0,Kepler,1435.44,Neptunian
Kepler-177 c,Kepler-177,8.73,0.77883843,14.7,0.04625114,0.0,497.0,25.4,0.25655,49.40926,,5732.0,1.324,0.921,Transit,2013.0,Kepler,1435.44,Gas Giant
Kepler-1770 b,Kepler-1770,2.84141754,0.25349473,8.45,0.0266,0.0,699.0,56.43,0.1261,16.84189987,,5602.0,1.009,0.941,Transit,2021.0,Kepler,582.942,Neptunian
Kepler-1771 b,Kepler-1771,4.05537256,0.36179673,15.5,0.0487,0.0,391.0,5.51,0.3815,88.64399719,,5661.0,0.934,0.941,Transit,2021.0,Kepler,565.752,Neptunian
Kepler-1772 b,Kepler-1772,2.68609988,0.23963819,7.68,0.0242,0.0,1155.0,1485.0,0.04391,3.215090036,,5541.0,0.934,0.942,Transit,2021.0,Kepler,871.564,Neptunian
Kepler-1773 b,Kepler-1773,3.50469499,0.31266848,12.1,0.038,0.0,623.0,39.2,0.24831,40.80970001,,6183.0,1.3,1.241,Transit,2021.0,Kepler,681.255,Neptunian
Kepler-1774 b,Kepler-1774,3.18179549,0.28386127,10.2,0.0322,0.0,522.0,16.4,0.29496,59.77080154,,6214.0,1.122,1.101,Transit,2021.0,Kepler,816.592,Neptunian
Kepler-1775 b,Kepler-1775,3.64762153,0.32541956,12.9,0.0406,0.0,522.0,9.9,0.39565,85.65399933,,5818.0,1.647,1.149,Transit,2021.0,Kepler,657.023,Neptunian
Kepler-1776 b,Kepler-1776,2.61157023,0.23298909,7.33,0.023,0.0,603.0,29.9,0.2093,35.01190186,,5872.0,1.153,1.041,Transit,2021.0,Kepler,690.336,Neptunian
Kepler-1777 b,Kepler-1777,2.13189678,0.19019542,5.19,0.0163,0.0,819.0,71.3,0.10301,12.18420029,,5771.0,1.068,0.984,Transit,2021.0,Kepler,619.146,Super-Earth
Kepler-1778 b,Kepler-1778,3.01665969,0.26912881,9.36,0.0294,0.0,942.0,186.14,0.0956,10.08740044,,6310.0,1.095,1.143,Transit,2021.0,Kepler,1276.29,Neptunian
Kepler-1779 b,Kepler-1779,3.03295685,0.27058275,9.44,0.0297,0.0,730.0,67.34,0.1264,16.34359932,,5730.0,1.056,1.008,Transit,2021.0,Kepler,908.501,Neptunian
Kepler-178 b,Kepler-178,2.9,0.259,8.75,0.0275,0.0,846.0,84.571,0.085,9.576694,,5676.0,1.066,0.852,Transit,2014.0,Kepler,716.025,Neptunian
Kepler-178 c,Kepler-178,2.88,0.257,8.65,0.0272,0.0,656.0,30.546,0.142,20.552802,,5676.0,1.066,0.852,Transit,2014.0,Kepler,716.025,Neptunian
Kepler-178 d,Kepler-178,3.95,0.352,14.8,0.0465,0.0,392.0,3.874,0.397,96.678988,,5676.0,1.066,0.852,Transit,2014.0,Kepler,716.025,Neptunian
Kepler-1780 b,Kepler-1780,3.60600667,0.32170692,12.7,0.0399,0.0,340.0,3.14,0.4276,109.4449997,,5403.0,0.868,0.868,Transit,2021.0,Kepler,790.516,Neptunian
Kepler-1781 b,Kepler-1781,2.38091029,0.21241095,6.26,0.0197,0.0,1003.0,239.11,0.0574,4.88752985,,5568.0,0.957,1.053,Transit,2021.0,Kepler,962.63,Super-Earth
Kepler-1782 b,Kepler-1782,2.22927435,0.19888288,5.6,0.0176,0.0,773.0,86.0,0.05825,5.756229877,,4931.0,0.734,0.794,Transit,2021.0,Kepler,305.792,Super-Earth
Kepler-1783 b,Kepler-1783,1.31946731,0.11771519,2.3,0.00723,0.0,1088.0,65.5,0.07595,8.277440071,,5129.0,1.781,0.887,Transit,2021.0,Kepler,264.078,Terrestrial
Kepler-1784 b,Kepler-1784,2.79936489,0.24974304,8.24,0.0259,0.0,724.0,64.8,0.1072,13.59049988,,5442.0,0.974,0.887,Transit,2021.0,Kepler,883.045,Neptunian
Kepler-1785 b,Kepler-1785,2.70422447,0.24125516,7.77,0.0245,0.0,666.0,47.3,0.13917,19.58550072,,5618.0,0.996,0.911,Transit,2021.0,Kepler,745.74,Neptunian
Kepler-1786 b,Kepler-1786,3.16305828,0.28218964,10.1,0.0319,0.0,501.0,10.7,0.35722,78.5460968,,5808.0,1.397,1.058,Transit,2021.0,Kepler,863.909,Neptunian
Kepler-1787 b,Kepler-1787,2.31898181,0.20688606,5.99,0.0188,0.0,540.0,20.04,0.227,39.31370163,,6060.0,0.925,1.008,Transit,2021.0,Kepler,778.602,Super-Earth
Kepler-1788 b,Kepler-1788,2.37850461,0.21219633,6.25,0.0197,0.0,956.0,197.81,0.0343,2.800120115,,4786.0,0.704,0.686,Transit,2021.0,Kepler,560.445,Super-Earth
Kepler-1789 b,Kepler-1789,2.83137505,0.2525988,8.4,0.0264,0.0,380.0,4.91,0.3543,80.23190308,,5436.0,0.888,0.92,Transit,2021.0,Kepler,611.461,Neptunian
Kepler-179 b,Kepler-179,1.64,0.146,3.33,0.0105,0.0,1075.0,360.262,0.036,2.735926,,5302.0,0.759,0.893,Transit,2014.0,Kepler,605.68,Super-Earth
Kepler-179 c,Kepler-179,2.0,0.178,4.66,0.0147,0.0,810.0,115.983,0.064,6.40013,,5302.0,0.759,0.893,Transit,2014.0,Kepler,605.68,Super-Earth
Kepler-1790 b,Kepler-1790,3.1446145,0.2805442,10.0,0.0316,0.0,682.0,49.2,0.20989,31.58889961,,5866.0,1.367,1.02,Transit,2021.0,Kepler,1070.17,Neptunian
Kepler-1791 b,Kepler-1791,3.12103321,0.27844041,9.91,0.0312,0.0,1021.0,257.14,0.0761,7.720860004,,5887.0,1.177,0.985,Transit,2021.0,Kepler,602.218,Neptunian
Kepler-1792 b,Kepler-1792,2.51990972,0.22481167,6.89,0.0217,0.0,1047.0,283.78,0.0488,4.1957798,,5229.0,1.005,0.878,Transit,2021.0,Kepler,601.029,Neptunian
Kepler-1793 b,Kepler-1793,3.79037518,0.33815521,13.8,0.0434,0.0,713.0,61.24,0.0787,8.779999733,,5191.0,0.764,0.85,Transit,2021.0,Kepler,1189.88,Neptunian
Kepler-1794 b,Kepler-1794,1.79426276,0.16007368,3.87,0.0122,0.0,703.0,57.59,0.0821,9.762980461,,5052.0,0.816,0.773,Transit,2021.0,Kepler,561.229,Super-Earth
Kepler-1795 b,Kepler-1795,1.66301611,0.14836462,3.4,0.0107,0.0,520.0,17.3,0.1002,13.36019993,,4500.0,0.688,0.768,Transit,2021.0,Kepler,,Super-Earth
Kepler-1796 b,Kepler-1796,2.75047868,0.24538169,8.0,0.0252,0.0,598.0,30.3,0.1879,29.4557991,,6036.0,0.949,1.018,Transit,2021.0,Kepler,825.883,Neptunian
Kepler-1797 b,Kepler-1797,3.05774442,0.27279416,9.58,0.0301,0.0,684.0,51.68,0.1637,23.3593998,,6244.0,1.009,1.069,Transit,2021.0,Kepler,1338.49,Neptunian
Kepler-1798 b,Kepler-1798,2.30911251,0.20600557,5.94,0.0187,0.0,408.0,6.52,0.1082,16.85589981,,3967.0,0.587,0.593,Transit,2021.0,Kepler,395.196,Super-Earth
Kepler-1799 b,Kepler-1799,4.12801189,0.36827719,15.9,0.0501,0.0,770.0,83.04,0.1028,11.9296999,,5831.0,0.921,1.016,Transit,2021.0,Kepler,2254.69,Neptunian
Kepler-18 b,Kepler-18,2.0,0.178,6.9,0.022,0.0,1165.0,355.735,0.0447,3.504725,,5345.0,1.108,0.972,Transit,2011.0,Kepler,433.047,Super-Earth
Kepler-18 c,Kepler-18,5.49,0.49,17.3,0.054,0.0,899.0,126.081,0.0752,7.64159,,5345.0,1.108,0.972,Transit,2011.0,Kepler,433.047,Neptunian
Kepler-18 d,Kepler-18,6.98,0.623,16.4,0.052,0.0,720.0,51.922,0.1172,14.85888,,5345.0,1.108,0.972,Transit,2011.0,Kepler,433.047,Gas Giant
Kepler-180 b,Kepler-180,1.5,0.134,2.86,0.00899,0.0,781.0,72.119,0.109,13.817124,,5731.0,1.063,0.95,Transit,2014.0,Kepler,695.65,Super-Earth
Kepler-180 c,Kepler-180,3.01,0.269,9.32,0.0293,0.0,540.0,16.423,0.229,41.885775,,5731.0,1.063,0.95,Transit,2014.0,Kepler,695.65,Neptunian
Kepler-1800 b,Kepler-1800,0.99679734,0.08892846,0.961,0.00302,0.0,1533.0,242.0,0.05098,4.562029839,,5343.0,2.506,1.33,Transit,2021.0,Kepler,350.455,Terrestrial
Kepler-1801 b,Kepler-1801,2.70926154,0.24170454,7.8,0.0245,0.0,829.0,111.52,0.0915,10.44089985,,5738.0,0.981,0.936,Transit,2021.0,Kepler,839.332,Neptunian
Kepler-1801 c,Kepler-1801,2.91,0.25961326,8.8,0.0277,0.0,371.0,4.47,0.4572,116.583183,,5738.0,0.981,0.936,Transit,2023.0,Kepler,839.332,Neptunian
Kepler-1802 b,Kepler-1802,1.671,0.14907689,3.43,0.0108,0.0,581.0,26.91,0.0662,15.45020008,,4245.0,0.637,0.649,Transit,2021.0,Kepler,636.694,Super-Earth
Kepler-1802 c,Kepler-1802,2.322,0.20715532,6.0,0.0189,0.0,357.0,3.86,0.1748,33.13610077,,4245.0,0.637,0.649,Transit,2021.0,Kepler,636.694,Super-Earth
Kepler-1804 b,Kepler-1804,1.59615726,0.14239986,3.18,0.00999,0.0,913.0,164.61,0.1017,12.28849983,,5109.0,1.671,0.929,Transit,2021.0,Kepler,434.456,Super-Earth
Kepler-1805 b,Kepler-1805,1.54502915,0.13783851,3.0,0.00945,0.0,479.0,12.48,0.0699,8.847940445,,3867.0,0.552,0.581,Transit,2021.0,Kepler,221.639,Super-Earth
Kepler-1806 b,Kepler-1806,2.35560189,0.21015309,6.15,0.0193,0.0,729.0,66.89,0.0813,9.033320427,,5311.0,0.788,0.884,Transit,2021.0,Kepler,978.066,Super-Earth
Kepler-1807 b,Kepler-1807,2.70393215,0.24122908,7.77,0.0245,0.0,1108.0,356.24,0.0988,10.86060047,,6455.0,1.496,1.087,Transit,2021.0,Kepler,1299.32,Neptunian
Kepler-1808 b,Kepler-1808,3.02511302,0.26988297,9.4,0.0296,0.0,601.0,30.94,0.1467,23.3404007,,5530.0,0.892,0.773,Transit,2021.0,Kepler,1022.01,Neptunian
Kepler-1809 b,Kepler-1809,1.513,0.13498105,2.9,0.00912,0.0,877.0,158.2,0.04444,3.7572999,,4901.0,0.716,0.807,Transit,2021.0,Kepler,409.602,Super-Earth
Kepler-181 b,Kepler-181,1.27,0.113,2.15,0.00678,0.0,1041.0,255.584,0.04,3.137873,,5333.0,0.749,0.81,Transit,2014.0,Kepler,609.283,Terrestrial
Kepler-181 c,Kepler-181,1.99,0.178,4.62,0.0145,0.0,937.0,168.188,0.049,4.302149,,5333.0,0.749,0.81,Transit,2014.0,Kepler,609.283,Super-Earth
Kepler-1810 b,Kepler-1810,3.91815325,0.34955482,14.6,0.0459,0.0,380.0,4.91,0.4137,101.1330032,,5492.0,1.016,0.921,Transit,2021.0,Kepler,1009.87,Neptunian
Kepler-1811 b,Kepler-1811,3.84829873,0.34332281,14.1,0.0445,0.0,455.0,10.11,0.3462,76.42230225,,5561.0,1.19,0.946,Transit,2021.0,Kepler,1390.56,Neptunian
Kepler-1812 b,Kepler-1812,2.3249424,0.20741783,6.01,0.0189,0.0,1034.0,270.34,0.0765,7.165219784,,6174.0,1.103,1.162,Transit,2021.0,Kepler,1409.19,Super-Earth
Kepler-1813 b,Kepler-1813,1.413,0.12605963,2.58,0.00812,0.0,1059.0,298.2,0.0364,2.818160057,,5167.0,0.787,0.812,Transit,2021.0,Kepler,,Terrestrial
Kepler-1814 b,Kepler-1814,2.36961357,0.21140313,6.21,0.0195,0.0,1022.0,216.9,0.03765,2.935359955,,4922.0,0.823,0.79,Transit,2021.0,Kepler,726.346,Super-Earth
Kepler-1814 c,Kepler-1814,1.76,0.15701695,3.75,0.0118,0.0,1711.0,2011.27,0.0133,0.626281766,,4922.0,0.823,0.79,Transit,2023.0,Kepler,726.346,Super-Earth
Kepler-1815 b,Kepler-1815,2.7489262,0.24524319,7.99,0.0251,0.0,763.0,80.01,0.0984,12.19139957,,5516.0,0.967,0.856,Transit,2021.0,Kepler,1006.63,Neptunian
Kepler-1816 b,Kepler-1816,1.9679397,0.17556812,4.53,0.0143,0.0,310.0,2.0,0.35647,91.50099945,,5051.0,0.706,0.786,Transit,2021.0,Kepler,437.823,Super-Earth
Kepler-1817 b,Kepler-1817,2.27349126,0.20282765,5.79,0.0182,0.0,463.0,10.85,0.2348,44.29919815,,5316.0,0.915,0.878,Transit,2021.0,Kepler,748.569,Super-Earth
Kepler-1818 b,Kepler-1818,1.71360684,0.15287803,3.58,0.0113,0.0,1209.0,504.23,0.055,4.644909859,,6047.0,1.129,1.021,Transit,2021.0,Kepler,1034.59,Super-Earth
Kepler-1819 b,Kepler-1819,3.90351256,0.34824866,14.5,0.0456,0.0,760.0,78.99,0.1337,16.48690033,,6090.0,1.071,1.173,Transit,2021.0,Kepler,1363.19,Neptunian
Kepler-182 b,Kepler-182,2.58,0.23,7.18,0.0226,0.0,935.0,239.787,0.096,9.825792,,6250.0,1.146,1.114,Transit,2014.0,Kepler,1549.09,Neptunian
Kepler-182 c,Kepler-182,3.43,0.306,11.6,0.0366,0.0,729.0,88.852,0.157,20.684342,,6250.0,1.146,1.114,Transit,2014.0,Kepler,1549.09,Neptunian
Kepler-1820 b,Kepler-1820,3.11883067,0.27824391,9.9,0.0312,0.0,561.0,23.41,0.1964,31.03249931,,5841.0,0.931,1.047,Transit,2021.0,Kepler,1425.39,Neptunian
Kepler-1821 b,Kepler-1821,2.59248115,0.23128608,7.24,0.0228,0.0,644.0,40.61,0.1244,16.45809937,,5475.0,0.884,0.946,Transit,2021.0,Kepler,799.699,Neptunian
Kepler-1822 b,Kepler-1822,2.64755943,0.23619984,7.5,0.0236,0.0,507.0,15.65,0.1416,22.13339996,,5165.0,0.702,0.782,Transit,2021.0,Kepler,897.597,Neptunian
Kepler-1823 b,Kepler-1823,2.0861268,0.18611209,5.0,0.0157,0.0,718.0,78.0,0.15332,21.10339928,,6000.0,1.126,1.068,Transit,2021.0,Kepler,724.971,Super-Earth
Kepler-1824 b,Kepler-1824,2.38127597,0.21244358,6.26,0.0197,0.0,421.0,7.45,0.4267,95.61100006,,6002.0,1.081,1.135,Transit,2021.0,Kepler,1040.1,Super-Earth
Kepler-1825 b,Kepler-1825,1.42200732,0.12686321,2.61,0.00821,0.0,1520.0,1264.7,0.0187,1.025869966,,5123.0,0.847,0.828,Transit,2021.0,Kepler,430.254,Terrestrial
Kepler-1826 b,Kepler-1826,1.47519116,0.13160797,2.78,0.00874,0.0,806.0,99.32,0.0213,1.615360022,,3821.0,0.486,0.49,Transit,2021.0,Kepler,336.952,Terrestrial
Kepler-1827 b,Kepler-1827,1.85644292,0.16562103,4.1,0.0129,0.0,1329.0,1113.4,0.04647,3.700619936,,5423.0,1.404,0.915,Transit,2021.0,Kepler,686.461,Super-Earth
Kepler-1828 b,Kepler-1828,2.11598626,0.18877597,5.13,0.0161,0.0,799.0,96.27,0.0924,10.2737999,,5806.0,0.899,0.996,Transit,2021.0,Kepler,871.81,Super-Earth
Kepler-1829 b,Kepler-1829,2.47887001,0.22115035,6.71,0.0211,0.0,860.0,129.37,0.0559,5.186719894,,5230.0,0.777,0.873,Transit,2021.0,Kepler,679.921,Super-Earth
Kepler-183 b,Kepler-183,2.06,0.184,4.9,0.0154,0.0,1088.0,281.845,0.064,5.687945,,5888.0,0.958,0.99,Transit,2014.0,Kepler,1050.64,Super-Earth
Kepler-183 c,Kepler-183,2.27,0.203,35.7,0.112,0.0,857.0,108.717,0.103,11.637071,,5888.0,0.958,0.99,Transit,2014.0,Kepler,1050.64,Super-Earth
Kepler-1830 b,Kepler-1830,3.32992941,0.29707691,11.1,0.0348,0.0,681.0,35.8,0.31769,56.49330139,,6160.0,2.046,1.443,Transit,2021.0,Kepler,1056.88,Neptunian
Kepler-1831 b,Kepler-1831,1.97019818,0.17576961,4.54,0.0143,0.0,1051.0,288.69,0.0655,5.78387022,,6063.0,1.012,1.117,Transit,2021.0,Kepler,1053.49,Super-Earth
Kepler-1832 b,Kepler-1832,1.22719556,0.10948324,2.02,0.00637,0.0,1022.0,257.32,0.037,3.138789892,,5242.0,0.722,0.684,Transit,2021.0,Kepler,486.174,Terrestrial
Kepler-1833 b,Kepler-1833,1.30027362,0.11600284,2.24,0.00705,0.0,1177.0,439.2,0.07545,6.892129898,,6164.0,1.446,1.286,Transit,2021.0,Kepler,591.602,Terrestrial
Kepler-1834 b,Kepler-1834,1.4593834,0.13019769,2.73,0.00858,0.0,848.0,105.2,0.04911,4.603010178,,4821.0,0.788,0.765,Transit,2021.0,Kepler,500.395,Terrestrial
Kepler-1834 c,Kepler-1834,1.22,0.1088413,1.98,0.00624,0.0,1541.0,1334.22,0.015,0.766691517,,4821.0,0.788,0.765,Transit,2023.0,Kepler,500.395,Terrestrial
Kepler-1835 b,Kepler-1835,3.53387773,0.315272,12.2,0.0385,0.0,808.0,100.96,0.0997,11.96409988,,5903.0,0.961,0.922,Transit,2021.0,Kepler,1404.38,Neptunian
Kepler-1836 b,Kepler-1836,2.55303229,0.22776668,7.05,0.0222,0.0,1093.0,338.15,0.0602,5.254169941,,6123.0,0.987,1.053,Transit,2021.0,Kepler,1472.62,Neptunian
Kepler-1837 b,Kepler-1837,2.06673842,0.18438237,4.92,0.0155,0.0,1012.0,247.83,0.065,5.906089783,,5966.0,0.961,1.049,Transit,2021.0,Kepler,1229.18,Super-Earth
Kepler-1838 b,Kepler-1838,1.66049425,0.14813963,3.4,0.0107,0.0,1097.0,271.6,0.11082,12.14680004,,5877.0,1.963,1.187,Transit,2021.0,Kepler,451.242,Super-Earth
Kepler-1839 b,Kepler-1839,1.9493759,0.17391197,4.46,0.014,0.0,1049.0,286.32,0.0583,5.056759834,,5926.0,0.939,1.03,Transit,2021.0,Kepler,1136.6,Super-Earth
Kepler-184 b,Kepler-184,2.36,0.211,6.17,0.0194,0.0,780.0,70.361,0.092,10.687576,,5788.0,0.873,0.872,Transit,2014.0,Kepler,610.326,Super-Earth
Kepler-184 c,Kepler-184,1.97,0.176,8.8,0.028,0.0,630.0,29.875,0.141,20.303005,,5788.0,0.873,0.872,Transit,2014.0,Kepler,610.326,Super-Earth
Kepler-184 d,Kepler-184,2.49,0.222,6.76,0.0213,0.0,559.0,18.557,0.179,29.022358,,5788.0,0.873,0.872,Transit,2014.0,Kepler,610.326,Super-Earth
Kepler-1840 b,Kepler-1840,2.77771129,0.24781123,8.13,0.0256,0.0,284.0,1.3,0.46206,131.1900024,,4898.0,0.803,0.774,Transit,2021.0,Kepler,513.107,Neptunian
Kepler-1841 b,Kepler-1841,1.48912557,0.13285111,2.82,0.00888,0.0,542.0,20.35,0.1606,25.88599968,,5190.0,0.899,0.823,Transit,2021.0,Kepler,631.7,Terrestrial
Kepler-1842 b,Kepler-1842,2.35388681,0.21000008,6.14,0.0193,0.0,822.0,108.07,0.116,14.02639961,,5970.0,1.131,1.057,Transit,2021.0,Kepler,923.551,Super-Earth
Kepler-1843 b,Kepler-1843,2.70909809,0.24168996,7.8,0.0245,0.0,772.0,111.8,0.17871,25.54339981,,5422.0,1.782,1.02,Transit,2021.0,Kepler,784.625,Neptunian
Kepler-1844 b,Kepler-1844,3.03648191,0.27089724,9.46,0.0298,0.0,1074.0,314.25,0.0478,3.924510002,,5776.0,0.849,0.939,Transit,2021.0,Kepler,1804.36,Neptunian
Kepler-1845 b,Kepler-1845,2.43836702,0.21753691,6.52,0.0205,0.0,584.0,27.47,0.0885,11.60649967,,4703.0,0.701,0.686,Transit,2021.0,Kepler,710.724,Super-Earth
Kepler-1846 b,Kepler-1846,1.76378826,0.15735492,3.76,0.0118,0.0,552.0,24.5,0.11054,14.82009983,,4825.0,0.732,0.785,Transit,2021.0,Kepler,374.615,Super-Earth
Kepler-1847 b,Kepler-1847,2.74516914,0.24490801,7.97,0.0251,0.0,843.0,119.44,0.0989,11.12969971,,6122.0,0.964,1.041,Transit,2021.0,Kepler,1693.86,Neptunian
Kepler-1848 b,Kepler-1848,1.4088539,0.12568974,2.57,0.00808,0.0,774.0,94.3,0.05835,5.604020119,,4847.0,0.737,0.756,Transit,2021.0,Kepler,309.696,Terrestrial
Kepler-1849 b,Kepler-1849,2.38685349,0.21294117,6.29,0.0198,0.0,355.0,3.76,0.2597,57.29290009,,4806.0,0.729,0.709,Transit,2021.0,Kepler,631.884,Super-Earth
Kepler-185 b,Kepler-185,1.17,0.104,1.71,0.00537,0.0,1237.0,475.507,0.026,1.6329,,5208.0,0.806,0.763,Transit,2014.0,Kepler,466.735,Terrestrial
Kepler-185 c,Kepler-185,2.02,0.18,4.74,0.0149,0.0,530.0,16.029,0.139,20.729042,,5208.0,0.806,0.763,Transit,2014.0,Kepler,466.735,Super-Earth
Kepler-1850 b,Kepler-1850,0.72909663,0.06504576,0.313,0.000985,0.0,1008.0,245.15,0.0206,1.385800004,,4239.0,0.6,0.611,Transit,2021.0,Kepler,250.199,Terrestrial
Kepler-1851 b,Kepler-1851,3.90012032,0.34794603,14.5,0.0455,0.0,776.0,85.78,0.1016,12.02289963,,5982.0,0.879,0.967,Transit,2021.0,Kepler,1589.81,Neptunian
Kepler-1852 b,Kepler-1852,1.88610592,0.16826739,4.22,0.0133,0.0,760.0,79.1,0.0762,7.970940113,,5237.0,0.826,0.927,Transit,2021.0,Kepler,772.481,Super-Earth
Kepler-1853 b,Kepler-1853,1.51862272,0.13548268,2.92,0.00918,0.0,386.0,5.23,0.2395,48.88819885,,4821.0,0.788,0.765,Transit,2021.0,Kepler,562.348,Super-Earth
Kepler-1854 b,Kepler-1854,2.58746104,0.23083821,7.21,0.0227,0.0,420.0,7.33,0.20894,39.83110046,,5026.0,0.759,0.8,Transit,2021.0,Kepler,423.348,Neptunian
Kepler-1855 b,Kepler-1855,1.216205,0.10850273,1.96,0.00617,0.0,849.0,86.97,0.0115,0.727330983,,3460.0,0.356,0.385,Transit,2021.0,Kepler,,Terrestrial
Kepler-1856 b,Kepler-1856,1.73447868,0.15474009,3.66,0.0115,0.0,1344.0,772.73,0.0215,1.302000046,,4948.0,0.816,0.782,Transit,2021.0,Kepler,848.76,Super-Earth
Kepler-1857 b,Kepler-1857,1.96065412,0.17491815,4.5,0.0142,0.0,946.0,217.4,0.08308,8.94340992,,6074.0,1.005,0.873,Transit,2021.0,Kepler,853.275,Super-Earth
Kepler-1858 b,Kepler-1858,2.42168247,0.21604841,6.44,0.0203,0.0,330.0,2.79,0.3575,88.07160187,,4939.0,0.819,0.785,Transit,2021.0,Kepler,833.055,Super-Earth
Kepler-1859 b,Kepler-1859,1.58313575,0.14123815,3.13,0.00985,0.0,1455.0,1056.15,0.0394,2.729599953,,5887.0,1.235,1.09,Transit,2021.0,Kepler,1331.25,Super-Earth
Kepler-1859 c,Kepler-1859,1.66,0.14809554,3.39,0.0107,0.0,1327.0,732.82,0.0473,3.59645081,,5887.0,1.235,1.09,Transit,2023.0,Kepler,1331.25,Super-Earth
Kepler-186 b,Kepler-186,1.07,0.095,1.24,0.0039,0.0,571.0,37.372,0.0343,3.8867907,M1,3788.0,0.472,0.478,Transit,2014.0,Kepler,177.594,Terrestrial
Kepler-186 c,Kepler-186,1.25,0.112,2.1,0.0066,0.0,464.0,13.98,0.0451,7.267302,M1,3788.0,0.472,0.478,Transit,2014.0,Kepler,177.594,Terrestrial
Kepler-186 d,Kepler-186,1.4,0.125,2.54,0.008,0.0,379.0,7.204,0.0781,13.342996,M1,3788.0,0.472,0.478,Transit,2014.0,Kepler,177.594,Terrestrial
Kepler-186 e,Kepler-186,1.27,0.113,2.15,0.00678,0.0,319.0,3.608,0.11,22.407704,M1,3788.0,0.472,0.478,Transit,2014.0,Kepler,177.594,Terrestrial
Kepler-186 f,Kepler-186,1.17,0.104,1.71,0.00537,0.04,177.0,0.3,0.432,129.9441,M1,3755.0,0.523,0.544,Transit,2014.0,Kepler,177.594,Terrestrial
Kepler-1860 b,Kepler-1860,1.13863767,0.10158262,1.55,0.00487,0.0,697.0,56.3,0.10625,12.73719978,,5420.0,0.868,0.874,Transit,2021.0,Kepler,438.703,Terrestrial
Kepler-1861 b,Kepler-1861,2.20677414,0.19687554,5.5,0.0173,0.0,617.0,31.5,0.24082,40.0306015,,5855.0,1.373,1.161,Transit,2021.0,Kepler,829.985,Super-Earth
Kepler-1862 b,Kepler-1862,2.203,0.19653883,5.49,0.0173,0.0,645.0,41.04,0.1199,16.05730057,,5644.0,0.806,0.9,Transit,2021.0,Kepler,1232.19,Super-Earth
Kepler-1863 b,Kepler-1863,2.26309256,0.20189994,5.74,0.0181,0.0,508.0,41.5,0.23678,44.99760056,,5871.0,0.983,1.097,Transit,2021.0,Kepler,865.546,Super-Earth
Kepler-1864 b,Kepler-1864,0.75408365,0.06727495,0.353,0.00111,0.0,1156.0,427.6,0.049,3.881510019,,5854.0,0.979,1.03,Transit,2021.0,Kepler,298.894,Terrestrial
Kepler-1865 b,Kepler-1865,1.57686072,0.14067833,3.11,0.00979,0.0,1203.0,495.14,0.0344,2.524009943,,5420.0,0.871,0.849,Transit,2021.0,Kepler,922.255,Super-Earth
Kepler-1866 b,Kepler-1866,2.08215108,0.1857574,4.99,0.0157,0.0,834.0,114.36,0.1016,11.66009998,,5791.0,1.083,1.03,Transit,2021.0,Kepler,976.737,Super-Earth
Kepler-1867 b,Kepler-1867,1.15985997,0.10347595,1.65,0.0052,0.0,768.0,82.32,0.0872,9.887359619,,5693.0,0.816,0.911,Transit,2021.0,Kepler,680.583,Terrestrial
Kepler-1868 b,Kepler-1868,3.14950109,0.28098015,10.1,0.0317,0.0,215.0,0.5,0.62348,211.0339966,,4658.0,0.686,0.743,Transit,2021.0,Kepler,274.18,Neptunian
Kepler-1869 b,Kepler-1869,1.11955354,0.09988005,1.46,0.00458,0.0,865.0,138.5,0.07976,8.167360306,,5808.0,0.902,0.987,Transit,2021.0,Kepler,113.025,Terrestrial
Kepler-1869 c,Kepler-1869,0.74,0.06601849,0.33,0.00104,0.0,1455.0,1056.84,0.028,1.716828304,,5808.0,0.902,0.987,Transit,2023.0,Kepler,113.025,Terrestrial
Kepler-187 b,Kepler-187,1.41,0.126,2.57,0.00809,0.0,1244.0,902.239,0.059,4.938864,,6105.0,1.287,1.081,Transit,2014.0,Kepler,1143.0,Terrestrial
Kepler-187 c,Kepler-187,2.67,0.238,7.61,0.0239,0.0,963.0,324.134,0.099,10.640263,,6105.0,1.287,1.081,Transit,2014.0,Kepler,1143.0,Neptunian
Kepler-1870 b,Kepler-1870,2.10143764,0.18747803,5.07,0.0159,0.0,1046.0,287.6,0.0452,3.606940031,,5508.0,0.84,0.955,Transit,2021.0,Kepler,407.216,Super-Earth
Kepler-1871 b,Kepler-1871,2.42172881,0.21605255,6.44,0.0203,0.0,1403.0,917.15,0.0308,1.952700019,,5741.0,0.946,1.02,Transit,2021.0,Kepler,854.623,Super-Earth
Kepler-1872 b,Kepler-1872,2.38421141,0.21270546,6.28,0.0197,0.0,1005.0,241.25,0.0465,3.825910091,,5223.0,0.885,0.913,Transit,2021.0,Kepler,840.182,Super-Earth
Kepler-1873 b,Kepler-1873,1.62573811,0.14503889,3.28,0.0103,0.0,1787.0,2412.15,0.0128,0.558842003,,5151.0,0.792,0.903,Transit,2021.0,Kepler,820.957,Super-Earth
Kepler-1874 b,Kepler-1874,2.21110724,0.19726211,5.52,0.0174,0.0,356.0,3.79,0.2633,56.57320023,,4701.0,0.775,0.758,Transit,2021.0,Kepler,408.007,Super-Earth
Kepler-1875 b,Kepler-1875,3.22686692,0.28788228,10.5,0.033,0.0,559.0,23.05,0.2039,34.45859909,,6161.0,0.862,0.95,Transit,2021.0,Kepler,1660.45,Neptunian
Kepler-1876 b,Kepler-1876,0.853,0.07609969,2.4,0.00755124,0.098,1299.0,475.0,0.0758,6.99205,,6104.0,1.477,1.187,Transit,2021.0,Kepler,259.935,Terrestrial
Kepler-1877 b,Kepler-1877,0.624086,0.05567732,0.179,0.000564,0.0,1278.0,691.1,0.03472,2.377569914,,5615.0,0.936,1.022,Transit,2021.0,Kepler,285.312,Terrestrial
Kepler-1878 b,Kepler-1878,2.92019781,0.26052305,8.86,0.0279,0.0,1063.0,302.6,0.0521,4.445879936,,5918.0,0.865,0.956,Transit,2021.0,Kepler,1494.3,Neptunian
Kepler-1879 b,Kepler-1879,2.06512018,0.184238,4.92,0.0155,0.0,987.0,242.6,0.0957,10.61340046,,5865.0,1.388,1.023,Transit,2021.0,Kepler,627.171,Super-Earth
Kepler-188 b,Kepler-188,1.68,0.15,3.46,0.0109,0.0,1463.0,1069.235,0.032,2.061897,,6021.0,1.141,1.021,Transit,2014.0,Kepler,968.544,Super-Earth
Kepler-188 c,Kepler-188,3.19,0.285,10.3,0.0324,0.0,1025.0,257.348,0.066,5.996553,,6021.0,1.141,1.021,Transit,2014.0,Kepler,968.544,Neptunian
Kepler-1880 b,Kepler-1880,2.11686218,0.18885412,5.13,0.0161,0.0,606.0,31.73,0.054,6.309219837,,4380.0,0.53,0.524,Transit,2021.0,Kepler,611.041,Super-Earth
Kepler-1881 b,Kepler-1881,2.98104391,0.26595138,9.17,0.0289,0.0,289.0,1.5,0.53325,159.3939972,,5135.0,0.874,0.812,Transit,2021.0,Kepler,1057.21,Neptunian
Kepler-1882 b,Kepler-1882,1.48674404,0.13263865,2.81,0.00886,0.0,894.0,122.1,0.11636,13.78730011,,5691.0,1.458,1.068,Transit,2021.0,Kepler,443.371,Terrestrial
Kepler-1883 b,Kepler-1883,3.25107395,0.29004189,10.6,0.0334,0.0,416.0,7.08,0.4438,103.427002,,6208.0,1.024,1.086,Transit,2021.0,Kepler,1377.61,Neptunian
Kepler-1884 b,Kepler-1884,1.81406781,0.16184057,3.95,0.0124,0.0,864.0,131.92,0.0845,8.988320351,,5984.0,0.906,0.993,Transit,2021.0,Kepler,1443.09,Super-Earth
Kepler-1885 b,Kepler-1885,1.51110555,0.13481204,2.89,0.0091,0.0,1205.0,499.07,0.036,2.522559881,,5591.0,0.86,0.977,Transit,2021.0,Kepler,818.482,Super-Earth
Kepler-1886 b,Kepler-1886,2.58158428,0.23031392,7.18,0.0226,0.0,580.0,26.68,0.16,24.2758007,,5745.0,0.837,0.928,Transit,2021.0,Kepler,1059.51,Neptunian
Kepler-1887 b,Kepler-1887,2.92454357,0.26091075,8.88,0.0279,0.0,625.0,36.14,0.1421,19.94750023,,5749.0,0.864,0.961,Transit,2021.0,Kepler,1366.18,Neptunian
Kepler-1888 b,Kepler-1888,1.32578716,0.11827901,2.32,0.00729,0.0,886.0,145.67,0.0956,11.39169979,,5557.0,1.249,0.897,Transit,2021.0,Kepler,402.947,Terrestrial
Kepler-1889 b,Kepler-1889,2.94360686,0.26261147,8.98,0.0282,0.0,493.0,14.0,0.2082,37.30369949,,5646.0,0.817,0.864,Transit,2021.0,Kepler,1395.13,Neptunian
Kepler-189 b,Kepler-189,1.21,0.108,1.92,0.00606,0.0,678.0,45.389,0.088,10.399931,,5235.0,0.75,0.803,Transit,2014.0,Kepler,591.534,Terrestrial
Kepler-189 c,Kepler-189,2.38,0.212,22.7,0.071,0.0,544.0,18.811,0.137,20.134866,,5235.0,0.75,0.803,Transit,2014.0,Kepler,591.534,Super-Earth
Kepler-1890 b,Kepler-1890,0.86867375,0.07749801,0.587,0.00185,0.0,1328.0,493.0,0.05712,4.820590019,,6046.0,1.396,1.024,Transit,2021.0,Kepler,529.596,Terrestrial
Kepler-1891 b,Kepler-1891,1.52139156,0.1357297,2.93,0.00921,0.0,1017.0,253.28,0.0473,4.02229023,,5516.0,0.827,0.873,Transit,2021.0,Kepler,596.24,Super-Earth
Kepler-1892 b,Kepler-1892,1.83707938,0.16389353,4.03,0.0127,0.0,822.0,108.04,0.0633,6.331230164,,5383.0,0.759,0.851,Transit,2021.0,Kepler,851.595,Super-Earth
Kepler-1893 b,Kepler-1893,1.70557445,0.15216142,3.55,0.0112,0.0,1194.0,478.98,0.0504,4.179369926,,5633.0,1.162,0.973,Transit,2021.0,Kepler,1050.72,Super-Earth
Kepler-1894 b,Kepler-1894,1.20117759,0.10716207,1.87,0.0059,0.0,1231.0,544.05,0.0385,2.762660027,,5772.0,0.901,0.999,Transit,2021.0,Kepler,935.191,Terrestrial
Kepler-1894 c,Kepler-1894,1.21,0.10794916,1.92,0.00606,0.0,1007.0,243.06,0.0576,5.05368985,,5772.0,0.901,0.999,Transit,2023.0,Kepler,935.191,Terrestrial
Kepler-1895 b,Kepler-1895,2.11934728,0.18907583,5.14,0.0162,0.0,789.0,91.45,0.0615,6.070290089,,5076.0,0.763,0.86,Transit,2021.0,Kepler,984.187,Super-Earth
Kepler-1896 b,Kepler-1896,3.09935997,0.27650685,9.8,0.0308,0.0,536.0,19.5,0.2529,44.87020111,,6122.0,0.996,1.07,Transit,2021.0,Kepler,1732.91,Neptunian
Kepler-1897 b,Kepler-1897,2.81407954,0.25105579,8.32,0.0262,0.0,505.0,15.43,0.1546,24.22030067,,5165.0,0.761,0.859,Transit,2021.0,Kepler,983.174,Neptunian
Kepler-1898 b,Kepler-1898,0.93353523,0.08328458,0.76,0.00239,0.0,1167.0,204.6,0.05063,4.765620232,,5702.0,1.125,0.837,Transit,2021.0,Kepler,360.921,Terrestrial
Kepler-1899 b,Kepler-1899,1.55098292,0.13836967,3.02,0.00952,0.0,851.0,124.3,0.0457,4.095779896,,4791.0,0.742,0.759,Transit,2021.0,Kepler,711.509,Super-Earth
Kepler-19 b,Kepler-19,2.209,0.19707412,6.1,0.01919275,0.41,851.0,87.6,0.0846,9.28699,,5541.0,0.859,0.936,Transit,2011.0,Kepler,218.562,Super-Earth
Kepler-19 c,Kepler-19,3.68,0.328,13.1,0.041217,0.21,,,0.1765736996,28.731,,5544.0,0.859,0.936,Transit Timing Variations,2011.0,Kepler,218.562,Neptunian
Kepler-190 b,Kepler-190,1.56,0.139,3.05,0.00961,0.0,1166.0,417.238,0.03,2.019999,,5106.0,0.795,0.834,Transit,2014.0,Kepler,433.387,Super-Earth
Kepler-190 c,Kepler-190,1.46,0.13,2.73,0.00859,0.0,948.0,181.699,0.045,3.763024,,5106.0,0.795,0.834,Transit,2014.0,Kepler,433.387,Terrestrial
Kepler-1900 b,Kepler-1900,1.62314676,0.1448077,3.27,0.0103,0.0,1356.0,798.35,0.042,2.986229897,,6173.0,1.041,1.104,Transit,2021.0,Kepler,1540.43,Super-Earth
Kepler-1901 b,Kepler-1901,1.47418907,0.13151857,2.77,0.00873,0.0,1132.0,389.41,0.0453,3.484129906,,5696.0,0.921,1.022,Transit,2021.0,Kepler,1028.37,Terrestrial
Kepler-1902 b,Kepler-1902,1.17563613,0.10488341,1.74,0.00546,0.0,601.0,30.84,0.0385,3.822220087,,3729.0,0.514,0.52,Transit,2021.0,Kepler,344.337,Terrestrial
Kepler-1903 b,Kepler-1903,2.28642395,0.20398143,5.85,0.0184,0.0,769.0,82.56,0.1321,17.0678997,,6347.0,0.996,1.053,Transit,2021.0,Kepler,1775.44,Super-Earth
Kepler-1904 b,Kepler-1904,1.3904994,0.12405226,2.51,0.00791,0.0,567.0,24.38,0.0436,4.577020168,,3805.0,0.497,0.526,Transit,2021.0,Kepler,270.854,Terrestrial
Kepler-1905 b,Kepler-1905,1.4460734,0.12901025,2.69,0.00845,0.0,1212.0,508.75,0.0451,3.42392993,,5788.0,1.015,1.038,Transit,2021.0,Kepler,1051.53,Terrestrial
Kepler-1906 b,Kepler-1906,2.77615754,0.24767261,8.13,0.0256,0.0,901.0,155.72,0.0738,7.362689972,,5868.0,0.894,0.987,Transit,2021.0,Kepler,1360.63,Neptunian
Kepler-1907 b,Kepler-1907,0.86973029,0.07759227,0.589,0.00185,0.0,856.0,75.0,0.05444,5.652450085,,5159.0,0.8,0.752,Transit,2021.0,Kepler,292.111,Terrestrial
Kepler-1907 c,Kepler-1907,1.15547044,0.10308435,1.63,0.00513,0.0,620.0,20.6,0.10371,14.86390018,,5159.0,0.8,0.752,Transit,2021.0,Kepler,292.111,Terrestrial
Kepler-1909 b,Kepler-1909,1.09217411,0.09743742,1.33,0.00419,0.0,1031.0,266.01,0.0306,2.391609907,,4935.0,0.685,0.663,Transit,2021.0,Kepler,763.662,Terrestrial
Kepler-191 b,Kepler-191,1.34,0.12,2.36,0.00742,0.0,722.0,50.2,0.087,9.939632,,5282.0,0.789,0.857,Transit,2014.0,Kepler,594.464,Terrestrial
Kepler-191 c,Kepler-191,1.86,0.166,4.12,0.013,0.0,596.0,23.2,0.128,17.738506,,5282.0,0.789,0.857,Transit,2014.0,Kepler,594.464,Super-Earth
Kepler-191 d,Kepler-191,2.28,0.20340798,5.82,0.0183,0.0,857.0,99.6,0.06104,5.945041017,,5215.0,0.8,0.84,Transit,2016.0,Kepler,594.464,Super-Earth
Kepler-1910 b,Kepler-1910,1.184,0.10562959,1.78,0.0056,0.0,645.0,40.88,0.0536,5.688769817,,4234.0,0.639,0.636,Transit,2021.0,Kepler,,Terrestrial
Kepler-1911 b,Kepler-1911,1.011,0.09019553,1.01,0.00318,0.0,987.0,223.93,0.0636,5.990799904,,5721.0,0.972,0.954,Transit,2021.0,Kepler,269.912,Terrestrial
Kepler-1912 b,Kepler-1912,1.35670508,0.12103733,2.41,0.00758,0.0,976.0,201.8,0.06489,6.059219837,,5734.0,0.962,0.977,Transit,2021.0,Kepler,297.017,Terrestrial
Kepler-1913 b,Kepler-1913,1.51852059,0.13547357,2.92,0.00918,0.0,818.0,105.7,0.1209,14.1960001,,6214.0,1.076,1.169,Transit,2021.0,Kepler,876.3,Super-Earth
Kepler-1914 b,Kepler-1914,2.9429803,0.26255557,8.97,0.0282,0.0,585.0,27.66,0.1954,30.82789993,,5982.0,0.96,1.047,Transit,2021.0,Kepler,1621.56,Neptunian
Kepler-1915 b,Kepler-1915,3.21798413,0.28708981,10.4,0.0329,0.0,809.0,101.05,0.114,13.83539963,,6020.0,1.057,1.03,Transit,2021.0,Kepler,1514.66,Neptunian
Kepler-1916 b,Kepler-1916,2.61757235,0.23352457,7.35,0.0231,0.0,635.0,38.54,0.2053,31.25429916,,6246.0,1.092,1.18,Transit,2021.0,Kepler,2055.82,Neptunian
Kepler-1917 b,Kepler-1917,1.88971288,0.16858918,4.23,0.0133,0.0,675.0,48.99,0.103,12.90240002,,5530.0,0.788,0.882,Transit,2021.0,Kepler,909.037,Super-Earth
Kepler-1918 b,Kepler-1918,2.29763023,0.20498119,5.89,0.0185,0.0,497.0,14.43,0.2524,47.0564003,,5889.0,0.924,0.967,Transit,2021.0,Kepler,1030.11,Super-Earth
Kepler-1919 b,Kepler-1919,2.62390658,0.23408967,7.38,0.0232,0.0,479.0,12.46,0.2107,37.88660049,,5513.0,0.818,0.868,Transit,2021.0,Kepler,1177.53,Neptunian
Kepler-192 b,Kepler-192,2.74,0.244,7.95,0.025,0.0,803.0,105.297,0.09,9.926746,,5479.0,1.007,1.028,Transit,2014.0,Kepler,651.674,Neptunian
Kepler-192 c,Kepler-192,2.79,0.249,8.2,0.0258,0.0,623.0,38.216,0.15,21.2234,,5479.0,1.007,1.028,Transit,2014.0,Kepler,651.674,Neptunian
Kepler-192 d,Kepler-192,1.02,0.0909983,1.04,0.00328,0.0,926.0,186.076,0.0686,6.47027579,,5487.0,0.94,0.94,Transit,2016.0,Kepler,651.674,Terrestrial
Kepler-1920 b,Kepler-1920,2.95415848,0.26355282,9.03,0.0284,0.0,660.0,44.87,0.2043,30.2541008,,6277.0,1.161,1.239,Transit,2021.0,Kepler,885.913,Neptunian
Kepler-1921 b,Kepler-1921,2.89459458,0.25823888,8.72,0.0274,0.0,967.0,216.2,0.15865,20.03479958,,6120.0,2.0,1.251,Transit,2021.0,Kepler,928.989,Neptunian
Kepler-1921 c,Kepler-1921,1.41,0.12579199,2.57,0.00809,0.0,1791.0,2436.47,0.0454,3.15722086,,6120.0,2.0,1.251,Transit,2023.0,Kepler,928.989,Terrestrial
Kepler-1922 b,Kepler-1922,2.29064904,0.20435837,5.86,0.0184,0.0,740.0,71.11,0.1077,13.22259998,,5931.0,0.863,0.953,Transit,2021.0,Kepler,1344.29,Super-Earth
Kepler-1923 b,Kepler-1923,1.95958179,0.17482248,4.5,0.0142,0.0,553.0,8.63,0.2846,52.60969925,,5881.0,1.294,1.109,Transit,2021.0,Kepler,990.838,Super-Earth
Kepler-1924 b,Kepler-1924,2.65446572,0.23681598,7.53,0.0237,0.0,821.0,107.44,0.1216,15.33170033,,5726.0,1.285,1.018,Transit,2021.0,Kepler,1910.77,Neptunian
Kepler-1925 b,Kepler-1925,3.00177922,0.26780127,9.28,0.0292,0.0,531.0,18.74,0.2588,46.71640015,,5856.0,1.092,1.057,Transit,2021.0,Kepler,1771.31,Neptunian
Kepler-1926 b,Kepler-1926,2.31495961,0.20652722,5.97,0.0188,0.0,451.0,9.8,0.2197,42.87770081,,5256.0,0.832,0.768,Transit,2021.0,Kepler,667.405,Super-Earth
Kepler-1927 b,Kepler-1927,3.40627075,0.30388764,11.5,0.0362,0.0,677.0,34.7,0.38733,73.75039673,,6056.0,2.481,1.408,Transit,2021.0,Kepler,1091.0,Neptunian
Kepler-1928 b,Kepler-1928,1.992,0.17771464,4.63,0.0146,0.43,621.0,37.8,0.194,19.57783,,5720.0,0.92,1.01,Transit,2021.0,Kepler,326.362,Super-Earth
Kepler-1929 b,Kepler-1929,3.07250761,0.27411124,9.65,0.0304,0.0,566.0,37.2,0.30883,59.36249924,,5786.0,1.471,1.006,Transit,2021.0,Kepler,508.201,Neptunian
Kepler-193 b,Kepler-193,2.39,0.213,6.3,0.0198,0.0,979.0,117.303,0.106,11.38848,,6335.0,1.147,1.051,Transit,2014.0,Kepler,1009.1,Super-Earth
Kepler-193 c,Kepler-193,2.75,0.245,8.0,0.0252,0.0,595.0,16.026,0.286,50.697494,,6335.0,1.147,1.051,Transit,2014.0,Kepler,1009.1,Neptunian
Kepler-1930 b,Kepler-1930,1.52955541,0.13645803,2.95,0.00929,0.0,643.0,31.6,0.10233,13.02680016,,5083.0,0.844,0.844,Transit,2021.0,Kepler,275.694,Super-Earth
Kepler-1931 b,Kepler-1931,2.65323514,0.23670619,7.53,0.0237,0.0,619.0,51.7,0.23329,38.5760994,,6167.0,1.221,1.174,Transit,2021.0,Kepler,620.091,Neptunian
Kepler-1932 b,Kepler-1932,1.51482218,0.13514362,2.91,0.00914,0.0,1891.0,2799.9,0.0123,0.524177015,,5278.0,0.815,0.911,Transit,2021.0,Kepler,713.733,Super-Earth
Kepler-1933 b,Kepler-1933,1.17984089,0.10525854,1.76,0.00553,0.0,1058.0,250.5,0.05605,4.943290234,,5661.0,1.008,0.964,Transit,2021.0,Kepler,328.007,Terrestrial
Kepler-1934 b,Kepler-1934,0.91307734,0.08145944,0.702,0.00221,0.0,1700.0,1835.6,0.02466,1.419759989,,5925.0,1.035,0.968,Transit,2021.0,Kepler,428.514,Terrestrial
Kepler-1935 b,Kepler-1935,2.50271696,0.22327784,6.82,0.0214,0.0,1083.0,324.78,0.0463,3.951400042,,5570.0,0.899,0.845,Transit,2021.0,Kepler,904.702,Neptunian
Kepler-1936 b,Kepler-1936,3.16615594,0.282466,10.2,0.032,0.0,524.0,9.4,0.52662,126.5569992,,6501.0,1.854,1.419,Transit,2021.0,Kepler,871.096,Neptunian
Kepler-1937 b,Kepler-1937,3.0229133,0.26968673,9.39,0.0295,0.0,1014.0,163.1,0.0915,9.688599586,,6457.0,1.196,1.19,Transit,2021.0,Kepler,905.069,Neptunian
Kepler-1938 b,Kepler-1938,1.82828927,0.16310932,4.0,0.0126,0.0,527.0,18.25,0.0938,13.06260014,,4522.0,0.655,0.646,Transit,2021.0,Kepler,421.152,Super-Earth
Kepler-1939 b,Kepler-1939,1.16480773,0.10391736,1.68,0.00528,0.0,816.0,104.74,0.0334,2.790659904,,4353.0,0.603,0.648,Transit,2021.0,Kepler,189.833,Terrestrial
Kepler-194 b,Kepler-194,1.51,0.135,2.89,0.00909,0.0,1648.0,953.173,0.032,2.092281,,6089.0,1.025,0.94,Transit,2014.0,Kepler,1097.97,Super-Earth
Kepler-194 c,Kepler-194,2.59,0.231,7.22,0.0227,0.0,815.0,56.955,0.131,17.308032,,6089.0,1.025,0.94,Transit,2014.0,Kepler,1097.97,Neptunian
Kepler-194 d,Kepler-194,2.4,0.214,6.35,0.02,0.0,562.0,12.863,0.275,52.814973,,6089.0,1.025,0.94,Transit,2014.0,Kepler,1097.97,Super-Earth
Kepler-1940 b,Kepler-1940,1.54732469,0.1380433,3.01,0.00948,0.0,885.0,145.23,0.0525,4.950610161,,5431.0,0.717,0.802,Transit,2021.0,Kepler,798.595,Super-Earth
Kepler-1941 b,Kepler-1941,2.64976949,0.23639701,7.51,0.0236,0.0,666.0,46.53,0.2054,31.33510017,,6404.0,1.142,1.175,Transit,2021.0,Kepler,1494.39,Neptunian
Kepler-1942 b,Kepler-1942,2.1170287,0.18886898,5.13,0.0161,0.0,1012.0,247.34,0.0516,4.626049995,,5834.0,0.797,0.852,Transit,2021.0,Kepler,842.492,Super-Earth
Kepler-1943 b,Kepler-1943,1.54869189,0.13816527,3.02,0.00949,0.0,1098.0,724.2,0.05975,4.850180149,,6032.0,0.973,1.055,Transit,2021.0,Kepler,1004.55,Super-Earth
Kepler-1944 b,Kepler-1944,2.75971163,0.2462054,8.05,0.0253,0.0,801.0,97.62,0.0918,9.842579842,,5585.0,0.972,1.064,Transit,2021.0,Kepler,1076.48,Neptunian
Kepler-1945 b,Kepler-1945,1.289,0.11499708,2.21,0.00695,0.0,808.0,100.72,0.0597,6.080039978,,4991.0,0.804,0.767,Transit,2021.0,Kepler,,Terrestrial
Kepler-1946 b,Kepler-1946,2.48812698,0.2219762,6.75,0.0212,0.0,1143.0,403.53,0.0394,3.035190105,,5505.0,0.873,0.887,Transit,2021.0,Kepler,1002.12,Super-Earth
Kepler-1947 b,Kepler-1947,1.0101666,0.09012118,1.01,0.00317,0.0,1298.0,229.4,0.07375,6.963630199,,6040.0,1.686,0.984,Transit,2021.0,Kepler,468.771,Terrestrial
Kepler-1948 b,Kepler-1948,1.03283226,0.09214328,1.09,0.00343,0.0,399.0,5.98,0.1022,15.57129955,,3872.0,0.557,0.585,Transit,2021.0,Kepler,193.903,Terrestrial
Kepler-1949 b,Kepler-1949,2.21964541,0.19802384,5.56,0.0175,0.0,1709.0,2016.25,0.0352,2.208280087,,6028.0,1.454,1.194,Transit,2021.0,Kepler,2617.35,Super-Earth
Kepler-195 b,Kepler-195,2.03,0.181,4.78,0.015,0.0,751.0,74.148,0.077,8.307872,,5329.0,0.775,0.867,Transit,2014.0,Kepler,652.051,Super-Earth
Kepler-195 c,Kepler-195,1.55,0.138,3.02,0.00951,0.0,469.0,11.281,0.197,34.096863,,5329.0,0.775,0.867,Transit,2014.0,Kepler,652.051,Super-Earth
Kepler-1950 b,Kepler-1950,1.52696349,0.13622679,2.95,0.00927,0.0,752.0,75.83,0.0871,10.77690029,,5455.0,0.852,0.759,Transit,2021.0,Kepler,697.253,Super-Earth
Kepler-1951 b,Kepler-1951,2.32107188,0.20707252,6.0,0.0189,0.0,728.0,66.27,0.1435,20.65780067,,5468.0,1.306,0.923,Transit,2021.0,Kepler,1277.32,Super-Earth
Kepler-1952 b,Kepler-1952,1.23923346,0.11055719,2.07,0.0065,0.0,725.0,65.27,0.1724,27.21080017,,5973.0,1.305,0.922,Transit,2021.0,Kepler,852.062,Terrestrial
Kepler-1953 b,Kepler-1953,1.28574667,0.11470683,2.2,0.00692,0.0,731.0,67.62,0.0607,6.245659828,,4858.0,0.707,0.786,Transit,2021.0,Kepler,605.631,Terrestrial
Kepler-1954 b,Kepler-1954,1.80235934,0.16079601,3.9,0.0123,0.0,949.0,192.09,0.0625,5.883430004,,5840.0,0.849,0.942,Transit,2021.0,Kepler,1373.83,Super-Earth
Kepler-1955 b,Kepler-1955,1.16654878,0.10407269,1.69,0.00531,0.0,853.0,114.3,0.11959,14.26519966,,5825.0,1.291,1.049,Transit,2021.0,Kepler,449.351,Terrestrial
Kepler-1956 b,Kepler-1956,1.08940238,0.09719014,1.32,0.00416,0.0,674.0,48.82,0.0563,5.943719864,,4391.0,0.682,0.671,Transit,2021.0,Kepler,360.468,Terrestrial
Kepler-1957 b,Kepler-1957,0.94374867,0.08419576,0.79,0.00248,0.0,1099.0,345.07,0.0299,2.186619997,,4904.0,0.772,0.745,Transit,2021.0,Kepler,460.899,Terrestrial
Kepler-1958 b,Kepler-1958,2.05124311,0.18299997,4.86,0.0153,0.0,806.0,99.6,0.0856,9.328619957,,5749.0,0.864,0.961,Transit,2021.0,Kepler,1320.38,Super-Earth
Kepler-1959 b,Kepler-1959,1.14315727,0.10198584,1.57,0.00494,0.0,811.0,102.25,0.0617,6.38669014,,5071.0,0.811,0.768,Transit,2021.0,Kepler,479.263,Terrestrial
Kepler-196 b,Kepler-196,1.9,0.17,4.27,0.0134,0.0,536.0,20.735,0.138,20.739886,,5128.0,0.782,0.839,Transit,2014.0,Kepler,451.312,Super-Earth
Kepler-196 c,Kepler-196,2.24,0.2,5.65,0.0178,0.0,407.0,6.88,0.24,47.427737,,5128.0,0.782,0.839,Transit,2014.0,Kepler,451.312,Super-Earth
Kepler-196 d,Kepler-196,2.66065673,0.2373683,7.56,0.0238,0.0,297.0,1.8,0.4545,122.0800018,,5132.0,0.77,0.805,Transit,2021.0,Kepler,451.312,Neptunian
Kepler-1960 b,Kepler-1960,1.30749704,0.11664727,2.26,0.00712,0.0,1547.0,1352.14,0.0354,2.297940016,,6371.0,1.072,1.117,Transit,2021.0,Kepler,1527.56,Terrestrial
Kepler-1961 b,Kepler-1961,1.6187808,0.1444182,3.25,0.0102,0.0,866.0,132.98,0.0588,5.604710102,,5401.0,0.777,0.871,Transit,2021.0,Kepler,1042.45,Super-Earth
Kepler-1962 b,Kepler-1962,1.21463929,0.10836305,1.95,0.00614,0.0,901.0,155.95,0.0783,7.991459846,,5700.0,1.006,1.003,Transit,2021.0,Kepler,866.826,Terrestrial
Kepler-1963 b,Kepler-1963,0.74437023,0.06640838,0.337,0.00106,0.0,1448.0,612.3,0.02915,1.962260008,,5726.0,0.979,0.915,Transit,2021.0,Kepler,492.847,Terrestrial
Kepler-1964 b,Kepler-1964,1.7810587,0.15889569,3.83,0.012,0.0,986.0,223.8,0.0322,2.440829992,,4803.0,0.698,0.752,Transit,2021.0,Kepler,,Super-Earth
Kepler-1965 b,Kepler-1965,1.35415138,0.1208095,2.4,0.00756,0.0,492.0,13.8,0.22971,41.86869812,,5852.0,0.837,0.928,Transit,2021.0,Kepler,521.791,Terrestrial
Kepler-1966 b,Kepler-1966,1.10479327,0.09856322,1.39,0.00437,0.0,733.0,68.28,0.0763,8.617429733,,5009.0,0.84,0.797,Transit,2021.0,Kepler,484.601,Terrestrial
Kepler-1967 b,Kepler-1967,0.73022577,0.06514649,0.315,0.000991,0.0,1086.0,57.1,0.06686,7.281690121,,4970.0,1.806,0.996,Transit,2021.0,Kepler,249.102,Terrestrial
Kepler-1968 b,Kepler-1968,1.50004034,0.13382487,2.86,0.00899,0.0,744.0,72.16,0.0696,7.281099796,,5008.0,0.788,0.844,Transit,2021.0,Kepler,750.93,Super-Earth
Kepler-1969 b,Kepler-1969,1.68161001,0.15002345,3.47,0.0109,0.0,999.0,235.89,0.0717,6.647520065,,6046.0,1.007,1.111,Transit,2021.0,Kepler,1204.54,Super-Earth
Kepler-197 b,Kepler-197,1.02,0.091,1.04,0.00328,0.02,1142.0,431.256,0.06,5.599308,,6004.0,1.12,0.857,Transit,2014.0,Kepler,330.575,Terrestrial
Kepler-197 c,Kepler-197,1.23,0.11,5.3,0.017,0.08,930.0,189.965,0.09,10.349695,,6004.0,1.12,0.857,Transit,2014.0,Kepler,330.575,Terrestrial
Kepler-197 d,Kepler-197,1.22,0.109,1.98,0.00624,0.03,810.0,109.091,0.119,15.677563,,6004.0,1.12,0.857,Transit,2014.0,Kepler,330.575,Terrestrial
Kepler-197 e,Kepler-197,0.91,0.081,0.693,0.00218,0.38,691.0,57.941,0.164,25.209715,,6004.0,1.12,0.857,Transit,2014.0,Kepler,330.575,Terrestrial
Kepler-1972 b,Kepler-1972,0.802,0.07154977,2.02,0.00635563,0.067,1084.0,341.3,0.08006,7.54425,,5818.0,1.384,1.12,Transit,2022.0,Kepler,287.339,Terrestrial
Kepler-1972 c,Kepler-1972,0.868,0.07743791,2.11,0.0066388,0.043,1215.0,198.4,0.10493,11.3295,,5818.0,1.384,1.12,Transit,2022.0,Kepler,287.339,Terrestrial
Kepler-1976 b,Kepler-1976,12.21,1.08930511,,,0.0,1103.0,349.4,0.0565,4.959319244,,5712.0,1.082,0.976,Transit Timing Variations,2023.0,Kepler,1314.51,Gas Giant
Kepler-1977 b,Kepler-1977,1.66,0.14809554,3.39,0.0107,0.0,798.0,95.61,0.0486,4.53702121,,4805.0,0.688,0.769,Transit,2023.0,Kepler,592.711,Super-Earth
Kepler-1978 b,Kepler-1978,2.67,0.23820186,7.61,0.0239,0.0,676.0,49.3,0.0914,10.84969477,,5251.0,0.778,0.869,Transit,2023.0,Kepler,865.512,Neptunian
Kepler-1979 b,Kepler-1979,29.33,2.61665184,,,0.0,683.0,51.32,0.1383,18.5084526,,5942.0,0.938,1.028,Transit,2023.0,Kepler,1076.27,Gas Giant
Kepler-198 b,Kepler-198,2.82,0.252,8.35,0.0263,0.0,655.0,44.549,0.131,17.790037,,5574.0,0.94,0.995,Transit,2014.0,Kepler,495.358,Neptunian
Kepler-198 c,Kepler-198,2.47,0.22,6.66,0.021,0.0,465.0,11.354,0.259,49.567416,,5574.0,0.94,0.995,Transit,2014.0,Kepler,495.358,Super-Earth
Kepler-198 d,Kepler-198,1.53,0.13649746,2.96,0.0093,0.0,1562.0,1444.516,0.02342,1.31184443,,5636.0,0.93,0.97,Transit,2016.0,Kepler,495.358,Super-Earth
Kepler-1980 b,Kepler-1980,2.21,0.19716333,5.52,0.0174,0.0,564.0,23.95,0.2049,33.0257179,,5819.0,0.99,1.049,Transit,2023.0,Kepler,1709.4,Super-Earth
Kepler-1981 b,Kepler-1981,9.23,0.82344686,62.5,0.197,0.0,390.0,5.45,1.3292,453.54212,,5874.0,3.006,1.519,Transit,2023.0,Kepler,659.395,Gas Giant
Kepler-1982 b,Kepler-1982,0.77,0.06869492,0.381,0.0012,0.0,1282.0,638.38,0.0511,3.82315697,,6202.0,1.122,1.213,Transit,2023.0,Kepler,558.855,Terrestrial
Kepler-1983 b,Kepler-1983,2.33,0.20786903,6.04,0.019,0.0,807.0,100.13,0.0689,7.32851947,,5135.0,0.874,0.812,Transit,2023.0,Kepler,424.428,Super-Earth
Kepler-1984 b,Kepler-1984,6.81,0.60754855,37.3,0.117,0.0,675.0,48.82,0.0238,1.992812339,,3638.0,0.42,0.45,Transit,2023.0,Kepler,,Gas Giant
Kepler-1985 b,Kepler-1985,2.27,0.20251618,5.77,0.0182,0.0,1129.0,382.68,0.0426,3.42064689,,5370.0,0.966,0.877,Transit,2023.0,Kepler,,Super-Earth
Kepler-1986 b,Kepler-1986,1.89,0.1686148,4.23,0.0133,0.0,579.0,26.62,0.1307,19.5489666,,5549.0,0.732,0.776,Transit,2023.0,Kepler,912.085,Super-Earth
Kepler-1987 b,Kepler-1987,1.23,0.10973344,2.04,0.00642,0.0,997.0,233.38,0.0318,2.345863002,,4769.0,0.714,0.799,Transit,2023.0,Kepler,595.683,Terrestrial
Kepler-1987 c,Kepler-1987,1.33,0.11865486,2.33,0.00733,0.0,860.0,129.44,0.0427,3.64830183,,4769.0,0.714,0.799,Transit,2023.0,Kepler,595.683,Terrestrial
Kepler-1987 d,Kepler-1987,2.66,0.23730971,7.56,0.0238,0.0,744.0,72.38,0.0571,5.644914154,,4769.0,0.714,0.799,Transit,2023.0,Kepler,595.683,Neptunian
Kepler-1987 e,Kepler-1987,1.92,0.17129122,4.35,0.0137,0.0,643.0,40.33,0.0765,8.74292005,,4769.0,0.714,0.799,Transit,2023.0,Kepler,595.683,Super-Earth
Kepler-1988 b,Kepler-1988,1.53,0.13649769,2.96,0.0093,0.0,1105.0,351.79,0.1038,11.49500229,,6033.0,1.788,1.127,Transit,2023.0,Kepler,513.426,Super-Earth
Kepler-1989 b,Kepler-1989,4.62,0.4121695,19.3,0.0607,0.0,904.0,157.97,0.0918,10.161023528,,6032.0,1.06,0.999,Transit,2023.0,Kepler,1252.13,Neptunian
Kepler-199 b,Kepler-199,3.11,0.277,9.85,0.031,0.0,595.0,31.679,0.158,23.637604,,5644.0,0.967,0.96,Transit,2014.0,Kepler,521.054,Neptunian
Kepler-199 c,Kepler-199,3.25,0.29,10.6,0.0334,0.0,420.0,7.885,0.316,67.093408,,5644.0,0.967,0.96,Transit,2014.0,Kepler,521.054,Neptunian
Kepler-1990 b,Kepler-1990,3.27,0.29173036,10.7,0.0338,0.0,1554.0,1372.87,0.0286,1.73513619,,5751.0,1.071,1.028,Transit,2023.0,Kepler,392.739,Neptunian
Kepler-1990 c,Kepler-1990,0.98,0.08742989,0.904,0.00284,0.0,1170.0,442.08,0.0504,4.06844957,,5751.0,1.071,1.028,Transit,2023.0,Kepler,392.739,Terrestrial
Kepler-1991 b,Kepler-1991,1.47,0.13114484,2.76,0.00869,0.0,760.0,78.79,0.1065,13.26079792,,5478.0,1.053,0.914,Transit,2023.0,Kepler,855.82,Terrestrial
Kepler-1991 c,Kepler-1991,2.57,0.22928044,7.13,0.0224,0.0,634.0,38.27,0.1528,22.79020351,,5478.0,1.053,0.914,Transit,2023.0,Kepler,855.82,Neptunian
Kepler-1992 b,Kepler-1992,0.91,0.0811849,0.693,0.00218,0.0,637.0,38.99,0.1169,15.6112238,,5383.0,0.842,0.874,Transit,2023.0,Kepler,532.955,Terrestrial
Kepler-1993 b,Kepler-1993,4.15,0.37023884,16.1,0.0506,0.0,903.0,157.45,0.1943,26.6565737,,5159.0,3.062,1.373,Transit,2023.0,Kepler,1031.91,Neptunian
Kepler-1994 b,Kepler-1994,0.51,0.04549923,0.087,0.000274,0.0,1032.0,268.27,0.053,4.61225043,,5495.0,0.961,0.932,Transit,2023.0,Kepler,241.991,Terrestrial
Kepler-1995 b,Kepler-1995,4.28,0.38183668,16.9,0.0533,0.0,375.0,4.66,0.3259,73.7578875,,5029.0,0.93,0.847,Transit,2023.0,Kepler,595.331,Neptunian
Kepler-1996 b,Kepler-1996,2.26,0.20162404,5.73,0.018,0.0,392.0,5.61,0.1789,32.376183,,4580.0,0.675,0.748,Transit,2023.0,Kepler,440.561,Super-Earth
Kepler-1996 c,Kepler-1996,2.81,0.25069184,8.3,0.0261,0.0,276.0,1.38,0.3608,92.7297248,,4580.0,0.675,0.748,Transit,2023.0,Kepler,440.561,Neptunian
Kepler-1997 b,Kepler-1997,2.28,0.20340833,5.82,0.0183,0.0,660.0,44.86,0.1815,26.7575866,,6215.0,1.052,1.111,Transit,2023.0,Kepler,1502.34,Super-Earth
Kepler-1998 b,Kepler-1998,0.6,0.05352851,0.156,0.00049,0.0,1187.0,468.31,0.0405,3.03267135,,5640.0,0.921,0.962,Transit,2023.0,Kepler,340.965,Terrestrial
Kepler-1999 b,Kepler-1999,3.29,0.29351465,10.8,0.0341,0.0,577.0,26.17,0.0713,8.7396758,,4406.0,0.628,0.632,Transit,2023.0,Kepler,701.255,Neptunian
Kepler-20 b,Kepler-20,1.773,0.15817674,9.7,0.03051961,0.083,1187.0,331.0,0.04565,3.6961049,,5495.0,0.9164,0.929,Transit,2011.0,Kepler,282.563,Super-Earth
Kepler-20 c,Kepler-20,2.894,0.25818583,11.1,0.03492451,0.076,828.0,78.7,0.0936,10.8540774,,5495.0,0.9164,0.929,Transit,2011.0,Kepler,282.563,Neptunian
Kepler-20 d,Kepler-20,2.606,0.23249215,13.4,0.04216111,0.082,430.0,5.71,0.3474,77.611455,,5495.0,0.9164,0.929,Transit,2011.0,Kepler,282.563,Neptunian
Kepler-20 e,Kepler-20,0.821,0.07324484,0.76,0.00239123,0.092,1004.0,169.8,0.0637,6.0984882,,5495.0,0.9164,0.929,Transit,2011.0,Kepler,282.563,Terrestrial
Kepler-20 f,Kepler-20,0.952,0.0849319,1.4,0.00440489,0.094,681.0,35.9,0.1387,19.578328,,5495.0,0.9164,0.929,Transit,2011.0,Kepler,282.563,Terrestrial
Kepler-20 g,Kepler-20,4.71,0.42,19.96,0.06280087,0.15,524.0,,0.2055,34.94,,5495.0,0.9639,0.948,Radial Velocity,2016.0,Multiple Observatories,282.563,Neptunian
Kepler-200 b,Kepler-200,2.13,0.19,5.18,0.0163,0.0,854.0,159.069,0.08,8.594805,,5678.0,0.944,0.972,Transit,2014.0,Kepler,665.912,Super-Earth
Kepler-200 c,Kepler-200,1.59,0.142,3.15,0.00993,0.0,806.0,126.361,0.09,10.222157,,5678.0,0.944,0.972,Transit,2014.0,Kepler,665.912,Super-Earth
Kepler-2000 b,Kepler-2000,2.73,0.24355471,7.9,0.0249,0.0,530.0,18.73,0.0562,6.383159135,,3757.0,0.576,0.581,Transit,2023.0,Kepler,320.588,Neptunian
Kepler-2000 c,Kepler-2000,1.57,0.14006626,3.09,0.00972,0.0,359.0,3.92,0.1228,20.6180348,,3757.0,0.576,0.581,Transit,2023.0,Kepler,320.588,Super-Earth
Kepler-2001 b,Kepler-2001,1.04,0.09278275,1.12,0.00352,0.0,1402.0,911.28,0.0197,1.090011003,,5081.0,0.77,0.864,Transit,2023.0,Kepler,776.55,Terrestrial
Kepler-2001 c,Kepler-2001,1.82,0.1623698,3.97,0.0125,0.0,597.0,30.1,0.1084,14.092583189,,5081.0,0.77,0.864,Transit,2023.0,Kepler,776.55,Super-Earth
Kepler-201 b,Kepler-201,2.46,0.219,6.62,0.0208,0.0,683.0,64.549,0.175,25.672083,,6065.0,1.229,1.098,Transit,2014.0,Kepler,636.445,Super-Earth
Kepler-201 c,Kepler-201,2.85,0.254,8.5,0.0267,0.0,378.0,6.033,0.573,151.884058,,6065.0,1.229,1.098,Transit,2014.0,Kepler,636.445,Neptunian
Kepler-202 b,Kepler-202,1.63,0.145,3.29,0.0104,0.0,802.0,108.504,0.045,4.069427,,4668.0,0.667,0.683,Transit,2014.0,Kepler,285.111,Super-Earth
Kepler-202 c,Kepler-202,1.85,0.165,4.08,0.0128,0.0,505.0,17.07,0.113,16.282493,,4668.0,0.667,0.683,Transit,2014.0,Kepler,285.111,Super-Earth
Kepler-203 b,Kepler-203,2.57,0.229,7.13,0.0224,0.0,1308.0,668.215,0.043,3.162697,,5821.0,1.114,1.06,Transit,2014.0,Kepler,703.302,Neptunian
Kepler-203 c,Kepler-203,2.47,0.22,749.9,2.36,0.0,1096.0,329.788,0.061,5.370647,,5821.0,1.114,1.06,Transit,2014.0,Kepler,703.302,Super-Earth
Kepler-203 d,Kepler-203,1.44,0.128,33.9,0.107,0.0,855.0,121.816,0.1,11.32972,,5821.0,1.114,1.06,Transit,2014.0,Kepler,703.302,Terrestrial
Kepler-204 b,Kepler-204,2.53,0.226,6.94,0.0218,0.0,828.0,79.703,0.117,14.400974,,5812.0,1.238,1.038,Transit,2014.0,Kepler,686.723,Neptunian
Kepler-204 c,Kepler-204,1.79,0.16,3.86,0.0121,0.0,683.0,36.886,0.173,25.660593,,5812.0,1.238,1.038,Transit,2014.0,Kepler,686.723,Super-Earth
Kepler-205 b,Kepler-205,1.51,0.135,2.89,0.00909,0.0,757.0,102.562,0.032,2.75564,M1 V,4321.0,0.546,0.592,Transit,2014.0,Kepler,159.72,Super-Earth
Kepler-205 c,Kepler-205,1.64,0.146,3.33,0.0105,0.0,389.0,7.14,0.122,20.306546,M1 V,4321.0,0.546,0.592,Transit,2014.0,Kepler,159.72,Super-Earth
Kepler-206 b,Kepler-206,1.2,0.107,1.87,0.00588,0.0,983.0,192.273,0.078,7.781987,,5764.0,1.185,0.957,Transit,2014.0,Kepler,594.447,Terrestrial
Kepler-206 c,Kepler-206,1.77,0.158,3.78,0.0119,0.0,825.0,95.51,0.111,13.137471,,5764.0,1.185,0.957,Transit,2014.0,Kepler,594.447,Super-Earth
Kepler-206 d,Kepler-206,1.19,0.106,1.81,0.0057,0.0,681.0,44.17,0.163,23.44281,,5764.0,1.185,0.957,Transit,2014.0,Kepler,594.447,Terrestrial
Kepler-207 b,Kepler-207,1.57,0.14,3.09,0.00972,0.0,1930.0,4097.318,0.029,1.611865,,5920.0,1.588,1.313,Transit,2014.0,Kepler,875.519,Super-Earth
Kepler-207 c,Kepler-207,1.5,0.134,2.86,0.00899,0.0,1556.0,1742.715,0.044,3.071571,,5920.0,1.588,1.313,Transit,2014.0,Kepler,875.519,Super-Earth
Kepler-207 d,Kepler-207,3.31,0.295,11.0,0.0345,0.0,1254.0,732.604,0.068,5.868075,,5920.0,1.588,1.313,Transit,2014.0,Kepler,875.519,Neptunian
Kepler-208 b,Kepler-208,1.63,0.145,3.29,0.0104,0.0,1379.0,639.576,0.054,4.22864,,6092.0,1.314,1.082,Transit,2014.0,Kepler,775.328,Super-Earth
Kepler-208 c,Kepler-208,1.39,0.124,2.51,0.0079,0.0,1141.0,300.165,0.079,7.466623,,6092.0,1.314,1.082,Transit,2014.0,Kepler,775.328,Terrestrial
Kepler-208 d,Kepler-208,1.2,0.107,1.87,0.00588,0.0,999.0,176.283,0.103,11.131786,,6092.0,1.314,1.082,Transit,2014.0,Kepler,775.328,Terrestrial
Kepler-208 e,Kepler-208,1.48,0.132,2.79,0.00879,0.0,880.0,106.345,0.132,16.259458,,6092.0,1.314,1.082,Transit,2014.0,Kepler,775.328,Terrestrial
Kepler-209 b,Kepler-209,2.26,0.202,5.73,0.018,0.0,668.0,48.662,0.122,16.087845,,5513.0,0.935,0.971,Transit,2014.0,Kepler,576.946,Super-Earth
Kepler-209 c,Kepler-209,3.1,0.277,9.8,0.0308,0.0,486.0,13.637,0.231,41.749882,,5513.0,0.935,0.971,Transit,2014.0,Kepler,576.946,Neptunian
Kepler-21 b,Kepler-21,1.639,0.14622204,7.5,0.02359764,0.0,2015.0,2749.0,0.0434,2.7858212,F6 IV,6305.0,1.902,1.408,Transit,2012.0,Kepler,108.522,Super-Earth
Kepler-210 b,Kepler-210,2.94,0.262,8.96,0.0282,0.0,737.0,122.139,0.032,2.453234,M0 V,4559.0,0.65,0.77,Transit,2014.0,Kepler,232.75,Neptunian
Kepler-210 c,Kepler-210,3.62,0.323,12.8,0.0401,0.0,497.0,25.44,0.07,7.972513,M0 V,4559.0,0.65,0.77,Transit,2014.0,Kepler,232.75,Neptunian
Kepler-211 b,Kepler-211,1.26,0.112,2.13,0.00669,0.0,954.0,158.188,0.048,4.138575,,5123.0,0.816,0.867,Transit,2014.0,Kepler,309.353,Terrestrial
Kepler-211 c,Kepler-211,1.29,0.115,18.3,0.058,0.0,841.0,95.436,0.062,6.04045,,5123.0,0.816,0.867,Transit,2014.0,Kepler,309.353,Terrestrial
Kepler-212 b,Kepler-212,1.09,0.097,1.32,0.00416,0.0,830.0,133.866,0.133,16.257582,,5852.0,1.455,1.166,Transit,2014.0,Kepler,687.194,Terrestrial
Kepler-212 c,Kepler-212,2.74,0.244,7.95,0.025,0.0,664.0,54.662,0.207,31.805174,,5852.0,1.455,1.166,Transit,2014.0,Kepler,687.194,Neptunian
Kepler-213 b,Kepler-213,1.62,0.145,3.26,0.0102,0.0,1326.0,833.469,0.036,2.46236,,5696.0,1.195,1.07,Transit,2014.0,Kepler,634.939,Super-Earth
Kepler-213 c,Kepler-213,2.34,0.209,6.08,0.0191,0.0,1060.0,339.536,0.057,4.822962,,5696.0,1.195,1.07,Transit,2014.0,Kepler,634.939,Super-Earth
Kepler-214 b,Kepler-214,2.61,0.233,7.32,0.023,0.0,758.0,196.402,0.13,15.660544,,6169.0,1.352,1.11,Transit,2014.0,Kepler,1208.44,Neptunian
Kepler-214 c,Kepler-214,2.13,0.19,5.18,0.0163,0.0,619.0,87.244,0.194,28.7798,,6169.0,1.352,1.11,Transit,2014.0,Kepler,1208.44,Super-Earth
Kepler-215 b,Kepler-215,1.62,0.145,3.26,0.0102,0.0,784.0,105.073,0.084,9.360672,,5739.0,1.027,0.788,Transit,2014.0,Kepler,485.997,Super-Earth
Kepler-215 c,Kepler-215,1.77,0.158,3.78,0.0119,0.0,675.0,57.694,0.113,14.667108,,5739.0,1.027,0.788,Transit,2014.0,Kepler,485.997,Super-Earth
Kepler-215 d,Kepler-215,2.39,0.213,23.6,0.074,0.0,527.0,21.404,0.185,30.864423,,5739.0,1.027,0.788,Transit,2014.0,Kepler,485.997,Super-Earth
Kepler-215 e,Kepler-215,1.75,0.156,3.71,0.0117,0.0,405.0,7.444,0.314,68.16101,,5739.0,1.027,0.788,Transit,2014.0,Kepler,485.997,Super-Earth
Kepler-216 b,Kepler-216,2.35,0.21,6.12,0.0193,0.0,1069.0,540.034,0.079,7.693641,,6091.0,1.26,1.126,Transit,2014.0,Kepler,1187.47,Super-Earth
Kepler-216 c,Kepler-216,3.04,0.271,9.48,0.0298,0.0,814.0,182.057,0.136,17.406669,,6091.0,1.26,1.126,Transit,2014.0,Kepler,1187.47,Neptunian
Kepler-217 b,Kepler-217,2.23,0.199,5.6,0.0176,0.0,1413.0,1366.477,0.065,5.374943,,6171.0,1.799,1.342,Transit,2014.0,Kepler,1104.64,Super-Earth
Kepler-217 c,Kepler-217,1.85,0.165,4.08,0.0128,0.0,1208.0,730.808,0.089,8.586004,,6171.0,1.799,1.342,Transit,2014.0,Kepler,1104.64,Super-Earth
Kepler-217 d,Kepler-217,1.32,0.11776251,2.3,0.00724,0.0,1574.0,2099.752,0.0534,3.88689525,,6341.0,1.76,1.37,Transit,2016.0,Kepler,1104.64,Terrestrial
Kepler-218 b,Kepler-218,1.48,0.132,2.79,0.00879,0.0,1156.0,460.656,0.046,3.619337,,5502.0,1.063,1.019,Transit,2014.0,Kepler,656.38,Terrestrial
Kepler-218 c,Kepler-218,3.14,0.28,10.0,0.0315,0.0,500.0,16.147,0.248,44.699576,,5502.0,1.063,1.019,Transit,2014.0,Kepler,656.38,Neptunian
Kepler-218 d,Kepler-218,2.66,0.23730931,7.56,0.0238,0.0,356.0,4.118,0.49884,124.5244647,,5542.0,1.02,1.01,Transit,2016.0,Kepler,656.38,Neptunian
Kepler-219 b,Kepler-219,2.95,0.263,9.01,0.0283,0.0,1307.0,456.732,0.057,4.585512,,5786.0,1.491,1.164,Transit,2014.0,Kepler,787.07,Neptunian
Kepler-219 c,Kepler-219,3.58,0.319,12.5,0.0394,0.0,766.0,54.105,0.165,22.714613,,5786.0,1.491,1.164,Transit,2014.0,Kepler,787.07,Neptunian
Kepler-219 d,Kepler-219,2.81,0.251,19.1,0.06,0.0,598.0,20.01,0.272,47.903645,,5786.0,1.491,1.164,Transit,2014.0,Kepler,787.07,Neptunian
Kepler-22 b,Kepler-22,2.1,0.18734977,9.1,0.0286318,0.72,279.0,1.013,0.812,289.863876,G5 V,5596.0,0.869,0.857,Transit,2011.0,Kepler,194.642,Super-Earth
Kepler-220 b,Kepler-220,0.81,0.072,0.457,0.00144,0.0,759.0,105.001,0.046,4.159807,,4632.0,0.666,0.729,Transit,2014.0,Kepler,171.109,Terrestrial
Kepler-220 c,Kepler-220,1.57,0.14,3.09,0.00972,0.0,586.0,37.321,0.076,9.034199,,4632.0,0.666,0.729,Transit,2014.0,Kepler,171.109,Super-Earth
Kepler-220 d,Kepler-220,0.98,0.087,0.904,0.00284,0.0,401.0,8.208,0.163,28.122397,,4632.0,0.666,0.729,Transit,2014.0,Kepler,171.109,Terrestrial
Kepler-220 e,Kepler-220,1.33,0.119,2.33,0.00733,0.0,341.0,4.274,0.226,45.902733,,4632.0,0.666,0.729,Transit,2014.0,Kepler,171.109,Terrestrial
Kepler-221 b,Kepler-221,1.71,0.153,5.95575,0.01873889,0.0,1090.0,308.885,0.037,2.795906,,5243.0,0.821,0.854,Transit,2014.0,Kepler,385.231,Super-Earth
Kepler-221 c,Kepler-221,2.93,0.261,9.3,0.02926107,0.0,860.0,119.836,0.059,5.690586,,5243.0,0.821,0.854,Transit,2014.0,Kepler,385.231,Neptunian
Kepler-221 d,Kepler-221,2.73,0.244,3.61,0.01135833,0.0,712.0,56.293,0.087,10.04156,,5243.0,0.821,0.854,Transit,2014.0,Kepler,385.231,Neptunian
Kepler-221 e,Kepler-221,2.63,0.235,7.86706,0.02475254,0.0,582.0,25.156,0.13,18.369917,,5243.0,0.821,0.854,Transit,2014.0,Kepler,385.231,Neptunian
Kepler-222 b,Kepler-222,3.16,0.282,10.1,0.0319,0.0,1004.0,206.769,0.048,3.936981,,5433.0,0.869,0.933,Transit,2014.0,Kepler,758.854,Neptunian
Kepler-222 c,Kepler-222,4.64,0.414,19.4,0.0612,0.0,734.0,59.076,0.091,10.08881,,5433.0,0.869,0.933,Transit,2014.0,Kepler,758.854,Neptunian
Kepler-222 d,Kepler-222,3.69,0.329,13.2,0.0415,0.0,522.0,15.087,0.18,28.081912,,5433.0,0.869,0.933,Transit,2014.0,Kepler,758.854,Neptunian
Kepler-223 b,Kepler-223,2.99,0.26674993,7.4,0.02328289,0.078,1042.0,444.053,0.07525,7.38449,,5803.0,1.72,1.125,Transit,2014.0,Kepler,1859.71,Neptunian
Kepler-223 c,Kepler-223,3.44,0.30689624,5.1,0.01604631,0.15,947.0,302.474,0.09117,9.84564,,5803.0,1.72,1.125,Transit,2014.0,Kepler,1859.71,Neptunian
Kepler-223 d,Kepler-223,5.24,0.46748149,8.0,0.02517069,0.037,827.0,175.951,0.11956,14.78869,,5803.0,1.72,1.125,Transit,2014.0,Kepler,1859.71,Neptunian
Kepler-223 e,Kepler-223,4.6,0.41038451,4.8,0.01510241,0.051,751.0,119.882,0.14481,19.72567,,5803.0,1.72,1.125,Transit,2014.0,Kepler,1859.71,Neptunian
Kepler-224 b,Kepler-224,1.39,0.124,2.51,0.0079,0.0,937.0,201.489,0.038,3.132924,,5018.0,0.676,0.777,Transit,2014.0,Kepler,782.088,Terrestrial
Kepler-224 c,Kepler-224,3.12,0.278,9.91,0.0312,0.0,758.0,86.332,0.058,5.925003,,5018.0,0.676,0.777,Transit,2014.0,Kepler,782.088,Neptunian
Kepler-224 d,Kepler-224,2.3,0.205,5.9,0.0186,0.0,610.0,36.293,0.089,11.349393,,5018.0,0.676,0.777,Transit,2014.0,Kepler,782.088,Super-Earth
Kepler-224 e,Kepler-224,1.97,0.176,4.54,0.0143,0.0,517.0,18.732,0.124,18.643577,,5018.0,0.676,0.777,Transit,2014.0,Kepler,782.088,Super-Earth
Kepler-225 b,Kepler-225,1.2,0.107,1.87,0.00588,0.0,579.0,38.883,0.056,6.738975,M1 V,3682.0,0.48,0.593,Transit,2014.0,Kepler,561.101,Terrestrial
Kepler-225 c,Kepler-225,1.84,0.164,4.04,0.0127,0.0,412.0,9.903,0.111,18.794234,M1 V,3682.0,0.48,0.593,Transit,2014.0,Kepler,561.101,Super-Earth
Kepler-226 b,Kepler-226,1.55,0.138,24.0,0.076,0.0,1018.0,270.402,0.047,3.940997,,5571.0,0.802,0.904,Transit,2014.0,Kepler,980.138,Super-Earth
Kepler-226 c,Kepler-226,2.27,0.203,45.2,0.142,0.0,919.0,180.513,0.058,5.349555,,5571.0,0.802,0.904,Transit,2014.0,Kepler,980.138,Super-Earth
Kepler-226 d,Kepler-226,1.22,0.109,1.98,0.00624,0.0,800.0,103.645,0.076,8.109044,,5571.0,0.802,0.904,Transit,2014.0,Kepler,980.138,Terrestrial
Kepler-227 b,Kepler-227,3.11,0.277,9.85,0.031,0.0,793.0,104.641,0.09,9.488015,,5854.0,1.091,0.954,Transit,2014.0,Kepler,1083.06,Neptunian
Kepler-227 c,Kepler-227,3.04,0.271,9.48,0.0298,0.0,443.0,10.186,0.29,54.418694,,5854.0,1.091,0.954,Transit,2014.0,Kepler,1083.06,Neptunian
Kepler-228 b,Kepler-228,1.53,0.136,2.96,0.0093,0.0,1360.0,863.776,0.038,2.566546,,6043.0,1.014,1.006,Transit,2014.0,Kepler,1644.61,Super-Earth
Kepler-228 c,Kepler-228,2.7,0.241,7.75,0.0244,0.0,1160.0,457.318,0.052,4.134444,,6043.0,1.014,1.006,Transit,2014.0,Kepler,1644.61,Neptunian
Kepler-228 d,Kepler-228,4.04,0.36,15.4,0.0483,0.0,835.0,122.778,0.101,11.094286,,6043.0,1.014,1.006,Transit,2014.0,Kepler,1644.61,Neptunian
Kepler-229 b,Kepler-229,2.2,0.196,5.48,0.0172,0.0,823.0,76.217,0.062,6.252972,,5120.0,0.728,0.808,Transit,2014.0,Kepler,826.265,Super-Earth
Kepler-229 c,Kepler-229,4.92,0.439,21.5,0.0676,0.0,600.0,21.637,0.117,16.068638,,5120.0,0.728,0.808,Transit,2014.0,Kepler,826.265,Neptunian
Kepler-229 d,Kepler-229,3.85,0.343,14.2,0.0445,0.0,439.0,6.162,0.22,41.194912,,5120.0,0.728,0.808,Transit,2014.0,Kepler,826.265,Neptunian
Kepler-23 b,Kepler-23,1.638,0.14613282,2.56,0.00805466,0.017,1157.0,446.107,0.07212,7.1,,5828.0,1.548,1.078,Transit,2011.0,Kepler,835.756,Super-Earth
Kepler-23 c,Kepler-23,3.005,0.26808861,7.81,0.02457301,0.021,1008.0,257.39,0.09501,10.74,,5828.0,1.548,1.078,Transit,2011.0,Kepler,835.756,Neptunian
Kepler-23 d,Kepler-23,2.206,0.19680648,4.44,0.0139698,0.01,896.0,161.038,0.12012,15.27,,5828.0,1.548,1.078,Transit,2014.0,Kepler,835.756,Super-Earth
Kepler-230 b,Kepler-230,4.26,0.38,16.8,0.0529,0.0,506.0,11.816,0.191,32.625555,,5588.0,0.817,0.784,Transit,2014.0,Kepler,740.754,Neptunian
Kepler-230 c,Kepler-230,2.04,0.182,4.82,0.0152,0.0,359.0,2.976,0.38,91.773242,,5588.0,0.817,0.784,Transit,2014.0,Kepler,740.754,Super-Earth
Kepler-231 b,Kepler-231,1.73,0.154,35.4,0.111,0.0,488.0,14.879,0.074,10.065275,M1 V,3767.0,0.49,0.58,Transit,2014.0,Kepler,316.618,Super-Earth
Kepler-231 c,Kepler-231,1.93,0.172,24.1,0.076,0.0,393.0,6.267,0.114,19.271566,M1 V,3767.0,0.49,0.58,Transit,2014.0,Kepler,316.618,Super-Earth
Kepler-232 b,Kepler-232,3.08,0.275,9.69,0.0305,0.0,1104.0,410.583,0.054,4.431222,,5847.0,0.968,0.97,Transit,2014.0,Kepler,1349.13,Neptunian
Kepler-232 c,Kepler-232,3.83,0.342,14.0,0.0442,0.0,806.0,116.524,0.101,11.379349,,5847.0,0.968,0.97,Transit,2014.0,Kepler,1349.13,Neptunian
Kepler-233 b,Kepler-233,2.43,0.217,6.48,0.0204,0.0,751.0,85.131,0.077,8.472382,,5360.0,0.758,0.855,Transit,2014.0,Kepler,856.417,Super-Earth
Kepler-233 c,Kepler-233,2.71,0.242,7.8,0.0245,0.0,390.0,6.195,0.287,60.418955,,5360.0,0.758,0.855,Transit,2014.0,Kepler,856.417,Neptunian
Kepler-234 b,Kepler-234,3.7,0.33,13.2,0.0416,0.0,1420.0,1007.716,0.04,2.711506,,6224.0,1.113,1.129,Transit,2014.0,Kepler,1733.1,Neptunian
Kepler-234 c,Kepler-234,3.51,0.313,12.1,0.0381,0.0,1025.0,273.304,0.077,7.21205,,6224.0,1.113,1.129,Transit,2014.0,Kepler,1733.1,Neptunian
Kepler-235 b,Kepler-235,2.23,0.199,5.6,0.0176,0.0,731.0,44.0,0.037,3.340222,M0 V,4255.0,0.554,0.581,Transit,2014.0,Kepler,428.018,Super-Earth
Kepler-235 c,Kepler-235,1.28,0.114,2.18,0.00687,0.0,555.0,14.2,0.065,7.824904,M0 V,4255.0,0.554,0.581,Transit,2014.0,Kepler,428.018,Terrestrial
Kepler-235 d,Kepler-235,2.05,0.183,4.86,0.0153,0.0,401.0,4.03,0.122,20.060548,M0 V,4255.0,0.554,0.581,Transit,2014.0,Kepler,428.018,Super-Earth
Kepler-235 e,Kepler-235,2.22,0.198,5.56,0.0175,0.0,306.0,1.33,0.213,46.183669,M0 V,4255.0,0.554,0.581,Transit,2014.0,Kepler,428.018,Super-Earth
Kepler-236 b,Kepler-236,1.57,0.14,3.09,0.00972,0.0,469.0,15.632,0.065,8.295611,M1 V,3750.0,0.51,0.596005,Transit,2014.0,Kepler,288.763,Super-Earth
Kepler-236 c,Kepler-236,2.0,0.178,4.66,0.0147,0.0,329.0,3.802,0.132,23.968127,M1 V,3750.0,0.51,0.596005,Transit,2014.0,Kepler,288.763,Super-Earth
Kepler-237 b,Kepler-237,1.41,0.126,2.57,0.00809,0.0,823.0,124.961,0.05,4.715106,,4861.0,0.725,0.696,Transit,2014.0,Kepler,657.822,Terrestrial
Kepler-237 c,Kepler-237,2.08,0.186,4.98,0.0157,0.0,687.0,60.642,0.071,8.103636,,4861.0,0.725,0.696,Transit,2014.0,Kepler,657.822,Super-Earth
Kepler-238 b,Kepler-238,1.73,0.154,3305.02,10.39875583,0.0,1642.0,2500.588,0.034,2.090876,,5751.0,1.43,1.229,Transit,2014.0,Kepler,1798.75,Super-Earth
Kepler-238 c,Kepler-238,2.39,0.213,152.522,0.47988788,0.0,1146.0,592.298,0.069,6.155557,,5751.0,1.43,1.229,Transit,2014.0,Kepler,1798.75,Super-Earth
Kepler-238 d,Kepler-238,3.07,0.274,23.1,0.07268073,0.0,888.0,213.48,0.115,13.233549,,5751.0,1.43,1.229,Transit,2014.0,Kepler,1798.75,Neptunian
Kepler-238 e,Kepler-238,5.6,0.5,169.7,0.534,0.0,731.0,98.461,0.17286,23.654,,5800.0,0.96,1.06,Transit,2013.0,Kepler,1798.75,Neptunian
Kepler-238 f,Kepler-238,2.0,0.178,13.5,0.042,0.0,568.0,35.869,0.28635,50.447,,5800.0,0.96,1.06,Transit,2013.0,Kepler,1798.75,Super-Earth
Kepler-239 b,Kepler-239,2.33,0.208,6.04,0.019,0.0,616.0,34.746,0.095,11.763051,,4914.0,0.763,0.757,Transit,2014.0,Kepler,648.109,Super-Earth
Kepler-239 c,Kepler-239,2.51,0.224,6.85,0.0215,0.0,366.0,4.315,0.268,56.228098,,4914.0,0.763,0.757,Transit,2014.0,Kepler,648.109,Neptunian
Kepler-24 b,Kepler-24,2.348,0.20947489,11.14,0.03505036,0.023,1050.0,252.246,0.08045,8.14,,6028.0,1.099,1.06,Transit,2011.0,Kepler,1156.81,Super-Earth
Kepler-24 c,Kepler-24,2.514,0.22428444,9.99,0.03143206,0.014,915.0,144.827,0.10612,12.33,,6028.0,1.099,1.06,Transit,2011.0,Kepler,1156.81,Neptunian
Kepler-24 d,Kepler-24,1.67,0.149,293.959,0.92489845,0.0,1305.0,601.895,0.051,4.244384,,5897.0,1.289,1.046,Transit,2014.0,Kepler,1156.81,Super-Earth
Kepler-24 e,Kepler-24,2.78,0.248,26.2118,0.08247155,0.0,792.0,81.506,0.138,18.998355,,5897.0,1.289,1.046,Transit,2014.0,Kepler,1156.81,Neptunian
Kepler-240 b,Kepler-240,1.37,0.122,2.45,0.00771,0.0,864.0,142.736,0.048,4.144495,,4985.0,0.739,0.868,Transit,2014.0,Kepler,746.927,Terrestrial
Kepler-240 c,Kepler-240,2.2,0.196,102.3,0.322,0.0,696.0,59.838,0.074,7.953528,,4985.0,0.739,0.868,Transit,2014.0,Kepler,746.927,Super-Earth
Kepler-241 b,Kepler-241,2.33,0.208,6.04,0.019,0.0,562.0,23.6,0.094,12.718092,,4699.0,0.668,0.671,Transit,2014.0,Kepler,512.0,Super-Earth
Kepler-241 c,Kepler-241,2.57,0.229,7.13,0.0224,0.0,397.0,5.88,0.189,36.065978,,4699.0,0.668,0.671,Transit,2014.0,Kepler,512.0,Neptunian
Kepler-242 b,Kepler-242,2.61,0.233,7.32,0.023,0.0,742.0,43.768,0.075,8.20395,,5020.0,0.85,0.748,Transit,2014.0,Kepler,600.241,Neptunian
Kepler-242 c,Kepler-242,2.0,0.178,4.66,0.0147,0.0,613.0,20.498,0.109,14.496481,,5020.0,0.85,0.748,Transit,2014.0,Kepler,600.241,Super-Earth
Kepler-243 b,Kepler-243,2.45,0.219,6.57,0.0207,0.0,850.0,115.505,0.062,5.715442,,5228.0,0.842,0.904,Transit,2014.0,Kepler,693.86,Super-Earth
Kepler-243 c,Kepler-243,1.99,0.178,4.62,0.0145,0.0,559.0,21.72,0.142,20.026218,,5228.0,0.842,0.904,Transit,2014.0,Kepler,693.86,Super-Earth
Kepler-244 b,Kepler-244,2.76,0.246,8.05,0.0253,0.0,1038.0,242.471,0.05,4.311792,,5554.0,0.803,0.933,Transit,2014.0,Kepler,1036.49,Neptunian
Kepler-244 c,Kepler-244,2.05,0.183,4.86,0.0153,0.0,791.0,81.574,0.087,9.767292,,5554.0,0.803,0.933,Transit,2014.0,Kepler,1036.49,Super-Earth
Kepler-244 d,Kepler-244,2.31,0.206,15.2,0.048,0.0,622.0,31.267,0.14,20.050401,,5554.0,0.803,0.933,Transit,2014.0,Kepler,1036.49,Super-Earth
Kepler-245 b,Kepler-245,2.57,0.229,146.78,0.46182153,0.0,753.0,77.749,0.071,7.49019,,5100.0,0.795,0.856,Transit,2014.0,Kepler,861.527,Neptunian
Kepler-245 c,Kepler-245,2.18,0.194,26.7,0.08400759,0.0,568.0,25.152,0.124,17.460812,,5100.0,0.795,0.856,Transit,2014.0,Kepler,861.527,Super-Earth
Kepler-245 d,Kepler-245,3.03,0.27,21.6,0.068,0.0,445.0,9.492,0.202,36.277108,,5100.0,0.795,0.856,Transit,2014.0,Kepler,861.527,Neptunian
Kepler-245 e,Kepler-245,1.75,0.15612454,1806.36,5.68344415,0.0,998.0,240.151,0.04053,3.219821056,,5174.0,0.8,0.86,Transit,2016.0,Kepler,861.527,Super-Earth
Kepler-246 b,Kepler-246,2.34,0.209,6.08,0.0191,0.0,896.0,141.613,0.052,4.60182,,5206.0,0.831,0.853,Transit,2014.0,Kepler,626.078,Super-Earth
Kepler-246 c,Kepler-246,1.5,0.134,2.86,0.00899,0.0,667.0,43.208,0.095,11.187161,,5206.0,0.831,0.853,Transit,2014.0,Kepler,626.078,Super-Earth
Kepler-247 b,Kepler-247,1.64,0.146,3.33,0.0105,0.0,970.0,216.111,0.042,3.33616,,5100.0,0.768,0.887,Transit,2014.0,Kepler,663.711,Super-Earth
Kepler-247 c,Kepler-247,4.09,0.365,15.7,0.0494,0.0,686.0,53.899,0.084,9.439452,,5100.0,0.768,0.887,Transit,2014.0,Kepler,663.711,Neptunian
Kepler-247 d,Kepler-247,3.94,0.352,14.7,0.0463,0.0,530.0,19.21,0.14,20.477912,,5100.0,0.768,0.887,Transit,2014.0,Kepler,663.711,Neptunian
Kepler-248 b,Kepler-248,3.02,0.269,9.38,0.0295,0.0,819.0,79.311,0.066,6.308205,,5190.0,0.831,0.838,Transit,2014.0,Kepler,738.792,Neptunian
Kepler-248 c,Kepler-248,4.07,0.363,15.6,0.049,0.0,598.0,22.459,0.123,16.239494,,5190.0,0.831,0.838,Transit,2014.0,Kepler,738.792,Neptunian
Kepler-249 b,Kepler-249,1.09,0.097,1.32,0.00416,0.0,554.0,24.26,0.035,3.306539,M2 V,3568.0,0.482,0.510238,Transit,2014.0,Kepler,190.401,Terrestrial
Kepler-249 c,Kepler-249,1.51,0.135,2.89,0.00909,0.0,429.0,12.529,0.058,7.113702,M2 V,3568.0,0.482,0.510238,Transit,2014.0,Kepler,190.401,Super-Earth
Kepler-249 d,Kepler-249,1.57,0.14,3.09,0.00972,0.0,332.0,4.474,0.097,15.368459,M2 V,3568.0,0.482,0.510238,Transit,2014.0,Kepler,190.401,Super-Earth
Kepler-25 b,Kepler-25,2.748,0.24516014,8.7,0.0275,0.0029,1185.0,542.96,0.0695,6.238297,F8,6354.0,1.316,1.165,Transit,2011.0,Kepler,243.249,Neptunian
Kepler-25 c,Kepler-25,5.217,0.46542957,15.2,0.0479,0.0061,934.0,210.172,0.1117,12.7207,F8,6354.0,1.316,1.165,Transit,2011.0,Kepler,243.249,Neptunian
Kepler-25 d,Kepler-25,10.0,0.894,71.9,0.226,0.13,,,0.4164221832,122.4,F8,6354.0,1.316,1.165,Radial Velocity,2014.0,W. M. Keck Observatory,243.249,Gas Giant
Kepler-250 b,Kepler-250,1.13,0.101,1.51,0.00474,0.0,938.0,148.103,0.048,4.148141,,5160.0,0.805,0.806,Transit,2014.0,Kepler,760.585,Terrestrial
Kepler-250 c,Kepler-250,2.28,0.203,5.82,0.0183,0.0,782.0,71.499,0.069,7.156804,,5160.0,0.805,0.806,Transit,2014.0,Kepler,760.585,Super-Earth
Kepler-250 d,Kepler-250,2.18,0.194,5.39,0.017,0.0,579.0,21.463,0.127,17.648312,,5160.0,0.805,0.806,Transit,2014.0,Kepler,760.585,Super-Earth
Kepler-251 b,Kepler-251,1.33,0.119,2.33,0.00733,0.0,990.0,203.169,0.053,4.790936,,5526.0,0.89,0.891,Transit,2014.0,Kepler,924.625,Terrestrial
Kepler-251 c,Kepler-251,2.77,0.247,8.1,0.0255,0.0,655.0,38.953,0.122,16.514043,,5526.0,0.89,0.891,Transit,2014.0,Kepler,924.625,Neptunian
Kepler-251 d,Kepler-251,2.77,0.247,8.1,0.0255,0.0,536.0,17.477,0.182,30.133001,,5526.0,0.89,0.891,Transit,2014.0,Kepler,924.625,Neptunian
Kepler-251 e,Kepler-251,2.77,0.247,8.1,0.0255,0.0,360.0,3.548,0.404,99.640161,,5526.0,0.89,0.891,Transit,2014.0,Kepler,924.625,Neptunian
Kepler-252 b,Kepler-252,1.23,0.11,2.04,0.00642,0.0,587.0,39.264,0.058,6.668391,M0 V,4208.0,0.549,0.61,Transit,2014.0,Kepler,379.424,Terrestrial
Kepler-252 c,Kepler-252,2.15,0.192,5.27,0.0166,0.0,499.0,20.507,0.08,10.848463,M0 V,4208.0,0.549,0.61,Transit,2014.0,Kepler,379.424,Super-Earth
Kepler-253 b,Kepler-253,1.63,0.145,3.29,0.0104,0.0,949.0,194.346,0.046,3.783986,,5208.0,0.786,0.86,Transit,2014.0,Kepler,838.595,Super-Earth
Kepler-253 c,Kepler-253,2.65,0.236,7.51,0.0236,0.0,680.0,51.273,0.089,10.281951,,5208.0,0.786,0.86,Transit,2014.0,Kepler,838.595,Neptunian
Kepler-253 d,Kepler-253,3.17,0.283,10.2,0.032,0.0,563.0,24.084,0.13,18.119869,,5208.0,0.786,0.86,Transit,2014.0,Kepler,838.595,Neptunian
Kepler-254 b,Kepler-254,3.87,0.345,14.3,0.0449,0.0,1013.0,184.341,0.064,5.826662,,5957.0,0.91,0.849,Transit,2014.0,Kepler,1389.48,Neptunian
Kepler-254 c,Kepler-254,2.15,0.192,3.2,0.01,0.0,787.0,67.225,0.105,12.412183,,5957.0,0.91,0.849,Transit,2014.0,Kepler,1389.48,Super-Earth
Kepler-254 d,Kepler-254,2.5,0.223,6.8,0.0214,0.0,686.0,38.844,0.139,18.746477,,5957.0,0.91,0.849,Transit,2014.0,Kepler,1389.48,Super-Earth
Kepler-255 b,Kepler-255,1.55,0.138,3.02,0.00951,0.0,971.0,174.395,0.063,5.714606,,5573.0,0.933,0.867,Transit,2014.0,Kepler,1052.53,Super-Earth
Kepler-255 c,Kepler-255,2.99,0.267,9.22,0.029,0.0,807.0,83.264,0.092,9.946047,,5573.0,0.933,0.867,Transit,2014.0,Kepler,1052.53,Neptunian
Kepler-255 d,Kepler-255,1.32,0.11776251,2.3,0.00724,0.0,1710.0,1686.09,0.0192,1.045622658,,5431.0,0.86,0.9,Transit,2016.0,Kepler,1052.53,Terrestrial
Kepler-256 b,Kepler-256,1.59,0.142,3.15,0.00993,0.0,1681.0,1225.934,0.027,1.620493,,5551.0,1.301,1.037,Transit,2014.0,Kepler,1026.43,Super-Earth
Kepler-256 c,Kepler-256,2.15,0.192,5.27,0.0166,0.0,1315.0,457.066,0.045,3.38802,,5551.0,1.301,1.037,Transit,2014.0,Kepler,1026.43,Super-Earth
Kepler-256 d,Kepler-256,2.48,0.221,6.71,0.0211,0.0,1097.0,221.1,0.064,5.839172,,5551.0,1.301,1.037,Transit,2014.0,Kepler,1026.43,Super-Earth
Kepler-256 e,Kepler-256,2.35,0.21,6.12,0.0193,0.0,897.0,98.9,0.096,10.681572,,5551.0,1.301,1.037,Transit,2014.0,Kepler,1026.43,Super-Earth
Kepler-257 b,Kepler-257,2.61,0.233,7.32,0.023,0.0,1237.0,343.6,0.034,2.382667,,5180.0,1.037,0.916,Transit,2014.0,Kepler,780.256,Neptunian
Kepler-257 c,Kepler-257,5.41,0.483,25.2,0.0794,0.0,881.0,88.6,0.066,6.581484,,5180.0,1.037,0.916,Transit,2014.0,Kepler,780.256,Neptunian
Kepler-257 d,Kepler-257,4.95,0.442,21.7,0.0683,0.0,567.0,15.2,0.16,24.664551,,5180.0,1.037,0.916,Transit,2014.0,Kepler,780.256,Neptunian
Kepler-258 b,Kepler-258,4.06,0.362,15.5,0.0488,0.0,642.0,27.791,0.103,13.19722,,4942.0,0.915,0.82,Transit,2014.0,Kepler,575.988,Neptunian
Kepler-258 c,Kepler-258,3.61,0.322,12.7,0.0399,0.0,470.0,7.985,0.193,33.653079,,4942.0,0.915,0.82,Transit,2014.0,Kepler,575.988,Neptunian
Kepler-259 b,Kepler-259,2.8,0.25,8.25,0.0259,0.0,879.0,113.451,0.079,8.115317,,5938.0,0.898,0.867,Transit,2014.0,Kepler,1002.14,Neptunian
Kepler-259 c,Kepler-259,2.7,0.241,7.75,0.0244,0.0,530.0,15.054,0.217,36.924931,,5938.0,0.898,0.867,Transit,2014.0,Kepler,1002.14,Neptunian
Kepler-26 b,Kepler-26,2.78,0.24801499,5.12,0.01610924,0.021,431.0,7.6,0.08551,12.28,M0 V,3914.0,0.512,0.544,Transit,2011.0,Kepler,335.307,Neptunian
Kepler-26 c,Kepler-26,2.72,0.24266215,6.2,0.01950728,0.013,385.0,4.82,0.10725,17.2559,M0 V,3914.0,0.512,0.544,Transit,2011.0,Kepler,335.307,Neptunian
Kepler-26 d,Kepler-26,1.07,0.095,1.24,0.0039,0.0,652.0,31.79,0.039,3.543919,M0 V,4486.0,0.571,0.593,Transit,2014.0,Kepler,335.307,Terrestrial
Kepler-26 e,Kepler-26,2.41,0.215,6.39,0.0201,0.0,276.0,1.753,0.22,46.827915,M0 V,4486.0,0.571,0.593,Transit,2014.0,Kepler,335.307,Super-Earth
Kepler-260 b,Kepler-260,2.01,0.179,4.7,0.0148,0.0,782.0,132.134,0.075,8.187399,,5250.0,0.862,1.013,Transit,2014.0,Kepler,627.365,Super-Earth
Kepler-260 c,Kepler-260,1.74,0.155,3.68,0.0116,0.0,372.0,6.775,0.332,76.050178,,5250.0,0.862,1.013,Transit,2014.0,Kepler,627.365,Super-Earth
Kepler-261 b,Kepler-261,2.18,0.194,5.39,0.017,0.0,672.0,45.779,0.088,10.381227,,5098.0,0.794,0.834,Transit,2014.0,Kepler,317.499,Super-Earth
Kepler-261 c,Kepler-261,2.0,0.178,4.66,0.0147,0.0,505.0,14.512,0.156,24.570858,,5098.0,0.794,0.834,Transit,2014.0,Kepler,317.499,Super-Earth
Kepler-262 b,Kepler-262,1.36,0.121,2.42,0.00761,0.0,734.0,50.169,0.108,13.060855,,5841.0,0.881,0.816,Transit,2014.0,Kepler,613.129,Terrestrial
Kepler-262 c,Kepler-262,1.64,0.146,3.33,0.0105,0.0,618.0,25.26,0.152,21.853722,,5841.0,0.881,0.816,Transit,2014.0,Kepler,613.129,Super-Earth
Kepler-263 b,Kepler-263,2.67,0.238,7.61,0.0239,0.0,548.0,24.308,0.12,16.568087,,5265.0,0.785,0.793,Transit,2014.0,Kepler,754.747,Neptunian
Kepler-263 c,Kepler-263,2.47,0.22,6.66,0.021,0.0,386.0,5.994,0.242,47.332773,,5265.0,0.785,0.793,Transit,2014.0,Kepler,754.747,Super-Earth
Kepler-264 b,Kepler-264,3.33,0.297,11.1,0.0348,0.0,772.0,79.478,0.249,40.806231,,6158.0,1.55,1.426,Transit,2014.0,Kepler,942.173,Neptunian
Kepler-264 c,Kepler-264,2.83,0.252,8.4,0.0264,0.0,511.0,15.347,0.566,140.101261,,6158.0,1.55,1.426,Transit,2014.0,Kepler,942.173,Neptunian
Kepler-265 b,Kepler-265,1.86,0.166,4.12,0.013,0.0,1022.0,220.328,0.069,6.846262,,5835.0,1.103,0.97,Transit,2014.0,Kepler,1280.25,Super-Earth
Kepler-265 c,Kepler-265,2.63,0.235,7.41,0.0233,0.0,755.0,65.359,0.127,17.028937,,5835.0,1.103,0.97,Transit,2014.0,Kepler,1280.25,Neptunian
Kepler-265 d,Kepler-265,2.49,0.222,6.76,0.0213,0.0,554.0,18.941,0.236,43.130617,,5835.0,1.103,0.97,Transit,2014.0,Kepler,1280.25,Super-Earth
Kepler-265 e,Kepler-265,2.59,0.231,7.22,0.0227,0.0,476.0,10.354,0.319,67.831024,,5835.0,1.103,0.97,Transit,2014.0,Kepler,1280.25,Neptunian
Kepler-266 b,Kepler-266,2.48,0.221,6.71,0.0211,0.0,1066.0,230.403,0.071,6.61833,,5885.0,1.028,0.947,Transit,2014.0,Kepler,1370.79,Super-Earth
Kepler-266 c,Kepler-266,3.89,0.347,14.4,0.0453,0.0,421.0,5.592,0.457,107.723601,,5885.0,1.028,0.947,Transit,2014.0,Kepler,1370.79,Neptunian
Kepler-267 b,Kepler-267,1.98,0.177,37.9,0.119,0.0,615.0,45.843,0.037,3.353728,M1 V,4258.0,0.555,0.541571,Transit,2014.0,Kepler,264.993,Super-Earth
Kepler-267 c,Kepler-267,2.13,0.19,5.18,0.0163,0.0,484.0,17.583,0.06,6.87745,M1 V,4258.0,0.555,0.541571,Transit,2014.0,Kepler,264.993,Super-Earth
Kepler-267 d,Kepler-267,2.27,0.203,5.77,0.0182,0.0,301.0,2.647,0.154,28.464515,M1 V,4258.0,0.555,0.541571,Transit,2014.0,Kepler,264.993,Super-Earth
Kepler-268 b,Kepler-268,2.55,0.227,7.04,0.0221,0.0,695.0,64.933,0.18,25.934138,,6081.0,1.274,1.109,Transit,2014.0,Kepler,851.87,Neptunian
Kepler-268 c,Kepler-268,3.38,0.302,11.4,0.0357,0.0,471.0,13.662,0.391,83.446393,,6081.0,1.274,1.109,Transit,2014.0,Kepler,851.87,Neptunian
Kepler-269 b,Kepler-269,2.47,0.22,6.66,0.021,0.0,1007.0,604.9,0.061,5.326718,,5847.0,0.959,0.92,Transit,2014.0,Kepler,2257.32,Super-Earth
Kepler-269 c,Kepler-269,1.69,0.151,3.5,0.011,0.0,875.0,342.6,0.081,8.127899,,5847.0,0.959,0.92,Transit,2014.0,Kepler,2257.32,Super-Earth
Kepler-27 b,Kepler-27,4.0,0.357,2895.31,9.11,0.0,610.0,28.681,0.118,15.3348,,5400.0,0.59,0.65,Transit,2011.0,Kepler,1044.36,Neptunian
Kepler-27 c,Kepler-27,4.9,0.437,4385.87,13.8,0.0,481.0,11.067,0.191,31.3309,,5400.0,0.59,0.65,Transit,2011.0,Kepler,1044.36,Neptunian
Kepler-27 d,Kepler-27,2.7061946,0.24143093,7.78,0.0245,0.0,810.0,88.2,0.06578,6.546289921,,5251.0,0.817,0.926,Transit,2021.0,Kepler,1044.36,Neptunian
Kepler-270 b,Kepler-270,2.01,0.179,4.7,0.0148,0.0,984.0,178.362,0.107,11.476094,,6067.0,1.461,1.17,Transit,2014.0,Kepler,948.781,Super-Earth
Kepler-270 c,Kepler-270,1.77,0.158,3.78,0.0119,0.0,756.0,62.241,0.18,25.262887,,6067.0,1.461,1.17,Transit,2014.0,Kepler,948.781,Super-Earth
Kepler-271 b,Kepler-271,1.23,0.10973325,2.04,0.00642,0.0,759.0,75.957,0.08784,10.43547805,,5555.0,0.87,0.9,Transit,2014.0,Kepler,404.542,Terrestrial
Kepler-271 c,Kepler-271,0.95,0.08475332,0.809,0.00254,0.0,850.0,119.631,0.06993,7.41086267,,5555.0,0.87,0.9,Transit,2014.0,Kepler,404.542,Terrestrial
Kepler-271 d,Kepler-271,0.66,0.05888126,0.219,0.00069,0.0,954.0,189.343,0.05554,5.24972541,,5555.0,0.87,0.9,Transit,2016.0,Kepler,404.542,Terrestrial
Kepler-272 b,Kepler-272,1.43,0.128,78.0,0.245,0.0,1200.0,801.741,0.038,2.971353,,5297.0,0.929,0.91,Transit,2014.0,Kepler,889.608,Terrestrial
Kepler-272 c,Kepler-272,1.79,0.16,97.8,0.308,0.0,947.0,310.76,0.061,6.057342,,5297.0,0.929,0.91,Transit,2014.0,Kepler,889.608,Super-Earth
Kepler-272 d,Kepler-272,2.25,0.201,5.69,0.0179,0.0,777.0,141.135,0.091,10.937304,,5297.0,0.929,0.91,Transit,2014.0,Kepler,889.608,Super-Earth
Kepler-273 b,Kepler-273,1.5,0.134,2.86,0.00899,0.0,1209.0,285.636,0.037,2.936532,,5626.0,0.815,0.756,Transit,2014.0,Kepler,713.964,Super-Earth
Kepler-273 c,Kepler-273,1.98,0.177,4.58,0.0144,0.0,865.0,74.887,0.073,8.014927,,5626.0,0.815,0.756,Transit,2014.0,Kepler,713.964,Super-Earth
Kepler-274 b,Kepler-274,1.54,0.137,2.99,0.0094,0.0,961.0,147.812,0.101,11.634788,,6023.0,1.007,0.883,Transit,2014.0,Kepler,1333.62,Super-Earth
Kepler-274 c,Kepler-274,1.84,0.164,4.04,0.0127,0.0,678.0,36.518,0.204,33.197861,,6023.0,1.007,0.883,Transit,2014.0,Kepler,1333.62,Super-Earth
Kepler-275 b,Kepler-275,2.34,0.209,6.08,0.0191,0.0,1015.0,266.3,0.098,10.300682,,6165.0,1.383,1.189,Transit,2014.0,Kepler,2034.25,Super-Earth
Kepler-275 c,Kepler-275,3.38,0.302,11.4,0.0357,0.0,875.0,146.5,0.132,16.088134,,6165.0,1.383,1.189,Transit,2014.0,Kepler,2034.25,Neptunian
Kepler-275 d,Kepler-275,3.33,0.297,11.1,0.0348,0.0,671.0,50.7,0.224,35.676062,,6165.0,1.383,1.189,Transit,2014.0,Kepler,2034.25,Neptunian
Kepler-276 b,Kepler-276,2.87,0.256,731.209,2.3006408,0.0,739.0,58.586,0.119,14.12841,,6105.0,1.046,0.845,Transit,2014.0,Kepler,1144.86,Neptunian
Kepler-276 c,Kepler-276,2.9,0.259,16.6,0.052,0.0,563.0,19.793,0.18619,31.884,,5693.0,1.03,1.1,Transit,2013.0,Kepler,1144.86,Neptunian
Kepler-276 d,Kepler-276,2.8,0.25,16.3,0.051,0.0,489.0,11.274,0.24666,48.648,,5693.0,1.03,1.1,Transit,2013.0,Kepler,1144.86,Neptunian
Kepler-277 b,Kepler-277,2.92,0.261,87.3,0.275,0.0,964.0,198.245,0.14168,17.324,,5946.0,1.69,1.12,Transit,2013.0,Kepler,976.643,Neptunian
Kepler-277 c,Kepler-277,3.36,0.3,64.2,0.202,0.0,778.0,83.898,0.21781,33.006,,5946.0,1.69,1.12,Transit,2013.0,Kepler,976.643,Neptunian
Kepler-278 b,Kepler-278,3.955,0.35284207,56.0,0.1761957,0.696,586.0,110.0,0.202,30.1556,K2 III-IV,4965.0,2.861,1.227,Transit,2014.0,Kepler,443.03,Neptunian
Kepler-278 c,Kepler-278,3.268,0.29155193,34.9,0.10980768,0.616,492.0,54.3,0.287,51.111,K2 III-IV,4965.0,2.861,1.227,Transit,2014.0,Kepler,443.03,Neptunian
Kepler-279 b,Kepler-279,3.62,0.323,4180.93,13.15467689,0.0,1104.0,249.021,0.112,12.309681,,6363.0,1.746,1.2,Transit,2014.0,Kepler,1037.4,Neptunian
Kepler-279 c,Kepler-279,4.3,0.384,49.4,0.155,0.0,774.0,60.157,0.2236,35.736,,6689.45,1.07,1.1,Transit,2013.0,Kepler,1037.4,Neptunian
Kepler-279 d,Kepler-279,3.1,0.277,37.5,0.118,0.0,574.0,35.739,0.2901,54.414,,6689.45,1.07,1.1,Transit,2013.0,Kepler,1037.4,Neptunian
Kepler-279 e,Kepler-279,4.13,0.36845456,56.0,0.1761957,0.0,552.0,21.96,0.439,98.3531,,6689.45,1.43,1.164,Transit,2025.0,Kepler,1037.4,Neptunian
Kepler-28 b,Kepler-28,1.959,0.17477057,1.63,0.00512855,0.0,585.0,62.577,0.05687,5.91,M0 V,4499.3,0.664,0.684,Transit,2011.0,Kepler,438.359,Super-Earth
Kepler-28 c,Kepler-28,1.857,0.16567073,2.06,0.00648148,0.017,509.0,35.898,0.07519,8.99,M0 V,4499.3,0.664,0.684,Transit,2011.0,Kepler,438.359,Super-Earth
Kepler-280 b,Kepler-280,1.45,0.129,2.7,0.00849,0.0,1425.0,821.894,0.032,2.139542,,5744.0,0.886,0.962,Transit,2014.0,Kepler,780.361,Terrestrial
Kepler-280 c,Kepler-280,2.01,0.179,4.7,0.0148,0.0,1088.0,279.085,0.056,4.807091,,5744.0,0.886,0.962,Transit,2014.0,Kepler,780.361,Super-Earth
Kepler-281 b,Kepler-281,2.82,0.252,324.0,1.019418,0.0,694.0,118.246,0.117,14.646008,,5723.0,0.899,0.95,Transit,2014.0,Kepler,1745.45,Neptunian
Kepler-281 c,Kepler-281,5.31,0.474,161.124,0.5069528,0.0,513.0,35.203,0.215,36.337373,,5723.0,0.899,0.95,Transit,2014.0,Kepler,1745.45,Neptunian
Kepler-281 d,Kepler-281,5.93747806,0.52970723,654.0,2.05771412,0.0,321.0,2.51,0.5456,148.2720032,,5717.0,0.884,0.984,Transit,2021.0,Kepler,1745.45,Neptunian
Kepler-282 b,Kepler-282,1.01,0.09,1.01,0.00317,0.0,817.0,195.935,0.082,9.220524,,5602.0,0.904,0.86,Transit,2014.0,Kepler,1337.61,Terrestrial
Kepler-282 c,Kepler-282,1.2,0.107,1.87,0.00588,0.0,717.0,116.117,0.106,13.638723,,5602.0,0.904,0.86,Transit,2014.0,Kepler,1337.61,Terrestrial
Kepler-282 d,Kepler-282,2.46,0.219,61.0,0.192,0.0,588.0,52.348,0.15837,24.806,,5656.0,0.89,0.97,Transit,2013.0,Kepler,1337.61,Super-Earth
Kepler-282 e,Kepler-282,3.1,0.277,56.2,0.177,0.0,484.0,24.114,0.23332,44.347,,5656.0,0.89,0.97,Transit,2013.0,Kepler,1337.61,Neptunian
Kepler-283 b,Kepler-283,2.13,0.19,5.18,0.0163,0.0,488.0,16.26,0.082,11.008151,,4351.0,0.566,0.596,Transit,2014.0,Kepler,468.094,Super-Earth
Kepler-283 c,Kepler-283,1.82,0.162,3.97,0.0125,0.0,240.0,0.949,0.341,92.743711,,4351.0,0.566,0.596,Transit,2014.0,Kepler,468.094,Super-Earth
Kepler-284 b,Kepler-284,2.24,0.2,5.65,0.0178,0.0,686.0,38.366,0.104,12.699149,,5615.0,0.814,0.766,Transit,2014.0,Kepler,1031.95,Super-Earth
Kepler-284 c,Kepler-284,2.61,0.233,7.32,0.023,0.0,478.0,9.042,0.213,37.514456,,5615.0,0.814,0.766,Transit,2014.0,Kepler,1031.95,Neptunian
Kepler-285 b,Kepler-285,1.34,0.12,2.36,0.00742,0.0,1131.0,428.407,0.036,2.633867,,5411.0,0.808,0.915,Transit,2014.0,Kepler,824.31,Terrestrial
Kepler-285 c,Kepler-285,1.12,0.1,1.46,0.00459,0.0,851.0,137.068,0.064,6.186676,,5411.0,0.808,0.915,Transit,2014.0,Kepler,824.31,Terrestrial
Kepler-286 b,Kepler-286,1.24,0.111,2.07,0.00651,0.0,1367.0,850.1,0.027,1.796302,,5580.0,0.863,0.83,Transit,2014.0,Kepler,1226.85,Terrestrial
Kepler-286 c,Kepler-286,1.37,0.122,2.45,0.00771,0.0,1098.0,353.0,0.042,3.468095,,5580.0,0.863,0.83,Transit,2014.0,Kepler,1226.85,Terrestrial
Kepler-286 d,Kepler-286,1.33,0.119,2.33,0.00733,0.0,919.0,173.9,0.061,5.914323,,5580.0,0.863,0.83,Transit,2014.0,Kepler,1226.85,Terrestrial
Kepler-286 e,Kepler-286,1.77,0.158,3.78,0.0119,0.0,539.0,20.6,0.176,29.221289,,5580.0,0.863,0.83,Transit,2014.0,Kepler,1226.85,Super-Earth
Kepler-287 b,Kepler-287,2.33,0.208,83.0,0.2611472,0.0,667.0,35.75,0.145,20.342199,K7 V,5806.0,1.032,0.963,Transit,2014.0,Kepler,835.86,Super-Earth
Kepler-287 c,Kepler-287,3.26,0.291,66.0,0.20765922,0.0,513.0,12.457,0.246,44.851896,K7 V,5806.0,1.032,0.963,Transit,2014.0,Kepler,835.86,Neptunian
Kepler-288 b,Kepler-288,1.67,0.149,3.43,0.0108,0.0,1197.0,247.301,0.065,6.097326,,5918.0,1.091,0.842,Transit,2014.0,Kepler,1194.15,Super-Earth
Kepler-288 c,Kepler-288,2.85,0.254,8.5,0.0267,0.0,815.0,53.148,0.14,19.305772,,5918.0,1.091,0.842,Transit,2014.0,Kepler,1194.15,Neptunian
Kepler-288 d,Kepler-288,2.67,0.238,7.61,0.0239,0.0,570.0,12.659,0.287,56.633742,,5918.0,1.091,0.842,Transit,2014.0,Kepler,1194.15,Neptunian
Kepler-289 b,Kepler-289,2.49,0.2221433,3.7,0.0116415,0.0,607.0,27.371,0.21183,34.5383,,5990.0,1.0,1.08,Transit,2014.0,Kepler,704.438,Super-Earth
Kepler-289 c,Kepler-289,11.23,1.00187522,157.18,0.49,0.0,394.0,4.882,0.50155,125.8723,,5990.0,1.0,1.08,Transit,2014.0,Kepler,704.438,Gas Giant
Kepler-289 d,Kepler-289,3.03,0.27031896,5.33,0.01677006,,,,0.33,66.0282,,5990.0,1.0,1.08,Transit,2014.0,Kepler,704.438,Neptunian
Kepler-289 e,Kepler-289,2.94,0.26228968,17.4,0.05474652,0.0,286.0,1.58,0.9342,330.0716,,5990.0,0.985,1.061,Transit,2025.0,Kepler,704.438,Neptunian
Kepler-29 b,Kepler-29,2.55,0.22749576,5.0,0.01573168,0.0,777.0,55.9,0.08482,10.33974,,5378.0,0.732,0.761,Transit,2011.0,Kepler,832.532,Neptunian
Kepler-29 c,Kepler-29,2.34,0.20876082,4.5,0.01415851,0.0,715.0,34.4,0.10027,13.28613,,5378.0,0.732,0.761,Transit,2011.0,Kepler,832.532,Super-Earth
Kepler-290 b,Kepler-290,2.25,0.201,5.69,0.0179,0.0,594.0,22.637,0.11,14.589347,,5147.0,0.743,0.756,Transit,2014.0,Kepler,694.627,Super-Earth
Kepler-290 c,Kepler-290,2.7,0.241,7.75,0.0244,0.0,437.0,6.596,0.205,36.77031,,5147.0,0.743,0.756,Transit,2014.0,Kepler,694.627,Neptunian
Kepler-290 d,Kepler-290,0.86,0.07672419,0.566,0.00178,0.0,1589.0,1503.79,0.0154,0.764017553,,5142.0,0.755,0.84,Transit,2023.0,Kepler,694.627,Terrestrial
Kepler-291 b,Kepler-291,2.16,0.193,5.31,0.0167,0.0,1212.0,627.374,0.047,3.546511,,6002.0,1.016,1.023,Transit,2014.0,Kepler,1786.48,Super-Earth
Kepler-291 c,Kepler-291,1.88,0.168,4.19,0.0132,0.0,1035.0,332.737,0.065,5.700786,,6002.0,1.016,1.023,Transit,2014.0,Kepler,1786.48,Super-Earth
Kepler-292 b,Kepler-292,1.32,0.118,2.3,0.00724,0.0,1130.0,394.301,0.035,2.580827,,5299.0,0.826,0.865,Transit,2014.0,Kepler,1056.48,Terrestrial
Kepler-292 c,Kepler-292,1.47,0.131,2.76,0.00869,0.0,1001.0,242.416,0.045,3.715335,,5299.0,0.826,0.865,Transit,2014.0,Kepler,1056.48,Terrestrial
Kepler-292 d,Kepler-292,2.23,0.199,5.6,0.0176,0.0,808.0,103.005,0.068,7.055679,,5299.0,0.826,0.865,Transit,2014.0,Kepler,1056.48,Super-Earth
Kepler-292 e,Kepler-292,2.67,0.238,7.61,0.0239,0.0,678.0,50.924,0.097,11.97901,,5299.0,0.826,0.865,Transit,2014.0,Kepler,1056.48,Neptunian
Kepler-292 f,Kepler-292,2.35,0.21,6.12,0.0193,0.0,563.0,24.325,0.141,20.834237,,5299.0,0.826,0.865,Transit,2014.0,Kepler,1056.48,Super-Earth
Kepler-293 b,Kepler-293,3.07,0.274,9.64,0.0303,0.0,657.0,28.944,0.144,19.254196,,5804.0,0.957,0.934,Transit,2014.0,Kepler,974.633,Neptunian
Kepler-293 c,Kepler-293,3.83,0.342,14.0,0.0442,0.0,466.0,7.287,0.286,54.155743,,5804.0,0.957,0.934,Transit,2014.0,Kepler,974.633,Neptunian
Kepler-294 b,Kepler-294,1.77,0.158,3.78,0.0119,0.0,1087.0,329.801,0.048,3.701212,,5913.0,0.976,0.947,Transit,2014.0,Kepler,1357.01,Super-Earth
Kepler-294 c,Kepler-294,2.71,0.242,7.8,0.0245,0.0,895.0,151.491,0.071,6.6264,,5913.0,0.976,0.947,Transit,2014.0,Kepler,1357.01,Neptunian
Kepler-295 b,Kepler-295,1.22,0.109,1.98,0.00624,0.0,741.0,287.5,0.099,12.645164,,5603.0,0.898,0.89,Transit,2014.0,Kepler,1699.19,Terrestrial
Kepler-295 c,Kepler-295,1.17,0.104,1.71,0.00537,0.0,621.0,141.4,0.142,21.526258,,5603.0,0.898,0.89,Transit,2014.0,Kepler,1699.19,Terrestrial
Kepler-295 d,Kepler-295,1.36,0.121,2.42,0.00761,0.0,533.0,104.962,0.192,33.884054,,5603.0,0.898,0.89,Transit,2014.0,Kepler,1699.19,Terrestrial
Kepler-296 b,Kepler-296,1.61,0.14363458,3.22,0.0101,0.33,495.0,6.5,0.079,10.864384,M2 V,3740.0,0.48,0.498,Transit,2014.0,Kepler,167.0,Super-Earth
Kepler-296 c,Kepler-296,2.0,0.17842805,4.66,0.0147,0.33,606.0,14.8,0.0521,5.8416366,M2 V,3740.0,0.48,0.498,Transit,2014.0,Kepler,167.0,Super-Earth
Kepler-296 d,Kepler-296,2.09,0.18645731,5.02,0.0158,0.33,403.0,2.9,0.118,19.850291,M2 V,3740.0,0.48,0.498,Transit,2014.0,Kepler,167.0,Super-Earth
Kepler-296 e,Kepler-296,1.53,0.13649746,2.96,0.0093,0.33,337.0,1.41,0.169,34.14211,M2 V,3740.0,0.48,0.498,Transit,2014.0,Kepler,167.0,Super-Earth
Kepler-296 f,Kepler-296,1.8,0.16058524,3.89,0.0123,0.33,274.0,0.62,0.255,63.33627,M2 V,3740.0,0.48,0.498,Transit,2014.0,Kepler,167.0,Super-Earth
Kepler-297 b,Kepler-297,2.87,0.256,48.5,0.153,0.0,509.0,16.464,0.217,38.871826,,5619.0,0.915,0.927,Transit,2014.0,Kepler,692.14,Neptunian
Kepler-297 c,Kepler-297,6.54,0.583,42.1,0.132,0.0,409.0,6.86,0.336,74.920137,,5619.0,0.915,0.927,Transit,2014.0,Kepler,692.14,Gas Giant
Kepler-297 d,Kepler-297,32.6,2.9083822,,,0.0,325.0,2.62,0.523,150.0189511,,5618.0,0.897,0.846,Transit,2023.0,Kepler,692.14,Gas Giant
Kepler-298 b,Kepler-298,1.96,0.175,4.5,0.0142,0.0,540.0,24.707,0.08,10.475464,,4465.0,0.582,0.66,Transit,2014.0,Kepler,518.204,Super-Earth
Kepler-298 c,Kepler-298,1.93,0.172,4.38,0.0138,0.0,416.0,8.696,0.136,22.92881,,4465.0,0.582,0.66,Transit,2014.0,Kepler,518.204,Super-Earth
Kepler-298 d,Kepler-298,2.5,0.223,6.8,0.0214,0.0,277.0,1.715,0.305,77.473633,,4465.0,0.582,0.66,Transit,2014.0,Kepler,518.204,Super-Earth
Kepler-299 b,Kepler-299,1.32,0.118,2.3,0.00724,0.0,1258.0,622.067,0.04,2.927128,,5617.0,1.032,1.004,Transit,2014.0,Kepler,1052.24,Terrestrial
Kepler-299 c,Kepler-299,2.65,0.236,7.51,0.0236,0.0,946.0,198.554,0.07,6.885875,,5617.0,1.032,1.004,Transit,2014.0,Kepler,1052.24,Neptunian
Kepler-299 d,Kepler-299,1.86,0.166,4.12,0.013,0.0,729.0,69.96,0.118,15.054786,,5617.0,1.032,1.004,Transit,2014.0,Kepler,1052.24,Super-Earth
Kepler-299 e,Kepler-299,1.87,0.167,4.16,0.0131,0.0,534.0,20.174,0.22,38.285489,,5617.0,1.032,1.004,Transit,2014.0,Kepler,1052.24,Super-Earth
Kepler-30 b,Kepler-30,3.9,0.348,11.3,0.036,0.042,524.0,16.379,0.18,29.33434,,5498.0,0.95,0.99,Transit,2012.0,Kepler,914.221,Neptunian
Kepler-30 c,Kepler-30,12.3,1.097,640.0,2.01,0.0111,411.0,6.217,0.3,60.323105,,5498.0,0.95,0.99,Transit,2012.0,Kepler,914.221,Gas Giant
Kepler-30 d,Kepler-30,8.8,0.785,23.1,0.073,0.022,308.0,1.962,0.5,143.34394,,5498.0,0.95,0.99,Transit,2012.0,Kepler,914.221,Gas Giant
Kepler-300 b,Kepler-300,1.67,0.149,3.43,0.0108,0.0,812.0,265.186,0.094,10.446347,,5986.0,0.9,1.07,Transit,2014.0,Kepler,1098.45,Super-Earth
Kepler-300 c,Kepler-300,2.25,0.201,5.69,0.0179,0.0,516.0,43.248,0.232,40.714955,,5986.0,0.9,1.07,Transit,2014.0,Kepler,1098.45,Super-Earth
Kepler-301 b,Kepler-301,1.35,0.12,2.39,0.00752,0.0,1278.0,665.437,0.036,2.508553,,5815.0,0.9,1.022,Transit,2014.0,Kepler,719.166,Terrestrial
Kepler-301 c,Kepler-301,1.35,0.12,2.39,0.00752,0.0,989.0,238.481,0.06,5.419026,,5815.0,0.9,1.022,Transit,2014.0,Kepler,719.166,Terrestrial
Kepler-301 d,Kepler-301,1.75,0.156,3.71,0.0117,0.0,725.0,68.931,0.112,13.751243,,5815.0,0.9,1.022,Transit,2014.0,Kepler,719.166,Super-Earth
Kepler-302 b,Kepler-302,4.06,0.362,15.5,0.0488,0.0,634.0,31.247,0.193,30.184104,,5740.0,1.22,1.021,Transit,2014.0,Kepler,1402.58,Neptunian
Kepler-302 c,Kepler-302,12.45,1.111,,,0.0,392.0,4.585,0.503,127.282184,,5740.0,1.22,1.021,Transit,2014.0,Kepler,1402.58,Gas Giant
Kepler-303 b,Kepler-303,0.89,0.079,0.64,0.00201,0.0,802.0,145.436,0.024,1.937055,M0 V,3944.0,0.485,0.575,Transit,2014.0,Kepler,209.738,Terrestrial
Kepler-303 c,Kepler-303,1.14,0.102,1.55,0.00489,0.0,521.0,25.851,0.057,7.061149,M0 V,3944.0,0.485,0.575,Transit,2014.0,Kepler,209.738,Terrestrial
Kepler-304 b,Kepler-304,2.86,0.255,8.55,0.0269,0.0,875.0,139.146,0.039,3.295709,,4731.0,0.687,0.737,Transit,2014.0,Kepler,434.684,Neptunian
Kepler-304 c,Kepler-304,2.17,0.194,5.35,0.0168,0.0,746.0,73.598,0.054,5.315946,,4731.0,0.687,0.737,Transit,2014.0,Kepler,434.684,Super-Earth
Kepler-304 d,Kepler-304,2.75,0.245,8.0,0.0252,0.0,611.0,33.16,0.08,9.653471,,4731.0,0.687,0.737,Transit,2014.0,Kepler,434.684,Neptunian
Kepler-304 e,Kepler-304,1.2,0.10705683,1.87,0.00588,0.0,1137.0,397.254,0.02317,1.499146953,,4817.0,0.73,0.8,Transit,2016.0,Kepler,434.684,Terrestrial
Kepler-305 b,Kepler-305,3.6,0.321,10.5,0.033,0.005,836.0,112.914,0.05746,5.487,,5080.0,0.8,0.76,Transit,2013.0,Kepler,868.477,Neptunian
Kepler-305 c,Kepler-305,3.3,0.294,6.0,0.019,0.0,728.0,65.1,0.07568,8.291,,5080.0,0.8,0.76,Transit,2013.0,Kepler,868.477,Neptunian
Kepler-305 d,Kepler-305,2.76,0.24623113,6.2,0.01950738,0.0,576.0,25.523,0.12091,16.74,,5090.0,0.792,0.827,Transit,2014.0,Kepler,868.477,Neptunian
Kepler-305 e,Kepler-305,1.7938153,0.16003348,3.87,0.0122,0.0,1000.0,220.4,0.04017,3.20538,,4974.0,0.827279,0.82,Transit,2020.0,Kepler,868.477,Super-Earth
Kepler-306 b,Kepler-306,1.52,0.136,2.92,0.0092,0.0,830.0,127.255,0.05,4.646186,,4954.0,0.719,0.75,Transit,2014.0,Kepler,775.679,Super-Earth
Kepler-306 c,Kepler-306,2.35,0.21,6.12,0.0193,0.0,716.0,70.449,0.067,7.240193,,4954.0,0.719,0.75,Transit,2014.0,Kepler,775.679,Super-Earth
Kepler-306 d,Kepler-306,2.47,0.22,6.66,0.021,0.0,535.0,21.983,0.12,17.326644,,4954.0,0.719,0.75,Transit,2014.0,Kepler,775.679,Super-Earth
Kepler-306 e,Kepler-306,2.27,0.203,5.77,0.0182,0.0,390.0,6.185,0.227,44.840975,,4954.0,0.719,0.75,Transit,2014.0,Kepler,775.679,Super-Earth
Kepler-307 b,Kepler-307,2.43,0.21679008,7.44,0.02340874,0.0,797.0,59.7,0.09359,10.4208,,5367.0,0.814,0.907,Transit,2013.0,Kepler,575.581,Super-Earth
Kepler-307 c,Kepler-307,2.2,0.19627085,3.64,0.01145266,0.0,739.0,44.0,0.10896,13.0729,,5367.0,0.814,0.907,Transit,2013.0,Kepler,575.581,Super-Earth
Kepler-308 b,Kepler-308,2.12,0.189,5.14,0.0162,0.0,833.0,108.64,0.09,9.694928,,5895.0,0.941,0.92,Transit,2014.0,Kepler,1335.92,Super-Earth
Kepler-308 c,Kepler-308,2.16,0.193,5.31,0.0167,0.0,714.0,58.679,0.123,15.38231,,5895.0,0.941,0.92,Transit,2014.0,Kepler,1335.92,Super-Earth
Kepler-309 b,Kepler-309,1.56,0.139,3.05,0.00961,0.0,531.0,99.493,0.059,5.923653,M0 V,4713.0,0.721,0.816,Transit,2014.0,Kepler,544.568,Super-Earth
Kepler-309 c,Kepler-309,2.51,0.224,6.85,0.0215,0.0,204.0,2.142,0.401,105.356383,M0 V,4713.0,0.721,0.816,Transit,2014.0,Kepler,544.568,Neptunian
Kepler-31 b,Kepler-31,5.5,0.491,36.7418,0.11560263,0.0,781.0,91.474,0.16,20.8613,,6340.0,1.22,1.21,Transit,2011.0,Kepler,1664.64,Neptunian
Kepler-31 c,Kepler-31,5.3,0.473,1493.7,4.7,0.0,615.0,35.254,0.26,42.6318,,6340.0,1.22,1.21,Transit,2011.0,Kepler,1664.64,Neptunian
Kepler-31 d,Kepler-31,3.9,0.3479347,2161.244,6.8,0.0,484.0,11.8,0.4,87.6451,,6340.0,1.22,1.21,Transit,2014.0,Kepler,1664.64,Neptunian
Kepler-310 b,Kepler-310,1.19,0.106,1.81,0.0057,0.0,665.0,45.97,0.111,13.930698,,5797.0,0.876,0.854,Transit,2014.0,Kepler,602.268,Terrestrial
Kepler-310 c,Kepler-310,3.38,0.302,11.4,0.0357,0.0,417.0,7.109,0.281,56.47542,,5797.0,0.876,0.854,Transit,2014.0,Kepler,602.268,Neptunian
Kepler-310 d,Kepler-310,2.47,0.22,7.0,0.02202435,0.0,353.0,3.664,0.392,92.876125,,5797.0,0.876,0.854,Transit,2014.0,Kepler,602.268,Super-Earth
Kepler-311 b,Kepler-311,1.7,0.152,3.53,0.0111,0.0,960.0,201.362,0.087,9.176092,,5905.0,1.188,0.994,Transit,2014.0,Kepler,778.654,Super-Earth
Kepler-311 c,Kepler-311,1.43,0.128,2.63,0.00829,0.0,744.0,72.456,0.145,19.738286,,5905.0,1.188,0.994,Transit,2014.0,Kepler,778.654,Terrestrial
Kepler-311 d,Kepler-311,2.05,0.18288907,4.86,0.0153,0.0,327.0,2.71,0.7326,232.040326,,5903.0,1.156,0.974,Transit,2023.0,Kepler,778.654,Super-Earth
Kepler-312 b,Kepler-312,1.29,0.115,2.21,0.00696,0.0,1685.0,4124.022,0.031,1.772419,,6115.0,1.467,1.314,Transit,2014.0,Kepler,797.72,Terrestrial
Kepler-312 c,Kepler-312,3.15,0.281,10.1,0.0317,0.0,754.0,165.824,0.153,19.747412,,6115.0,1.467,1.314,Transit,2014.0,Kepler,797.72,Neptunian
Kepler-313 b,Kepler-313,2.53,0.226,6.94,0.0218,0.0,883.0,142.4,0.125,14.970418,,5727.0,1.536,1.114,Transit,2014.0,Kepler,1079.39524871,Neptunian
Kepler-313 c,Kepler-313,2.57,0.229,7.13,0.0224,0.0,683.0,51.1,0.208,32.273273,,5727.0,1.536,1.114,Transit,2014.0,Kepler,1079.39524871,Neptunian
Kepler-314 b,Kepler-314,0.83,0.074,0.498,0.00157,0.0,1195.0,488.674,0.035,2.461069,,5378.0,0.95,0.99,Transit,2014.0,Kepler,268.881,Terrestrial
Kepler-314 c,Kepler-314,2.9,0.259,8.75,0.0275,0.0,890.0,149.977,0.064,5.960392,,5378.0,0.95,0.99,Transit,2014.0,Kepler,268.881,Neptunian
Kepler-315 b,Kepler-315,3.77,0.336,13.7,0.043,0.0,409.0,6.674,0.402,96.101141,,5796.0,1.037,0.831,Transit,2014.0,Kepler,1160.63,Neptunian
Kepler-315 c,Kepler-315,4.15,0.37,16.1,0.0506,0.0,291.0,1.722,0.791,265.469335,,5796.0,1.037,0.831,Transit,2014.0,Kepler,1160.63,Neptunian
Kepler-316 b,Kepler-316,1.06,0.095,1.2,0.00377,0.0,837.0,164.776,0.027,2.240508,,4204.0,0.52,0.587,Transit,2014.0,Kepler,384.938,Terrestrial
Kepler-316 c,Kepler-316,1.16,0.103,1.65,0.00521,0.0,577.0,37.377,0.058,6.827766,,4204.0,0.52,0.587,Transit,2014.0,Kepler,384.938,Terrestrial
Kepler-317 b,Kepler-317,2.09,0.186,109.8,0.345,0.0,976.0,151.652,0.061,5.524242,,5497.0,0.941,0.865,Transit,2014.0,Kepler,940.584,Super-Earth
Kepler-317 c,Kepler-317,1.72,0.153,3.61,0.0113,0.0,837.0,81.761,0.083,8.77501,,5497.0,0.941,0.865,Transit,2014.0,Kepler,940.584,Super-Earth
Kepler-318 b,Kepler-318,4.71,0.42,19.9,0.0627,0.0,1039.0,333.149,0.056,4.662715,,5746.0,1.189,1.073,Transit,2014.0,Kepler,489.141,Neptunian
Kepler-318 c,Kepler-318,3.68,0.328,13.1,0.0413,0.0,762.0,96.513,0.105,11.815007,,5746.0,1.189,1.073,Transit,2014.0,Kepler,489.141,Neptunian
Kepler-319 b,Kepler-319,1.63,0.145,3.29,0.0104,0.0,1023.0,253.665,0.051,4.362705,,5526.0,0.903,0.933,Transit,2014.0,Kepler,503.436,Super-Earth
Kepler-319 c,Kepler-319,2.63,0.235,7.41,0.0233,0.0,876.0,136.343,0.069,6.941357,,5526.0,0.903,0.933,Transit,2014.0,Kepler,503.436,Neptunian
Kepler-319 d,Kepler-319,2.29,0.204,5.86,0.0184,0.0,528.0,17.962,0.191,31.781925,,5526.0,0.903,0.933,Transit,2014.0,Kepler,503.436,Super-Earth
Kepler-32 b,Kepler-32,2.2,0.196,1303.0,4.1,0.0,514.0,22.025,0.05,5.90124,M1 V,3900.0,0.53,0.58,Transit,2011.0,Kepler,323.847,Super-Earth
Kepler-32 c,Kepler-32,2.0,0.178,158.9,0.5,0.0,451.0,10.68,0.09,8.7522,M1 V,3900.0,0.53,0.58,Transit,2011.0,Kepler,323.847,Super-Earth
Kepler-32 d,Kepler-32,2.7,0.24087787,39.9089,0.12556744,0.0,328.0,3.631,0.13,22.7802,M1 V,3900.0,0.53,0.58,Transit,2012.0,Kepler,323.847,Neptunian
Kepler-32 e,Kepler-32,1.5,0.13382104,4.08181,0.01284281,0.0,652.0,56.649,0.033,2.896,M1 V,3900.0,0.53,0.58,Transit,2012.0,Kepler,323.847,Super-Earth
Kepler-32 f,Kepler-32,0.82,0.0731555,969.228,3.04953232,0.0,1026.0,349.645,0.013,0.74296,M1 V,3900.0,0.53,0.58,Transit,2012.0,Kepler,323.847,Terrestrial
Kepler-320 b,Kepler-320,1.14,0.102,1.55,0.00489,0.0,1292.0,280.559,0.085,8.371554,,6435.0,1.108,1.072,Transit,2014.0,Kepler,826.613,Terrestrial
Kepler-320 c,Kepler-320,1.37,0.122,2.45,0.00771,0.0,1002.0,101.619,0.142,17.934937,,6435.0,1.108,1.072,Transit,2014.0,Kepler,826.613,Terrestrial
Kepler-321 b,Kepler-321,1.77,0.158,3.78,0.0119,0.0,1042.0,296.155,0.057,4.915379,,5740.0,1.194,1.024,Transit,2014.0,Kepler,384.542,Super-Earth
Kepler-321 c,Kepler-321,2.32,0.207,5.99,0.0189,0.0,752.0,80.103,0.11,13.093921,,5740.0,1.194,1.024,Transit,2014.0,Kepler,384.542,Super-Earth
Kepler-322 b,Kepler-322,1.01,0.09,1.01,0.00317,0.0,1373.0,735.179,0.027,1.653888,,5388.0,0.89,0.908,Transit,2014.0,Kepler,400.48,Terrestrial
Kepler-322 c,Kepler-322,1.67,0.149,3.43,0.0108,0.0,996.0,203.406,0.051,4.337234,,5388.0,0.89,0.908,Transit,2014.0,Kepler,400.48,Super-Earth
Kepler-323 b,Kepler-323,1.381,0.12320478,3.9,0.01227077,0.095,1838.0,1900.0,0.02778,1.678328,,6004.0,1.12,1.015,Transit,2014.0,Kepler,454.883,Terrestrial
Kepler-323 c,Kepler-323,1.57,0.14006626,6.8,0.02139519,0.095,1431.0,700.0,0.0458,3.5538229,,6004.0,1.12,1.015,Transit,2014.0,Kepler,454.883,Super-Earth
Kepler-324 b,Kepler-324,1.14,0.102,2414.4,7.59655193,0.0,935.0,194.34,0.05,4.385315,,5194.0,0.84,0.901,Transit,2014.0,Kepler,501.574,Terrestrial
Kepler-324 c,Kepler-324,3.15,0.281,6.2,0.01950738,0.0,410.0,7.233,0.26,51.805612,,5194.0,0.84,0.901,Transit,2014.0,Kepler,501.574,Neptunian
Kepler-324 e,Kepler-324,2.03862444,0.1818742,235.014,0.73943674,0.0,635.0,38.9,0.10972,13.97939968,,5191.0,0.826,0.844,Transit,2021.0,Kepler,501.574,Super-Earth
Kepler-325 b,Kepler-325,2.91,0.26,8.8,0.0277,0.0,1017.0,210.554,0.053,4.544439,,5752.0,1.003,0.914,Transit,2014.0,Kepler,823.242,Neptunian
Kepler-325 c,Kepler-325,2.54,0.227,6.99,0.022,0.0,721.0,53.044,0.105,12.762172,,5752.0,1.003,0.914,Transit,2014.0,Kepler,823.242,Neptunian
Kepler-325 d,Kepler-325,2.79,0.249,8.2,0.0258,0.0,498.0,12.083,0.22,38.715185,,5752.0,1.003,0.914,Transit,2014.0,Kepler,823.242,Neptunian
Kepler-326 b,Kepler-326,1.52,0.136,44.6,0.14,0.0,1127.0,783.449,0.032,2.248329,,5105.0,0.801,0.91,Transit,2014.0,Kepler,487.675,Super-Earth
Kepler-326 c,Kepler-326,1.4,0.125,17.4,0.055,0.0,889.0,303.62,0.051,4.580358,,5105.0,0.801,0.91,Transit,2014.0,Kepler,487.675,Terrestrial
Kepler-326 d,Kepler-326,1.21,0.108,6.9,0.022,0.0,781.0,180.644,0.066,6.766888,,5105.0,0.801,0.91,Transit,2014.0,Kepler,487.675,Terrestrial
Kepler-327 b,Kepler-327,1.11,0.099,1.41,0.00444,0.0,682.0,73.056,0.029,2.549575,,3799.0,0.492,0.591913,Transit,2014.0,Kepler,241.987,Terrestrial
Kepler-327 c,Kepler-327,1.03,0.092,20.3,0.064,0.0,537.0,28.272,0.047,5.212333,,3799.0,0.492,0.591913,Transit,2014.0,Kepler,241.987,Terrestrial
Kepler-327 d,Kepler-327,1.73,0.154,3.64,0.0115,0.0,387.0,7.59,0.09,13.969457,,3799.0,0.492,0.591913,Transit,2014.0,Kepler,241.987,Super-Earth
Kepler-328 b,Kepler-328,2.3,0.205,28.5,0.09,0.0,602.0,57.079,0.2199,34.921,,6064.0,1.06,1.15,Transit,2013.0,Kepler,2213.19,Super-Earth
Kepler-328 c,Kepler-328,5.4,0.482,39.4,0.124,0.0,475.0,22.025,0.354,71.312,,6064.0,1.06,1.15,Transit,2013.0,Kepler,2213.19,Neptunian
Kepler-329 b,Kepler-329,1.4,0.125,2.54,0.008,0.0,547.0,40.689,0.061,7.416397,,4257.0,0.523,0.602,Transit,2014.0,Kepler,439.719,Terrestrial
Kepler-329 c,Kepler-329,1.93,0.172,4.38,0.0138,0.0,402.0,11.869,0.113,18.684737,,4257.0,0.523,0.602,Transit,2014.0,Kepler,439.719,Super-Earth
Kepler-33 b,Kepler-33,1.74,0.155,3.68,0.0116,0.0,1336.0,744.011,0.0677,5.66793,,5904.0,1.82,1.291,Transit,2011.0,Kepler,1209.16,Super-Earth
Kepler-33 c,Kepler-33,3.2,0.285,0.39,0.00122707,0.0,1009.0,241.759,0.1189,13.17562,,5904.0,1.82,1.291,Transit,2011.0,Kepler,1209.16,Neptunian
Kepler-33 d,Kepler-33,5.35,0.477,3.91,0.01230217,0.0,853.0,123.691,0.1662,21.77596,,5904.0,1.82,1.291,Transit,2011.0,Kepler,1209.16,Neptunian
Kepler-33 e,Kepler-33,4.02,0.359,5.57,0.01752509,0.0,752.0,74.72,0.2138,31.7844,,5904.0,1.82,1.291,Transit,2011.0,Kepler,1209.16,Neptunian
Kepler-33 f,Kepler-33,4.46,0.3979,9.6,0.03020483,0.0,691.0,53.183,0.2535,41.02902,,5904.0,1.82,1.291,Transit,2011.0,Kepler,1209.16,Neptunian
Kepler-330 b,Kepler-330,1.35,0.12,2.39,0.00752,0.0,714.0,66.578,0.075,8.25978,,5117.0,0.722,0.848,Transit,2014.0,Kepler,717.527,Terrestrial
Kepler-330 c,Kepler-330,1.95,0.174,4.46,0.014,0.0,573.0,27.676,0.116,15.955387,,5117.0,0.722,0.848,Transit,2014.0,Kepler,717.527,Super-Earth
Kepler-331 b,Kepler-331,1.82,0.162,3.97,0.0125,0.0,540.0,35.984,0.065,8.457496,,4347.0,0.492,0.653,Transit,2014.0,Kepler,580.119,Super-Earth
Kepler-331 c,Kepler-331,1.84,0.164,4.04,0.0127,0.0,425.0,13.888,0.105,17.28111,,4347.0,0.492,0.653,Transit,2014.0,Kepler,580.119,Super-Earth
Kepler-331 d,Kepler-331,1.64,0.146,3.33,0.0105,0.0,346.0,6.065,0.159,32.134328,,4347.0,0.492,0.653,Transit,2014.0,Kepler,580.119,Super-Earth
Kepler-332 b,Kepler-332,1.17,0.104,1.71,0.00537,0.0,703.0,53.712,0.07,7.626324,,4955.0,0.72,0.743,Transit,2014.0,Kepler,344.19,Terrestrial
Kepler-332 c,Kepler-332,1.09,0.097,1.32,0.00416,0.0,550.0,19.986,0.114,15.995622,,4955.0,0.72,0.743,Transit,2014.0,Kepler,344.19,Terrestrial
Kepler-332 d,Kepler-332,1.18,0.105,1.76,0.00553,0.0,427.0,7.253,0.189,34.21154,,4955.0,0.72,0.743,Transit,2014.0,Kepler,344.19,Terrestrial
Kepler-333 b,Kepler-333,1.32,0.118,28.2,0.089,0.0,480.0,16.819,0.087,12.551158,,4259.0,0.534,0.601,Transit,2014.0,Kepler,324.413,Terrestrial
Kepler-333 c,Kepler-333,1.11,0.099,1.41,0.00444,0.0,386.0,7.049,0.135,24.08821,,4259.0,0.534,0.601,Transit,2014.0,Kepler,324.413,Terrestrial
Kepler-334 b,Kepler-334,1.12,0.1,1.46,0.00459,0.0,1090.0,300.982,0.061,5.470319,,5828.0,1.068,1.022,Transit,2014.0,Kepler,426.59,Terrestrial
Kepler-334 c,Kepler-334,1.43,0.128,2.63,0.00829,0.0,822.0,97.21,0.107,12.758005,,5828.0,1.068,1.022,Transit,2014.0,Kepler,426.59,Terrestrial
Kepler-334 d,Kepler-334,1.41,0.126,2.57,0.00809,0.0,656.0,39.475,0.168,25.09849,,5828.0,1.068,1.022,Transit,2014.0,Kepler,426.59,Terrestrial
Kepler-335 b,Kepler-335,3.39,0.302,11.4,0.0359,0.0,1290.0,721.124,0.075,6.562331,,5877.0,1.854,1.367,Transit,2014.0,Kepler,1278.97,Neptunian
Kepler-335 c,Kepler-335,3.07,0.274,9.64,0.0303,0.0,592.0,32.035,0.356,67.844469,,5877.0,1.854,1.367,Transit,2014.0,Kepler,1278.97,Neptunian
Kepler-336 b,Kepler-336,1.02,0.091,1.04,0.00328,0.0,1625.0,1652.5,0.033,2.024823,,5867.0,1.304,1.09,Transit,2014.0,Kepler,768.86,Terrestrial
Kepler-336 c,Kepler-336,2.1,0.187,5.06,0.0159,0.0,967.0,206.91,0.092,9.600001,,5867.0,1.304,1.09,Transit,2014.0,Kepler,768.86,Super-Earth
Kepler-336 d,Kepler-336,2.37,0.211,6.21,0.0195,0.0,749.0,74.36,0.154,20.678772,,5867.0,1.304,1.09,Transit,2014.0,Kepler,768.86,Super-Earth
Kepler-337 b,Kepler-337,1.54,0.137,2.99,0.0094,0.0,1458.0,1589.012,0.045,3.292781,,5684.0,1.761,1.081,Transit,2014.0,Kepler,677.975,Super-Earth
Kepler-337 c,Kepler-337,2.05,0.183,4.86,0.0153,0.0,1017.0,376.21,0.093,9.693201,,5684.0,1.761,1.081,Transit,2014.0,Kepler,677.975,Super-Earth
Kepler-338 b,Kepler-338,2.44,0.218,30.6,0.096,0.04,1005.0,256.606,0.117,13.726976,,5923.0,1.735,1.105,Transit,2014.0,Kepler,552.798,Super-Earth
Kepler-338 c,Kepler-338,2.34,0.209,6.08,0.0191,0.03,831.0,119.648,0.172,24.310856,,5923.0,1.735,1.105,Transit,2014.0,Kepler,552.798,Super-Earth
Kepler-338 d,Kepler-338,3.0,0.268,9.27,0.0292,0.03,680.0,53.556,0.257,44.431014,,5923.0,1.735,1.105,Transit,2014.0,Kepler,552.798,Neptunian
Kepler-338 e,Kepler-338,1.56,0.139,8.5,0.027,0.05,1143.0,428.524,0.08979,9.341,,5999.0,1.735,1.14,Transit Timing Variations,2014.0,Kepler,552.798,Super-Earth
Kepler-339 b,Kepler-339,1.42,0.127,2.6,0.00819,0.0,1023.0,159.945,0.055,4.977656,,5631.0,0.802,0.87,Transit,2014.0,Kepler,616.637,Terrestrial
Kepler-339 c,Kepler-339,1.15,0.103,7.3,0.023,0.0,914.0,101.841,0.069,6.988055,,5631.0,0.802,0.87,Transit,2014.0,Kepler,616.637,Terrestrial
Kepler-339 d,Kepler-339,1.17,0.104,14.7,0.046,0.0,796.0,58.651,0.091,10.558345,,5631.0,0.802,0.87,Transit,2014.0,Kepler,616.637,Terrestrial
Kepler-34 b,Kepler-34,8.564,0.764,69.92,0.22,0.182,,,1.0896,288.822,,5913.0,1.1618,1.0479,Transit,2011.0,Kepler,1800.82,Gas Giant
Kepler-340 b,Kepler-340,2.53,0.226,6.94,0.0218,0.0,1092.0,274.318,0.134,14.844387,,6620.0,1.85,1.65,Transit,2014.0,Kepler,808.762,Neptunian
Kepler-340 c,Kepler-340,3.37,0.301,11.3,0.0355,0.0,946.0,154.653,0.178,22.824669,,6620.0,1.85,1.65,Transit,2014.0,Kepler,808.762,Neptunian
Kepler-341 b,Kepler-341,1.18,0.105,1.76,0.00553,0.0,1085.0,422.097,0.06,5.195528,,6012.0,1.024,0.976,Transit,2014.0,Kepler,1047.03,Terrestrial
Kepler-341 c,Kepler-341,1.7,0.152,3.53,0.0111,0.0,940.0,237.43,0.08,8.01041,,6012.0,1.024,0.976,Transit,2014.0,Kepler,1047.03,Super-Earth
Kepler-341 d,Kepler-341,1.85,0.165,4.08,0.0128,0.0,622.0,45.423,0.182,27.666313,,6012.0,1.024,0.976,Transit,2014.0,Kepler,1047.03,Super-Earth
Kepler-341 e,Kepler-341,1.99,0.178,4.62,0.0145,0.0,539.0,25.667,0.242,42.473269,,6012.0,1.024,0.976,Transit,2014.0,Kepler,1047.03,Super-Earth
Kepler-342 b,Kepler-342,2.25,0.201,5.69,0.0179,0.0,905.0,160.261,0.128,15.170318,,6175.0,1.472,1.213,Transit,2014.0,Kepler,781.611,Super-Earth
Kepler-342 c,Kepler-342,1.96,0.175,4.5,0.0142,0.0,754.0,77.29,0.185,26.234138,,6175.0,1.472,1.213,Transit,2014.0,Kepler,781.611,Super-Earth
Kepler-342 d,Kepler-342,2.49,0.222,6.76,0.0213,0.0,658.0,44.828,0.242,39.459357,,6175.0,1.472,1.213,Transit,2014.0,Kepler,781.611,Super-Earth
Kepler-342 e,Kepler-342,0.88,0.07850834,0.615,0.00193,0.0,1897.0,3111.322,0.02909,1.644224613,,6366.0,1.34,1.26,Transit,2016.0,Kepler,781.611,Terrestrial
Kepler-343 b,Kepler-343,2.41,0.215,6.39,0.0201,0.0,1024.0,206.072,0.088,8.96855,,5807.0,1.433,1.055,Transit,2014.0,Kepler,927.193,Super-Earth
Kepler-343 c,Kepler-343,2.02,0.18,4.74,0.0149,0.0,746.0,57.932,0.167,23.22182,,5807.0,1.433,1.055,Transit,2014.0,Kepler,927.193,Super-Earth
Kepler-344 b,Kepler-344,2.61,0.233,7.32,0.023,0.0,643.0,27.327,0.153,21.963945,,5774.0,0.976,0.931,Transit,2014.0,Kepler,1002.94,Neptunian
Kepler-344 c,Kepler-344,2.95,0.263,9.01,0.0283,0.0,360.0,2.673,0.488,125.596809,,5774.0,0.976,0.931,Transit,2014.0,Kepler,1002.94,Neptunian
Kepler-345 b,Kepler-345,0.74,0.066,0.48,0.00151025,0.0,622.0,35.37,0.066,7.415563,,4504.0,0.623,0.61,Transit,2014.0,Kepler,260.0,Terrestrial
Kepler-345 c,Kepler-345,1.2,0.107,2.2,0.00692194,0.0,575.0,25.83,0.077,9.387427,,4504.0,0.623,0.61,Transit,2014.0,Kepler,260.0,Terrestrial
Kepler-346 b,Kepler-346,2.66,0.237,7.56,0.0238,0.0,1008.0,134.357,0.071,6.511127,,6033.0,1.021,0.943,Transit,2014.0,Kepler,984.105,Neptunian
Kepler-346 c,Kepler-346,3.07,0.274,9.64,0.0303,0.0,654.0,23.812,0.168,23.851549,,6033.0,1.021,0.943,Transit,2014.0,Kepler,984.105,Neptunian
Kepler-347 b,Kepler-347,1.97,0.176,4.54,0.0143,0.0,908.0,180.549,0.11,12.79836,,6088.0,1.005,0.922,Transit,2014.0,Kepler,1298.88,Super-Earth
Kepler-347 c,Kepler-347,1.75,0.156,3.71,0.0117,0.0,705.0,65.707,0.183,27.320871,,6088.0,1.005,0.922,Transit,2014.0,Kepler,1298.88,Super-Earth
Kepler-347 d,Kepler-347,3.04,0.2712111,9.48,0.0298,0.0,482.0,12.75,0.3802,85.517344,,5592.0,1.451,1.0,Transit,2023.0,Kepler,1298.88,Neptunian
Kepler-348 b,Kepler-348,1.52,0.136,2.92,0.0092,0.0,1196.0,438.942,0.076,7.05677,,6177.0,1.359,1.189,Transit,2014.0,Kepler,570.783,Super-Earth
Kepler-348 c,Kepler-348,1.33,0.119,2.33,0.00733,0.0,888.0,133.259,0.138,17.265427,,6177.0,1.359,1.189,Transit,2014.0,Kepler,570.783,Terrestrial
Kepler-349 b,Kepler-349,1.9,0.17,94.5,0.297,0.0,972.0,248.274,0.065,5.929778,,5956.0,0.927,1.083,Transit,2014.0,Kepler,940.724,Super-Earth
Kepler-349 c,Kepler-349,1.96,0.175,4.5,0.0142,0.0,763.0,94.491,0.105,12.247629,,5956.0,0.927,1.083,Transit,2014.0,Kepler,940.724,Super-Earth
Kepler-35 b,Kepler-35,8.16,0.728,40.363,0.127,0.042,,,0.60347,131.458,,5606.0,1.0284,0.8877,Transit,2011.0,Kepler,1819.17,Gas Giant
Kepler-350 b,Kepler-350,1.85,0.165,16.9,0.05317335,0.0,1037.0,257.721,0.104,11.189562,,6186.0,1.534,1.19,Transit,2014.0,Kepler,956.859,Super-Earth
Kepler-350 c,Kepler-350,3.1,0.277,6.1,0.019,0.0,888.0,138.415,0.1385,17.849,,6492.3,1.25,1.0,Transit,2013.0,Kepler,956.859,Neptunian
Kepler-350 d,Kepler-350,2.8,0.25,14.9,0.047,0.0,782.0,83.237,0.1786,26.136,,6492.3,1.25,1.0,Transit,2013.0,Kepler,956.859,Neptunian
Kepler-351 b,Kepler-351,3.06,0.273,4.8,0.015,0.0,498.0,11.983,0.214,37.054919,,5643.0,0.854,0.81,Transit,2014.0,Kepler,1083.91,Neptunian
Kepler-351 c,Kepler-351,3.19,0.285,11.1,0.035,0.0,431.0,6.712,0.287,57.24809,,5643.0,0.854,0.81,Transit,2014.0,Kepler,1083.91,Neptunian
Kepler-351 d,Kepler-351,2.72,0.24266215,7.85,0.0247,0.0,318.0,1.989,0.5177,142.544247,,5225.0,0.78,0.81,Transit,2016.0,Kepler,1083.91,Neptunian
Kepler-352 b,Kepler-352,0.86,0.077,0.566,0.00178,0.0,694.0,50.389,0.085,10.05537,,5212.0,0.781,0.798,Transit,2014.0,Kepler,252.733,Terrestrial
Kepler-352 c,Kepler-352,1.24,0.111,2.07,0.00651,0.0,591.0,26.373,0.118,16.332995,,5212.0,0.781,0.798,Transit,2014.0,Kepler,252.733,Terrestrial
Kepler-352 d,Kepler-352,0.80628032,0.07193164,0.449,0.00141,0.0,788.0,81.3,0.06574,6.887279987,,5208.0,0.772,0.796,Transit,2021.0,Kepler,252.733,Terrestrial
Kepler-353 b,Kepler-353,0.89,0.079,0.64,0.00201,0.0,534.0,27.189,0.051,5.795278,,3903.0,0.504,0.553,Transit,2014.0,Kepler,384.694,Terrestrial
Kepler-353 c,Kepler-353,1.38,0.123,2.48,0.0078,0.0,472.0,16.561,0.065,8.410894,,3903.0,0.504,0.553,Transit,2014.0,Kepler,384.694,Terrestrial
Kepler-354 b,Kepler-354,1.84,0.164,4.04,0.0127,0.0,741.0,64.845,0.054,5.47666,,4648.0,0.674,0.652,Transit,2014.0,Kepler,554.064,Super-Earth
Kepler-354 c,Kepler-354,1.31,0.117,2.27,0.00714,0.0,508.0,14.404,0.115,16.934402,,4648.0,0.674,0.652,Transit,2014.0,Kepler,554.064,Terrestrial
Kepler-354 d,Kepler-354,1.24,0.111,2.07,0.00651,0.0,451.0,8.949,0.146,24.209842,,4648.0,0.674,0.652,Transit,2014.0,Kepler,554.064,Terrestrial
Kepler-355 b,Kepler-355,1.46,0.13,2.73,0.00859,0.0,840.0,154.803,0.102,11.03189,,6184.0,1.066,0.933,Transit,2014.0,Kepler,1432.17,Terrestrial
Kepler-355 c,Kepler-355,2.71,0.242,7.8,0.0245,0.0,633.0,49.973,0.179,25.762294,,6184.0,1.066,0.933,Transit,2014.0,Kepler,1432.17,Neptunian
Kepler-356 b,Kepler-356,1.57,0.14,3.09,0.00972,0.0,1294.0,844.979,0.057,4.612696,,6133.0,1.335,1.163,Transit,2014.0,Kepler,707.559,Super-Earth
Kepler-356 c,Kepler-356,1.81,0.161,3.93,0.0124,0.0,913.0,209.368,0.115,13.121632,,6133.0,1.335,1.163,Transit,2014.0,Kepler,707.559,Super-Earth
Kepler-357 b,Kepler-357,1.84,0.164,4.04,0.0127,0.0,793.0,69.57,0.063,6.475434,,5036.0,0.834,0.794,Transit,2014.0,Kepler,688.573,Super-Earth
Kepler-357 c,Kepler-357,2.67,0.238,7.61,0.0239,0.0,576.0,19.404,0.12,16.85837,,5036.0,0.834,0.794,Transit,2014.0,Kepler,688.573,Neptunian
Kepler-357 d,Kepler-357,3.43,0.306,11.6,0.0366,0.0,402.0,4.619,0.246,49.499875,,5036.0,0.834,0.794,Transit,2014.0,Kepler,688.573,Neptunian
Kepler-358 b,Kepler-358,2.72,0.243,7.85,0.0247,0.0,554.0,21.805,0.21,34.060467,,5908.0,0.954,0.94,Transit,2014.0,Kepler,1101.1,Neptunian
Kepler-358 c,Kepler-358,2.85,0.254,8.5,0.0267,0.0,411.0,6.599,0.381,83.488369,,5908.0,0.954,0.94,Transit,2014.0,Kepler,1101.1,Neptunian
Kepler-359 b,Kepler-359,3.53,0.315,12.2,0.0384,0.0,671.0,23.9,0.178,25.563222,,6248.0,1.086,0.827,Transit,2014.0,Kepler,1443.21,Neptunian
Kepler-359 c,Kepler-359,4.3,0.384,2.9,0.00912437,0.0,512.0,8.1,0.307,57.68802,,6248.0,1.086,0.827,Transit,2014.0,Kepler,1443.21,Neptunian
Kepler-359 d,Kepler-359,4.01,0.358,2.7,0.00849511,0.0,464.0,5.5,0.372,77.095691,,6248.0,1.086,0.827,Transit,2014.0,Kepler,1443.21,Neptunian
Kepler-36 b,Kepler-36,1.498,0.13364261,3.83,0.01205047,0.0,978.0,247.0,0.11419,13.86825,,5979.0,1.634,1.034,Transit,2012.0,Kepler,527.956,Terrestrial
Kepler-36 c,Kepler-36,3.679,0.3282184,7.13,0.02243338,0.0,928.0,191.0,0.12692,16.21865,,5979.0,1.634,1.034,Transit,2012.0,Kepler,527.956,Neptunian
Kepler-360 b,Kepler-360,1.65,0.147,3.36,0.0106,0.0,1116.0,415.434,0.044,3.289672,,6053.0,1.058,0.994,Transit,2014.0,Kepler,876.044,Super-Earth
Kepler-360 c,Kepler-360,2.1,0.187,5.06,0.0159,0.0,860.0,146.5,0.075,7.186434,,6053.0,1.058,0.994,Transit,2014.0,Kepler,876.044,Super-Earth
Kepler-361 b,Kepler-361,1.45,0.129,2.7,0.00849,0.0,1060.0,411.905,0.086,8.486616,,6169.0,1.343,1.191,Transit,2014.0,Kepler,930.32,Terrestrial
Kepler-361 c,Kepler-361,2.52,0.225,6.9,0.0217,0.0,568.0,33.948,0.3,55.188023,,6169.0,1.343,1.191,Transit,2014.0,Kepler,930.32,Neptunian
Kepler-362 b,Kepler-362,0.88,0.079,0.615,0.00193,0.0,838.0,207.336,0.087,10.327186,,5788.0,0.722,0.904,Transit,2014.0,Kepler,1090.51,Terrestrial
Kepler-362 c,Kepler-362,1.45,0.129,2.7,0.00849,0.0,543.0,36.667,0.207,37.866281,,5788.0,0.722,0.904,Transit,2014.0,Kepler,1090.51,Terrestrial
Kepler-363 b,Kepler-363,1.16,0.103,1.65,0.00521,0.0,1347.0,1000.243,0.048,3.614568,,5593.0,1.485,1.226,Transit,2014.0,Kepler,762.596,Terrestrial
Kepler-363 c,Kepler-363,1.69,0.151,66.4,0.209,0.0,1054.0,376.29,0.079,7.542427,,5593.0,1.485,1.226,Transit,2014.0,Kepler,762.596,Super-Earth
Kepler-363 d,Kepler-363,2.05,0.183,4.86,0.0153,0.0,905.0,203.761,0.107,11.932125,,5593.0,1.485,1.226,Transit,2014.0,Kepler,762.596,Super-Earth
Kepler-364 b,Kepler-364,1.55,0.138,3.02,0.00951,0.0,753.0,68.71,0.178,25.745718,,6108.0,1.284,1.076,Transit,2014.0,Kepler,891.462,Super-Earth
Kepler-364 c,Kepler-364,2.15,0.192,5.27,0.0166,0.0,568.0,22.234,0.312,59.980627,,6108.0,1.284,1.076,Transit,2014.0,Kepler,891.462,Super-Earth
Kepler-365 b,Kepler-365,2.04,0.182,4.82,0.0152,0.0,865.0,132.15,0.098,10.664903,,6012.0,1.048,1.02,Transit,2014.0,Kepler,1038.99,Super-Earth
Kepler-365 c,Kepler-365,1.64,0.146,3.33,0.0105,0.0,729.0,66.87,0.137,17.784129,,6012.0,1.048,1.02,Transit,2014.0,Kepler,1038.99,Super-Earth
Kepler-366 b,Kepler-366,1.46,0.13,2.73,0.00859,0.0,1326.0,1873.311,0.045,3.281959,,6209.0,1.048,1.088,Transit,2014.0,Kepler,1856.28,Terrestrial
Kepler-366 c,Kepler-366,1.79,0.16,3.86,0.0121,0.0,848.0,286.6,0.11,12.51616,,6209.0,1.048,1.088,Transit,2014.0,Kepler,1856.28,Super-Earth
Kepler-367 b,Kepler-367,1.3,0.116,2.24,0.00705,0.0,401.0,5.985,0.201,37.815724,,4710.0,0.695,0.768,Transit,2014.0,Kepler,188.027,Terrestrial
Kepler-367 c,Kepler-367,1.2,0.107,1.87,0.00588,0.0,357.0,3.761,0.253,53.578637,,4710.0,0.695,0.768,Transit,2014.0,Kepler,188.027,Terrestrial
Kepler-368 b,Kepler-368,3.26,0.291,10.7,0.0336,0.0,800.0,107.58,0.186,26.84768,,5502.0,2.019,1.165,Transit,2014.0,Kepler,770.978,Neptunian
Kepler-368 c,Kepler-368,3.88,0.346,14.3,0.0451,0.0,575.0,28.681,0.36,72.379334,,5502.0,2.019,1.165,Transit,2014.0,Kepler,770.978,Neptunian
Kepler-369 b,Kepler-369,1.13,0.101,1.51,0.00474,0.0,687.0,40.295,0.03,2.732756,,3591.0,0.471,0.5,Transit,2014.0,Kepler,214.0,Terrestrial
Kepler-369 c,Kepler-369,1.41,0.126,2.57,0.00809,0.0,391.0,4.21,0.094,14.871572,,3591.0,0.471,0.5,Transit,2014.0,Kepler,214.0,Terrestrial
Kepler-37 b,Kepler-37,0.3098,0.02763855,0.79,0.00248562,0.098,718.0,44.5,0.1019,13.36702,,5357.0,0.789,0.79,Transit,2013.0,Kepler,63.9207,Terrestrial
Kepler-37 c,Kepler-37,0.755,0.0673567,1.3,0.00409026,0.099,615.0,23.9,0.139,21.301848,,5357.0,0.789,0.79,Transit,2013.0,Kepler,63.9207,Terrestrial
Kepler-37 d,Kepler-37,2.03,0.18110478,2.0,0.0062927,0.1,499.0,10.39,0.2109,39.7922622,,5357.0,0.789,0.79,Transit,2013.0,Kepler,63.9207,Super-Earth
Kepler-37 e,Kepler-37,0.37,0.03300925,8.1,0.02548545,0.0,401.0,,0.25,51.196,,5288.0,0.772,0.8,Transit Timing Variations,2014.0,Kepler,63.9207,Terrestrial
Kepler-370 b,Kepler-370,1.59,0.142,3.15,0.00993,0.0,1040.0,361.514,0.054,4.57953,,5852.0,0.9,0.982,Transit,2014.0,Kepler,1167.94,Super-Earth
Kepler-370 c,Kepler-370,1.91,0.17,4.31,0.0136,0.0,647.0,54.197,0.14,19.02293,,5852.0,0.9,0.982,Transit,2014.0,Kepler,1167.94,Super-Earth
Kepler-371 b,Kepler-371,1.89,0.169,4.23,0.0133,0.0,554.0,41.737,0.2,34.763278,,5666.0,0.992,0.876,Transit,2014.0,Kepler,813.192,Super-Earth
Kepler-371 c,Kepler-371,1.78,0.159,3.82,0.012,0.0,443.0,17.063,0.313,67.968015,,5666.0,0.992,0.876,Transit,2014.0,Kepler,813.192,Super-Earth
Kepler-372 b,Kepler-372,1.36,0.121,2.42,0.00761,0.0,1081.0,384.627,0.075,6.849692,,6509.0,1.137,1.202,Transit,2014.0,Kepler,1493.95,Terrestrial
Kepler-372 c,Kepler-372,2.09,0.186,5.02,0.0158,0.0,755.0,91.881,0.154,20.053763,,6509.0,1.137,1.202,Transit,2014.0,Kepler,1493.95,Super-Earth
Kepler-372 d,Kepler-372,1.69,0.151,3.5,0.011,0.0,660.0,53.471,0.201,30.092568,,6509.0,1.137,1.202,Transit,2014.0,Kepler,1493.95,Super-Earth
Kepler-373 b,Kepler-373,1.36,0.121,2.42,0.00761,0.0,1054.0,453.872,0.06,5.535309,,5787.0,0.845,0.981,Transit,2014.0,Kepler,1090.45,Terrestrial
Kepler-373 c,Kepler-373,1.24,0.111,2.07,0.00651,0.0,729.0,103.756,0.126,16.725948,,5787.0,0.845,0.981,Transit,2014.0,Kepler,1090.45,Terrestrial
Kepler-374 b,Kepler-374,1.03,0.092,1.08,0.0034,0.0,1761.0,2014.661,0.029,1.897806,,5977.0,0.911,1.033,Transit,2014.0,Kepler,1265.61,Terrestrial
Kepler-374 c,Kepler-374,1.1,0.098,1.37,0.0043,0.0,1467.0,966.591,0.042,3.282807,,5977.0,0.911,1.033,Transit,2014.0,Kepler,1265.61,Terrestrial
Kepler-374 d,Kepler-374,1.31,0.117,2.27,0.00714,0.0,1272.0,548.099,0.056,5.028219,,5977.0,0.911,1.033,Transit,2014.0,Kepler,1265.61,Terrestrial
Kepler-375 b,Kepler-375,1.45,0.129,2.7,0.00849,0.0,851.0,64.444,0.101,12.125934,,5826.0,0.837,0.891,Transit,2014.0,Kepler,1238.81,Terrestrial
Kepler-375 c,Kepler-375,2.65,0.236,7.51,0.0236,0.0,720.0,33.152,0.141,19.986326,,5826.0,0.837,0.891,Transit,2014.0,Kepler,1238.81,Neptunian
Kepler-376 b,Kepler-376,1.07,0.095,1.24,0.0039,0.0,1242.0,689.912,0.057,4.920199,,5900.0,1.175,0.968,Transit,2014.0,Kepler,923.067,Terrestrial
Kepler-376 c,Kepler-376,1.79,0.16,3.86,0.0121,0.0,873.0,168.29,0.115,14.172327,,5900.0,1.175,0.968,Transit,2014.0,Kepler,923.067,Super-Earth
Kepler-377 b,Kepler-377,1.39,0.124,2.51,0.0079,0.0,875.0,139.112,0.109,12.509529,,5949.0,1.224,1.043,Transit,2014.0,Kepler,823.804,Terrestrial
Kepler-377 c,Kepler-377,2.06,0.184,4.9,0.0154,0.0,677.0,49.855,0.182,27.014976,,5949.0,1.224,1.043,Transit,2014.0,Kepler,823.804,Super-Earth
Kepler-378 b,Kepler-378,0.75,0.067,0.347,0.00109,0.0,503.0,17.819,0.112,16.092361,,4661.0,0.671,0.78,Transit,2014.0,Kepler,152.094,Terrestrial
Kepler-378 c,Kepler-378,0.7,0.062,0.271,0.000852,0.0,414.0,8.166,0.166,28.906009,,4661.0,0.671,0.78,Transit,2014.0,Kepler,152.094,Terrestrial
Kepler-379 b,Kepler-379,1.66,0.148,3.39,0.0107,0.0,775.0,90.346,0.152,20.09838,,6054.0,1.306,1.125,Transit,2014.0,Kepler,731.274,Super-Earth
Kepler-379 c,Kepler-379,2.29,0.204,5.86,0.0184,0.0,530.0,19.793,0.326,62.784697,,6054.0,1.306,1.125,Transit,2014.0,Kepler,731.274,Super-Earth
Kepler-38 b,Kepler-38,4.3,0.384,122.0,0.384,0.032,475.0,,0.4632,105.599,G4 V,5623.0,1.752,0.941,Transit,2012.0,Kepler,1174.59,Neptunian
Kepler-380 b,Kepler-380,1.19,0.106,1.81,0.0057,0.0,1317.0,808.093,0.05,3.930821,,6045.0,1.224,0.99,Transit,2014.0,Kepler,813.713,Terrestrial
Kepler-380 c,Kepler-380,1.27,0.113,2.15,0.00678,0.0,1056.0,333.565,0.078,7.630004,,6045.0,1.224,0.99,Transit,2014.0,Kepler,813.713,Terrestrial
Kepler-381 b,Kepler-381,0.99,0.088,0.937,0.00295,0.0,1576.0,716.085,0.066,5.629021,,6152.0,1.568,1.144,Transit,2014.0,Kepler,267.323,Terrestrial
Kepler-381 c,Kepler-381,1.12,0.1,1.46,0.00459,0.0,1180.0,225.331,0.117,13.391635,,6152.0,1.568,1.144,Transit,2014.0,Kepler,267.323,Terrestrial
Kepler-381 d,Kepler-381,1.0667865,0.09517248,1.23,0.00386,0.0,1387.0,436.7,0.08364,8.256299973,,6197.0,2.188,1.198,Transit,2021.0,Kepler,267.323,Terrestrial
Kepler-382 b,Kepler-382,1.32,0.118,2.3,0.00724,0.0,1166.0,381.465,0.055,5.262155,,5600.0,0.945,1.002,Transit,2014.0,Kepler,935.446,Terrestrial
Kepler-382 c,Kepler-382,1.59,0.142,3.15,0.00993,0.0,882.0,124.743,0.097,12.162701,,5600.0,0.945,1.002,Transit,2014.0,Kepler,935.446,Super-Earth
Kepler-383 b,Kepler-383,1.32,0.118,2.3,0.00724,0.0,545.0,20.91,0.095,12.904532,,4710.0,0.672,0.669,Transit,2014.0,Kepler,470.0,Terrestrial
Kepler-383 c,Kepler-383,1.24,0.111,2.07,0.00651,0.0,406.0,6.44,0.172,31.200751,,4710.0,0.672,0.669,Transit,2014.0,Kepler,470.0,Terrestrial
Kepler-384 b,Kepler-384,1.12,0.1,1.46,0.00459,0.0,670.0,101.549,0.148,22.597053,,5577.0,0.882,0.882,Transit,2014.0,Kepler,895.678,Terrestrial
Kepler-384 c,Kepler-384,1.13,0.101,1.51,0.00474,0.0,531.0,40.099,0.236,45.348269,,5577.0,0.882,0.882,Transit,2014.0,Kepler,895.678,Terrestrial
Kepler-385 b,Kepler-385,2.73,0.244,12.8,0.04,0.0,951.0,143.919,0.097,10.043686,,6326.0,1.126,0.992,Transit,2014.0,Kepler,1432.61,Neptunian
Kepler-385 c,Kepler-385,3.04,0.271,13.2,0.042,0.0,829.0,83.155,0.127,15.163161,,6326.0,1.126,0.992,Transit,2014.0,Kepler,1432.61,Neptunian
Kepler-385 d,Kepler-385,2.6186448,0.23361984,7.36,0.0232,0.0,535.0,15.0,0.2872,56.4159,,5829.0,1.157,1.05,Transit,2020.0,Kepler,1432.61,Neptunian
Kepler-386 b,Kepler-386,1.39,0.124,2.51,0.0079,0.0,651.0,43.262,0.096,12.31043,,5178.0,0.767,0.825,Transit,2014.0,Kepler,882.462,Terrestrial
Kepler-386 c,Kepler-386,1.58,0.141,3.12,0.00982,0.0,513.0,16.657,0.155,25.193458,,5178.0,0.767,0.825,Transit,2014.0,Kepler,882.462,Super-Earth
Kepler-387 b,Kepler-387,1.03,0.092,1.08,0.0034,0.0,994.0,304.081,0.068,6.791636,,5774.0,1.046,0.85,Transit,2014.0,Kepler,801.052,Terrestrial
Kepler-387 c,Kepler-387,0.89,0.079,0.64,0.00201,0.0,826.0,144.963,0.098,11.837549,,5774.0,1.046,0.85,Transit,2014.0,Kepler,801.052,Terrestrial
Kepler-388 b,Kepler-388,0.81,0.072,0.457,0.00144,0.0,830.0,112.21,0.036,3.173315,,4498.0,0.586,0.635,Transit,2014.0,Kepler,425.0,Terrestrial
Kepler-388 c,Kepler-388,0.86,0.077,0.566,0.00178,0.0,515.0,16.64,0.093,13.297004,,4498.0,0.586,0.635,Transit,2014.0,Kepler,425.0,Terrestrial
Kepler-389 b,Kepler-389,1.51,0.135,2.89,0.00909,0.0,1047.0,167.058,0.041,3.244107,,5376.0,0.792,0.765,Transit,2014.0,Kepler,816.559,Super-Earth
Kepler-389 c,Kepler-389,1.46,0.13,2.73,0.00859,0.0,636.0,22.735,0.11,14.51143,,5376.0,0.792,0.765,Transit,2014.0,Kepler,816.559,Terrestrial
Kepler-39 b,Kepler-39,13.9,1.24,6388.1,20.1,0.112,897.0,90.22,0.164,21.08721,F7 V,6350.0,1.4,1.29,Transit,2011.0,Kepler,1057.41,Gas Giant
Kepler-390 b,Kepler-390,0.82,0.073,0.477,0.0015,0.0,786.0,99.972,0.065,6.738088,,5166.0,0.776,0.787,Transit,2014.0,Kepler,435.277,Terrestrial
Kepler-390 c,Kepler-390,0.79,0.07,0.418,0.00131,0.0,630.0,41.351,0.101,13.060022,,5166.0,0.776,0.787,Transit,2014.0,Kepler,435.277,Terrestrial
Kepler-391 b,Kepler-391,2.5,0.22303545,1100.0,3.46098705,0.46,930.0,690.0,0.083,7.4175,K2 III-IV,5038.0,2.879,1.27,Transit,2014.0,Kepler,869.236,Super-Earth
Kepler-391 c,Kepler-391,2.88,0.25693683,450.0,1.41585834,0.27,662.0,179.0,0.164,20.501,K2 III-IV,5038.0,2.879,1.27,Transit,2014.0,Kepler,869.236,Neptunian
Kepler-392 b,Kepler-392,1.0,0.089,0.972,0.00306,0.0,1125.0,450.654,0.059,5.341853,,5938.0,1.129,0.874,Transit,2014.0,Kepler,681.428,Terrestrial
Kepler-392 c,Kepler-392,1.1,0.098,1.37,0.0043,0.0,901.0,185.098,0.093,10.423118,,5938.0,1.129,0.874,Transit,2014.0,Kepler,681.428,Terrestrial
Kepler-393 b,Kepler-393,1.29,0.115,2.21,0.00696,0.0,1052.0,429.813,0.091,9.182417,,6189.0,1.382,1.256,Transit,2014.0,Kepler,881.404,Terrestrial
Kepler-393 c,Kepler-393,1.33,0.119,2.33,0.00733,0.0,901.0,231.213,0.124,14.613612,,6189.0,1.382,1.256,Transit,2014.0,Kepler,881.404,Terrestrial
Kepler-394 b,Kepler-394,1.6,0.143,3.19,0.01,0.0,1035.0,164.78,0.083,8.005013,,6402.0,1.132,0.87,Transit,2014.0,Kepler,1058.72,Super-Earth
Kepler-394 c,Kepler-394,1.66,0.148,3.39,0.0107,0.0,901.0,94.528,0.11,12.130686,,6402.0,1.132,0.87,Transit,2014.0,Kepler,1058.72,Super-Earth
Kepler-394 d,Kepler-394,1.50066814,0.13388087,2.86,0.009,0.0,1165.0,302.0,0.05904,5.613580227,,6398.0,1.101,1.141,Transit,2021.0,Kepler,1058.72,Super-Earth
Kepler-395 b,Kepler-395,1.03,0.092,1.08,0.0034,0.0,576.0,17.8,0.061,7.054346,,4262.0,0.556,0.622827,Transit,2014.0,Kepler,421.382,Terrestrial
Kepler-395 c,Kepler-395,1.32,0.118,2.3,0.00724,0.0,341.0,2.11,0.177,34.989262,,4262.0,0.556,0.622827,Transit,2014.0,Kepler,421.382,Terrestrial
Kepler-396 b,Kepler-396,3.5,0.312,75.5,0.238,0.0,496.0,13.731,0.24067,42.994,,5656.0,1.06,0.85,Transit,2013.0,Kepler,223.757,Neptunian
Kepler-396 c,Kepler-396,5.3,0.473,17.9,0.056,0.0,390.0,5.244,0.38946,88.505,,5656.0,1.06,0.85,Transit,2013.0,Kepler,223.757,Neptunian
Kepler-397 b,Kepler-397,2.46,0.219,6.62,0.0208,0.0,539.0,20.01,0.144,22.250949,,5307.0,0.767,0.844,Transit,2014.0,Kepler,969.0,Super-Earth
Kepler-397 c,Kepler-397,6.18,0.551,31.6,0.0995,0.0,295.0,1.8,0.48,135.498527,,5307.0,0.767,0.844,Transit,2014.0,Kepler,969.0,Gas Giant
Kepler-398 b,Kepler-398,0.93,0.083,0.749,0.00236,0.0,755.0,81.287,0.044,4.081423,,4493.0,0.613,0.649,Transit,2014.0,Kepler,177.355,Terrestrial
Kepler-398 c,Kepler-398,1.01,0.09,1.01,0.00317,0.0,536.0,20.556,0.087,11.419412,,4493.0,0.613,0.649,Transit,2014.0,Kepler,177.355,Terrestrial
Kepler-398 d,Kepler-398,0.88,0.07850834,0.615,0.00193,0.0,636.0,40.831,0.0618,6.83437001,,4557.0,0.67,0.72,Transit,2016.0,Kepler,177.355,Terrestrial
Kepler-399 b,Kepler-399,0.96,0.086,0.84,0.00264,0.0,773.0,35.63,0.103,14.425281,,5502.0,0.68,0.902,Transit,2014.0,Kepler,740.537,Terrestrial
Kepler-399 c,Kepler-399,1.43,0.128,2.63,0.00829,0.0,630.0,15.69,0.155,26.67569,,5502.0,0.68,0.902,Transit,2014.0,Kepler,740.537,Terrestrial
Kepler-399 d,Kepler-399,1.89,0.169,4.23,0.0133,0.0,486.0,5.57,0.261,58.034616,,5502.0,0.68,0.902,Transit,2014.0,Kepler,740.537,Super-Earth
Kepler-4 b,Kepler-4,4.002,0.357,24.472,0.077,0.0,1650.0,1245.431,0.0456,3.21346,,5857.0,1.487,1.223,Transit,2009.0,Kepler,487.916,Neptunian
Kepler-40 b,Kepler-40,13.11,1.17,699.2,2.2,0.0,1620.0,1187.965,0.08,6.87349,F5 IV,6510.0,2.13,1.48,Transit,2010.0,Kepler,2305.01,Gas Giant
Kepler-400 b,Kepler-400,1.65,0.147,3.36,0.0106,0.0,939.0,183.39,0.087,9.024389,,5886.0,1.145,1.08,Transit,2014.0,Kepler,845.97,Super-Earth
Kepler-400 c,Kepler-400,1.49,0.133,2.83,0.00889,0.0,755.0,76.86,0.134,17.340824,,5886.0,1.145,1.08,Transit,2014.0,Kepler,845.97,Terrestrial
Kepler-401 b,Kepler-401,1.71,0.153,3.57,0.0112,0.0,889.0,254.25,0.122,14.383035,,6117.0,1.333,1.173,Transit,2014.0,Kepler,965.56,Super-Earth
Kepler-401 c,Kepler-401,2.15,0.192,5.27,0.0166,0.0,598.0,51.996,0.269,47.318218,,6117.0,1.333,1.173,Transit,2014.0,Kepler,965.56,Super-Earth
Kepler-401 d,Kepler-401,2.27,0.20251584,5.77,0.0182,0.0,380.0,8.485,0.66886,184.256405,,6184.0,1.29,1.17,Transit,2016.0,Kepler,965.56,Super-Earth
Kepler-402 b,Kepler-402,1.22,0.109,1.98,0.00624,0.0,1311.0,619.844,0.051,4.028751,,6090.0,1.264,1.072,Transit,2014.0,Kepler,625.339,Terrestrial
Kepler-402 c,Kepler-402,1.56,0.139,3.05,0.00961,0.0,1140.0,353.973,0.068,6.124821,,6090.0,1.264,1.072,Transit,2014.0,Kepler,625.339,Super-Earth
Kepler-402 d,Kepler-402,1.38,0.123,2.48,0.0078,0.0,1006.0,214.277,0.087,8.921099,,6090.0,1.264,1.072,Transit,2014.0,Kepler,625.339,Terrestrial
Kepler-402 e,Kepler-402,1.46,0.13,2.73,0.00859,0.0,931.0,157.481,0.102,11.242861,,6090.0,1.264,1.072,Transit,2014.0,Kepler,625.339,Terrestrial
Kepler-403 b,Kepler-403,1.25,0.112,2.1,0.0066,0.0,1194.0,689.457,0.076,7.031462,,6090.0,1.329,1.299,Transit,2014.0,Kepler,840.269,Terrestrial
Kepler-403 c,Kepler-403,1.75,0.156,3.71,0.0117,0.0,604.0,45.154,0.297,54.280749,,6090.0,1.329,1.299,Transit,2014.0,Kepler,840.269,Super-Earth
Kepler-403 d,Kepler-403,1.42,0.12668391,2.6,0.00819,0.0,958.0,285.295,0.12178,13.61159129,,6209.0,1.45,1.25,Transit,2016.0,Kepler,840.269,Terrestrial
Kepler-404 b,Kepler-404,1.27,0.113,2.15,0.00678,0.0,730.0,44.534,0.102,11.829851,,5654.0,0.884,0.86,Transit,2014.0,Kepler,812.524,Terrestrial
Kepler-404 c,Kepler-404,1.72,0.153,3.61,0.0113,0.0,678.0,33.153,0.118,14.751166,,5654.0,0.884,0.86,Transit,2014.0,Kepler,812.524,Super-Earth
Kepler-405 b,Kepler-405,2.08,0.186,4.98,0.0157,0.0,785.0,55.623,0.095,10.613839,,5818.0,0.893,0.873,Transit,2014.0,Kepler,1065.08,Super-Earth
Kepler-405 c,Kepler-405,4.66,0.416,19.6,0.0616,0.0,557.0,14.086,0.188,29.726682,,5818.0,0.893,0.873,Transit,2014.0,Kepler,1065.08,Neptunian
Kepler-406 b,Kepler-406,1.43,0.1276,6.35,0.02,0.0,1302.0,826.933,0.03599,2.42629,,5538.0,1.07,1.07,Transit,2014.0,Kepler,364.03,Terrestrial
Kepler-406 c,Kepler-406,0.85,0.076,2.71,0.009,0.0,1050.0,349.769,0.05531,4.62332,,5538.0,1.07,1.07,Transit,2014.0,Kepler,364.03,Terrestrial
Kepler-407 b,Kepler-407,1.19,0.10616487,1.93,0.00607246,0.0,1983.0,4102.008,0.01531,0.6693124,G,5487.0,1.04,0.99,Transit,2014.0,Kepler,338.368,Terrestrial
Kepler-407 c,Kepler-407,12.3,1.1,4000.0,12.6,0.221479,,,3.27090369,3000.0,G,5476.0,1.01,1.0,Radial Velocity,2014.0,W. M. Keck Observatory,338.368,Gas Giant
Kepler-408 b,Kepler-408,0.82,0.073,5.0,0.01573168,0.0,1561.0,1503.581,0.03592,2.46502,,6104.0,1.23,1.08,Transit,2014.0,Kepler,88.7832,Terrestrial
Kepler-409 b,Kepler-409,1.199,0.1069678,6.0,0.01887811,0.69,438.0,6.15,0.3192,68.9583216,,5421.0,0.897,0.913,Transit,2014.0,Kepler,68.173,Terrestrial
Kepler-41 b,Kepler-41,14.46,1.29,177.98,0.56,0.0,1790.0,2036.749,0.03101,1.8555582,G2 V,5750.0,1.29,1.15,Transit,2011.0,Kepler,1093.08,Gas Giant
Kepler-410 A b,Kepler-410 A,2.838,0.253,8.44,0.0265,0.17,866.0,159.5,0.1226,17.833648,,6273.0,1.352,1.214,Transit,2013.0,Kepler,147.527,Neptunian
Kepler-411 b,Kepler-411,2.401,0.21420287,25.6,0.0805462,0.146,1138.0,201.3,0.0375,3.005156,K2 V,4974.0,0.82,0.87,Transit,2013.0,Kepler,153.676,Super-Earth
Kepler-411 c,Kepler-411,4.421,0.3944152,26.4,0.08306327,0.108,838.0,56.0,0.0739,7.834435,K2 V,4974.0,0.82,0.87,Transit,2016.0,Kepler,153.676,Neptunian
Kepler-411 d,Kepler-411,3.319,0.29610135,15.2,0.04782431,0.128,410.0,3.9,0.279,58.02035,K2 V,4974.0,0.82,0.87,Transit,2018.0,Kepler,153.676,Neptunian
Kepler-411 e,Kepler-411,3.28,0.293,10.8,0.03398043,0.016,503.0,,0.186,31.509728,K2 V,4974.0,0.82,0.87,Transit Timing Variations,2018.0,Kepler,153.676,Neptunian
Kepler-412 b,Kepler-412,15.031269,1.341,299.07803,0.941,0.0038,1850.0,2144.307,0.02897,1.7208604,G3 V,5750.0,1.287,1.167,Transit,2014.0,Kepler,1086.24,Gas Giant
Kepler-413 b,Kepler-413,4.347,0.388,67.0,0.211,0.1181,,,0.3553,66.262,,4700.0,0.7761,0.82,Transit,2014.0,Kepler,847.536,Neptunian
Kepler-414 b,Kepler-414,1.71,0.153,3.5,0.011,0.0,1024.0,241.171,0.0543,4.7,,5536.0,0.946,0.89,Transit Timing Variations,2014.0,Kepler,413.46,Super-Earth
Kepler-414 c,Kepler-414,3.01,0.269,29.9,0.094,0.0,890.0,137.086,0.07195,7.171,,5536.0,0.946,0.89,Transit Timing Variations,2014.0,Kepler,413.46,Neptunian
Kepler-415 b,Kepler-415,1.21,0.108,119.9,0.377,0.0,694.0,69.834,0.0426,4.176,,4362.0,0.643,0.67,Transit Timing Variations,2014.0,Kepler,530.487,Terrestrial
Kepler-415 c,Kepler-415,2.01,0.1793205,4.7,0.0148,0.0,543.0,26.237,0.0695,8.708,,4362.0,0.643,0.67,Transit Timing Variations,2014.0,Kepler,530.487,Super-Earth
Kepler-416 b,Kepler-416,2.48,0.221,58.2,0.183,0.0,986.0,224.089,0.0674,6.319,,5718.0,1.075,1.0,Transit Timing Variations,2014.0,Kepler,690.819,Super-Earth
Kepler-416 c,Kepler-416,2.352,0.20983175,6.13,0.0193,0.0,791.0,93.072,0.10454,12.209,,5718.0,1.075,1.0,Transit Timing Variations,2014.0,Kepler,690.819,Super-Earth
Kepler-416 d,Kepler-416,1.61,0.14363483,3.22,0.0101,0.0,1253.0,583.25,0.0407,3.07644709,,5670.0,1.022,0.949,Transit,2023.0,Kepler,690.819,Super-Earth
Kepler-417 b,Kepler-417,2.31,0.206,11.0,0.035,0.0,671.0,43.624,0.1006,12.331,,5177.0,0.806,0.9,Transit Timing Variations,2014.0,Kepler,973.989,Super-Earth
Kepler-417 c,Kepler-417,2.69,0.23998573,7.7,0.0242,0.0,616.0,30.968,0.1194,15.943,,5177.0,0.806,0.9,Transit Timing Variations,2014.0,Kepler,973.989,Neptunian
Kepler-418 b,Kepler-418,13.45,1.2,349.6112477,1.1,0.2,434.0,8.877,0.39249,86.67856,,5820.0,1.09,0.98,Transit,2014.0,Kepler,1002.53,Gas Giant
Kepler-418 c,Kepler-418,5.22108654,0.46579494,23.7,0.0747,0.0,835.0,107.6,0.10632,12.21829987,,5822.0,1.081,0.957,Transit,2021.0,Kepler,1002.53,Neptunian
Kepler-419 b,Kepler-419,10.8,0.96,794.5,2.5,0.833,613.0,37.416,0.37,69.7546,,6430.0,1.74,1.39,Transit,2014.0,Kepler,1011.36,Gas Giant
Kepler-419 c,Kepler-419,12.6,1.13,2320.1,7.3,0.184,,,1.68,675.47,,6430.0,1.74,1.39,Transit Timing Variations,2014.0,Kepler,1011.36,Gas Giant
Kepler-42 b,Kepler-42,0.78,0.07,0.705944,0.00222115,0.04,519.0,22.388,0.0116,1.2137672,M,3068.0,0.17,0.13,Transit,2011.0,Kepler,40.0595,Terrestrial
Kepler-42 c,Kepler-42,0.73,0.065,60.337,0.18984143,0.0,720.0,82.125,0.006,0.45328509,M,3068.0,0.17,0.13,Transit,2011.0,Kepler,40.0595,Terrestrial
Kepler-42 d,Kepler-42,0.57,0.051,0.357785,0.00112572,0.02,450.0,12.538,0.0154,1.865169,M,3068.0,0.17,0.13,Transit,2011.0,Kepler,40.0595,Terrestrial
Kepler-421 b,Kepler-421,4.16,0.371,16.1,0.0508,0.041,185.0,0.2,1.219,704.1984,G9/K0,5308.0,0.757,0.794,Transit,2014.0,Kepler,348.558,Neptunian
Kepler-422 b,Kepler-422,12.89,1.15,136.66,0.43,0.0,1028.0,264.983,0.082,7.8914483,,5972.0,1.24,1.15,Transit,2014.0,Kepler,722.795,Gas Giant
Kepler-423 b,Kepler-423,13.361,1.192,189.101,0.595,0.019,1605.0,649.148,0.03585,2.6843285,G4 V,5560.0,0.95,0.85,Transit,2014.0,Kepler,758.753,Gas Giant
Kepler-424 b,Kepler-424,9.98,0.89,327.35,1.03,0.0,1116.0,470.754,0.044,3.3118644,,5460.0,0.94,1.01,Transit,2014.0,Kepler,698.646,Gas Giant
Kepler-424 c,Kepler-424,12.7,1.13,2215.18,6.97,,,,0.73,223.3,,5460.0,0.94,1.01,Radial Velocity,2014.0,McDonald Observatory,698.646,Gas Giant
Kepler-425 b,Kepler-425,10.962,0.978,79.45,0.25,0.33,1070.0,229.036,0.0464,3.79701816,K1 V,5170.0,0.86,0.93,Transit,2014.0,Kepler,646.647,Gas Giant
Kepler-426 b,Kepler-426,12.22,1.09,108.06,0.34,0.18,1300.0,410.723,0.0414,3.21751883,G1 V,5725.0,0.92,0.91,Transit,2014.0,Kepler,843.695,Gas Giant
Kepler-427 b,Kepler-427,13.79,1.23,92.17,0.29,0.57,1100.0,208.721,0.091,10.290994,G2 V,5800.0,1.35,0.96,Transit,2014.0,Kepler,1017.8,Gas Giant
Kepler-428 b,Kepler-428,12.11,1.08,403.63,1.27,0.22,1070.0,195.088,0.0433,3.52563254,K1 V,5150.0,0.8,0.87,Transit,2014.0,Kepler,686.284,Gas Giant
Kepler-43 b,Kepler-43,13.663771,1.219,1026.5909,3.23,0.017,1620.0,1138.115,0.046,3.0240949,F8 V,6041.0,1.42,1.32,Transit,2011.0,Kepler,1005.84,Gas Giant
Kepler-430 b,Kepler-430,3.25,0.29,10.6,0.0334,0.0,667.0,40.844,0.2244,35.968,,5884.0,1.485,1.166,Transit,2015.0,Kepler,917.477,Neptunian
Kepler-430 c,Kepler-430,1.75,0.16,3.71,0.0117,0.0,458.0,9.096,0.4757,110.979,,5884.0,1.485,1.166,Transit,2015.0,Kepler,917.477,Super-Earth
Kepler-431 b,Kepler-431,0.764,0.068,0.37,0.00117,0.0,1032.0,577.545,0.0719,6.803,,6004.0,1.092,1.071,Transit,2015.0,Kepler,486.546,Terrestrial
Kepler-431 c,Kepler-431,0.668,0.06,0.229,0.00072,0.0,951.0,415.545,0.0847,8.703,,6004.0,1.092,1.071,Transit,2015.0,Kepler,486.546,Terrestrial
Kepler-431 d,Kepler-431,1.11,0.1,1.41,0.00444,0.0,856.0,272.838,0.1045,11.922,,6004.0,1.092,1.071,Transit,2015.0,Kepler,486.546,Terrestrial
Kepler-432 b,Kepler-432,12.834305,1.145,1719.4603,5.41,0.5134,812.0,97.846,0.301,52.501129,,4995.0,4.06,1.32,Transit,2015.0,Kepler,848.023,Gas Giant
Kepler-433 b,Kepler-433,16.25,1.45,896.24,2.82,0.119,1776.0,1682.66,0.0679,5.33408384,,6360.0,2.26,1.46,Transit,2015.0,Kepler,1878.31,Gas Giant
Kepler-434 b,Kepler-434,12.67,1.13,908.96,2.86,0.131,1000.0,158.285,0.1143,12.8747099,,5977.0,1.38,1.198,Transit,2015.0,Kepler,1222.54,Gas Giant
Kepler-435 b,Kepler-435,22.31,1.99,266.97,0.84,0.114,1729.0,677.917,0.0948,8.6001536,,6161.0,3.21,1.538,Transit,2015.0,Kepler,1418.77,Gas Giant
Kepler-436 b,Kepler-436,2.73,0.24,7.9,0.0249,0.19,322.0,1.69,0.339,64.00205,,4651.0,0.697,0.729,Transit,2015.0,Kepler,588.867,Neptunian
Kepler-436 c,Kepler-436,2.33,0.20786868,6.04,0.019,0.0,503.0,14.52,0.11452,16.79713874,,4685.0,0.71,0.75,Transit,2016.0,Kepler,588.867,Super-Earth
Kepler-437 b,Kepler-437,2.14,0.19,5.22,0.0164,0.02,308.0,2.15,0.288,66.65062,,4551.0,0.68,0.707,Transit,2015.0,Kepler,304.0,Super-Earth
Kepler-438 b,Kepler-438,1.12,0.1,1.46,0.00459,0.03,288.0,1.4,0.166,35.23319,,3748.0,0.52,0.544,Transit,2015.0,Kepler,195.94287175,Terrestrial
Kepler-439 b,Kepler-439,2.24,0.2,5.65,0.0178,0.03,291.0,1.83,0.563,178.1396,,5431.0,0.866,0.884,Transit,2015.0,Kepler,757.048,Super-Earth
Kepler-44 b,Kepler-44,12.22,1.09,317.82,1.0,0.066,1544.0,1109.223,0.0446,3.2467293,G2 IV,5800.0,1.35,1.12,Transit,2011.0,Kepler,1188.0,Gas Giant
Kepler-440 b,Kepler-440,1.86,0.17,4.12,0.013,0.34,229.0,1.2,0.242,101.11141,,4134.0,0.559,0.575,Transit,2015.0,Kepler,301.03,Super-Earth
Kepler-441 b,Kepler-441,1.64,0.15,3.33,0.0105,0.1,189.0,0.21,0.64,207.2482,,4340.0,0.55,0.572,Transit,2015.0,Kepler,268.003,Super-Earth
Kepler-442 b,Kepler-442,1.34,0.12,2.36,0.00742,0.04,241.0,0.66,0.409,112.3053,,4402.0,0.598,0.609,Transit,2015.0,Kepler,365.965,Terrestrial
Kepler-443 b,Kepler-443,2.33,0.21,6.04,0.019,0.11,233.0,0.86,0.495,177.6693,,4723.0,0.706,0.738,Transit,2015.0,Kepler,802.271,Super-Earth
Kepler-444 b,Kepler-444,0.403,0.036,0.0374,0.000118,0.16,938.0,225.735,0.04178,3.6001053,K,5046.0,0.752,0.758,Transit,2015.0,Kepler,36.4396,Terrestrial
Kepler-444 c,Kepler-444,0.497,0.044,0.0793,0.00025,0.31,868.0,165.73,0.04881,4.5458841,K,5046.0,0.752,0.758,Transit,2015.0,Kepler,36.4396,Terrestrial
Kepler-444 d,Kepler-444,0.53,0.047,0.2,0.00062927,0.18,783.0,109.638,0.06,6.189392,K,5046.0,0.752,0.758,Transit,2015.0,Kepler,36.4396,Terrestrial
Kepler-444 e,Kepler-444,0.546,0.049,0.1,0.00031463,0.1,727.0,81.344,0.0696,7.743493,K,5046.0,0.752,0.758,Transit,2015.0,Kepler,36.4396,Terrestrial
Kepler-444 f,Kepler-444,0.741,0.066,0.332,0.00104,0.29,673.0,59.915,0.0811,9.740486,K,5046.0,0.752,0.758,Transit,2015.0,Kepler,36.4396,Terrestrial
Kepler-445 b,Kepler-445,1.58,0.14,3.12,0.00982,0.0,401.0,17.657,0.0217,2.984151,M4,3157.0,0.21,0.18,Transit,2015.0,Kepler,127.201,Super-Earth
Kepler-445 c,Kepler-445,2.51,0.22,6.85,0.0215,0.0,341.0,9.177,0.0301,4.871229,M4,3157.0,0.21,0.18,Transit,2015.0,Kepler,127.201,Neptunian
Kepler-445 d,Kepler-445,1.25,0.11,2.1,0.0066,0.0,305.0,4.314,0.0439,8.15275,M4,3157.0,0.21,0.18,Transit,2015.0,Kepler,127.201,Terrestrial
Kepler-446 b,Kepler-446,1.5,0.13,2.86,0.00899,0.0,648.0,16.213,0.0182,1.565409,M4,3359.0,0.24,0.22,Transit,2015.0,Kepler,96.339,Super-Earth
Kepler-446 c,Kepler-446,1.11,0.1,1.41,0.00444,0.0,520.0,6.705,0.0283,3.036179,M4,3359.0,0.24,0.22,Transit,2015.0,Kepler,96.339,Terrestrial
Kepler-446 d,Kepler-446,1.35,0.12,2.39,0.00752,0.0,436.0,3.307,0.0403,5.148921,M4,3359.0,0.24,0.22,Transit,2015.0,Kepler,96.339,Terrestrial
Kepler-447 b,Kepler-447,18.49,1.65,435.41,1.37,0.123,882.0,119.039,0.0769,7.79430132,G8 V,5493.0,1.05,1.0,Transit,2015.0,Kepler,268.041,Gas Giant
Kepler-448 c,KOI-12,12.0,1.07,6992.26,22.0,0.65,,,4.2,2500.0,,6635.0,1.4,1.5,Transit Timing Variations,2017.0,Kepler,399.398,Gas Giant
Kepler-449 b,Kepler-449,2.056,0.18342403,4.88,0.0154,0.03,917.0,167.41,0.1027,12.58242,,5649.18,1.467,1.02,Transit,2015.0,Kepler,241.949,Super-Earth
Kepler-449 c,Kepler-449,2.764,0.24658756,8.07,0.0254,0.05,661.0,45.09,0.1979,33.6727,,5649.18,1.467,1.02,Transit,2015.0,Kepler,241.949,Neptunian
Kepler-45 b,Kepler-45,10.76,0.96,160.497,0.505,0.11,1000.0,68.37,0.03,2.455239,M,3820.0,0.55,0.59,Transit,2011.0,Kepler,381.949,Gas Giant
Kepler-450 b,Kepler-450,6.14,0.54777411,19.4,0.06103892,0.02,769.0,94.325,0.20092,28.454851,,6197.21,1.64162,1.19,Transit,2015.0,Kepler,455.982,Gas Giant
Kepler-450 c,Kepler-450,2.62,0.23374074,12.5,0.0393292,0.02,944.0,213.731,0.13351,15.413135,,6197.21,1.64162,1.19,Transit,2015.0,Kepler,455.982,Neptunian
Kepler-450 d,Kepler-450,0.837,0.07467214,17.6,0.05537552,0.14,1199.0,557.205,0.0827,7.51464,,6197.21,1.64162,1.19,Transit,2015.0,Kepler,455.982,Terrestrial
Kepler-452 b,Kepler-452,1.63,0.14541886,3.29,0.0104,0.0,265.0,1.1,1.046,384.843,G2,5757.0,1.11,1.037,Transit,2015.0,Kepler,551.727,Super-Earth
Kepler-453 b,Kepler-453,6.204,0.55348381,16.0,0.05034138,0.0359,,,0.7903,240.503,,5527.0,0.833,0.944,Transit,2015.0,Kepler,442.846,Gas Giant
Kepler-454 b,Kepler-454,2.37,0.2114376,5.4,0.0169903,0.32,916.0,117.7,0.09528,10.5737534,,5687.0,1.066,1.03,Transit,2015.0,Kepler,230.869,Super-Earth
Kepler-454 c,Kepler-454,12.9,1.15,1433.40611557,4.51,0.0053,,,1.287,524.19,,5687.0,1.066,1.03,Radial Velocity,2015.0,Multiple Facilities,230.869,Gas Giant
Kepler-454 d,Kepler-454,13.3,1.19,734.18362017,2.31,0.089,,,5.1,4073.0,,5687.0,1.066,1.03,Radial Velocity,2023.0,Roque de los Muchachos Observatory,230.869,Gas Giant
Kepler-457 d,KOI-7892,2.98467257,0.26627511,9.19,0.0289,0.0,1008.0,244.47,0.0996,10.6906004,,6474.0,1.242,1.148,Transit,2021.0,Kepler,1072.3,Neptunian
Kepler-458 c,KIC 9663113,4.2,0.3746989,16.4,0.0516,0.0,798.0,279.787,0.17012,20.74028413,,6117.21,2.21562,1.15,Transit,2016.0,Kepler,1594.74,Neptunian
Kepler-46 b,Kepler-46,9.057,0.808,1907.0,6.0,0.01,543.0,10.9,0.1968,33.60134,,5155.0,0.938,0.902,Transit,2012.0,Kepler,777.06,Gas Giant
Kepler-46 c,Kepler-46,13.5,1.21,119.499,0.376,0.0146,455.0,,0.2799,57.011,,5155.0,0.938,0.902,Transit Timing Variations,2012.0,Kepler,777.06,Gas Giant
Kepler-46 d,Kepler-46,1.64,0.146,3.33,0.0105,0.0,845.0,92.346,0.067,6.766589,,5309.0,0.79,0.883,Transit,2014.0,Kepler,777.06,Super-Earth
Kepler-460 c,KIC 5437945,5.52,0.49246141,26.1,0.0821,0.0,389.0,7.4,0.75318,220.1303357,,6146.0,1.26,1.17,Transit,2016.0,Kepler,1274.01,Neptunian
Kepler-461 b,Kepler-461,2.58,0.23017218,7.18,0.0226,0.0,886.0,254.906,0.07895,8.313783059,,5634.0,0.91,0.98,Transit,2016.0,Kepler,692.158,Neptunian
Kepler-462 b,Kepler-462,3.0,0.26764207,53.9,0.16958752,0.042,611.0,31.269,0.4172,84.6866,,7500.0,1.57,1.59,Transit,2016.0,Kepler,596.625,Neptunian
Kepler-462 c,Kepler-462,4.0,0.3568561,6.0,0.01887802,0.11,453.0,9.97,0.7584,207.62,,7500.0,1.57,1.59,Transit,2020.0,Kepler,596.625,Neptunian
Kepler-463 b,Kepler-463,3.05,0.27210277,9.53,0.03,0.0,880.0,166.039,0.07925,8.981016833,,5661.0,0.9,0.87,Transit,2016.0,Kepler,394.804,Neptunian
Kepler-464 b,Kepler-464,3.3,0.29440628,10.9,0.0343,0.0,1163.0,495.005,0.07931,7.256965224,,5933.0,1.59,1.21,Transit,2016.0,Kepler,667.604,Neptunian
Kepler-465 b,Kepler-465,2.95,0.26318137,9.01,0.0283,0.0,996.0,227.82,0.09195,9.940672466,,6310.0,1.29,1.23,Transit,2016.0,Kepler,553.077,Neptunian
Kepler-466 b,Kepler-466,2.85,0.25425997,8.5,0.0267,0.0,503.0,12.5,0.26769,51.07926307,,5927.0,1.05,1.04,Transit,2016.0,Kepler,530.122,Neptunian
Kepler-466 c,Kepler-466,1.25,0.11151753,2.1,0.0066,0.0,1206.0,410.4,0.04658,3.709213846,,5927.0,1.05,1.04,Transit,2016.0,Kepler,530.122,Terrestrial
Kepler-467 b,Kepler-467,2.25,0.20073156,5.69,0.0179,0.0,712.0,72.749,0.16848,24.99324193,,5809.0,1.37,1.05,Transit,2016.0,Kepler,466.265,Super-Earth
Kepler-468 b,Kepler-468,13.34,1.19011509,,,0.0,484.0,11.241,0.2213,38.478757067,,5498.0,0.87,0.96,Transit,2016.0,Kepler,442.871,Gas Giant
Kepler-47 b,Kepler-47,3.05,0.27210277,2.07,0.00651292,0.021,,,0.2877,49.4643,,5636.0,0.936,0.957,Transit,2012.0,Kepler,1025.02,Neptunian
Kepler-47 c,Kepler-47,4.65,0.41484521,3.17,0.00997389,0.044,,,0.9638,303.227,,5636.0,0.936,0.957,Transit,2012.0,Kepler,1025.02,Neptunian
Kepler-47 d,Kepler-47,7.04,0.62806673,19.02,0.05984331,0.024,,,0.6992,187.366,,5636.0,0.936,0.957,Transit,2019.0,Kepler,1025.02,Gas Giant
Kepler-471 b,Kepler-471,14.96,1.33464181,,,0.0,1308.0,1146.878,0.0626,5.014234575,,6733.0,1.8,1.49,Transit,2016.0,Kepler,1249.41,Gas Giant
Kepler-472 b,Kepler-472,3.22,0.28726916,10.5,0.0329,0.0,876.0,139.236,0.04823,4.176255514,,4996.0,0.78,0.85,Transit,2016.0,Kepler,306.602,Neptunian
Kepler-473 b,Kepler-473,4.08,0.36399322,15.6,0.0492,0.0,879.0,243.376,0.12048,14.55731705,,5816.0,1.34,1.06,Transit,2016.0,Kepler,905.937,Neptunian
Kepler-474 b,Kepler-474,3.06,0.27299491,9.59,0.0302,0.0,1115.0,671.064,0.06092,5.660672935,,5785.0,1.08,0.99,Transit,2016.0,Kepler,841.496,Neptunian
Kepler-475 b,Kepler-475,2.49,0.22214292,6.76,0.0213,0.0,980.0,215.462,0.03989,3.105508189,,5009.0,0.79,0.86,Transit,2016.0,Kepler,280.069,Super-Earth
Kepler-476 b,Kepler-476,3.08,0.2747792,9.69,0.0305,0.0,807.0,100.09,0.1126,14.00640607,,5837.0,1.09,1.03,Transit,2016.0,Kepler,813.535,Neptunian
Kepler-477 b,Kepler-477,2.07,0.18467303,4.94,0.0155,0.0,649.0,38.71,0.0911,11.11990653,,5240.0,0.79,0.87,Transit,2016.0,Kepler,367.0,Super-Earth
Kepler-478 b,Kepler-478,2.71,0.24177001,7.8,0.0245,0.0,640.0,39.56,0.1032,13.2217576,,5210.0,0.8,0.85,Transit,2016.0,Kepler,420.0,Neptunian
Kepler-479 b,Kepler-479,2.12,0.18913373,5.14,0.0162,0.0,649.0,37.753,0.09636,12.49341307,,5247.0,0.81,0.86,Transit,2016.0,Kepler,344.901,Super-Earth
Kepler-48 b,Kepler-48,1.88,0.16772237,3.94,0.01239656,0.0,932.0,173.12,0.05394,4.778,,5194.0,0.89,0.88,Transit,2012.0,Kepler,306.738,Super-Earth
Kepler-48 c,Kepler-48,2.71,0.24177001,14.61,0.04596797,0.0,736.0,67.593,0.08633,9.67395,,5194.0,0.89,0.88,Transit,2012.0,Kepler,306.738,Neptunian
Kepler-48 d,Kepler-48,2.04,0.182,7.93,0.025,0.0,448.0,9.292,0.23302,42.8961,,5194.0,0.89,0.88,Transit,2014.0,Kepler,306.738,Super-Earth
Kepler-48 e,Kepler-48,13.4,1.19,657.0,2.067,0.003142,,,1.898274748,982.0,,5194.0,0.89,0.88,Radial Velocity,2014.0,W. M. Keck Observatory,306.738,Gas Giant
Kepler-48 f,Kepler-48,13.8,1.23,298.5809968,0.93944088,0.015283,,,5.719187877,5219.681854,,5190.0,0.836,0.916,Radial Velocity,2023.0,W. M. Keck Observatory,306.738,Gas Giant
Kepler-480 b,Kepler-480,2.78,0.24801499,8.15,0.0256,0.0,1312.0,764.078,0.06024,4.919583795,,6322.0,1.34,1.25,Transit,2016.0,Kepler,847.508,Neptunian
Kepler-481 b,Kepler-481,2.5,0.22303506,6.8,0.0214,0.0,899.0,183.842,0.08926,10.06082567,,5802.0,1.09,1.01,Transit,2016.0,Kepler,813.724,Super-Earth
Kepler-482 b,Kepler-482,2.36,0.2105451,6.17,0.0194,0.0,352.0,4.436,0.25787,56.35418576,,4871.0,0.72,0.75,Transit,2016.0,Kepler,313.068,Super-Earth
Kepler-483 b,Kepler-483,3.21,0.28637702,10.4,0.0327,0.0,755.0,61.495,0.19471,30.229104,,6346.0,1.47,1.28,Transit,2016.0,Kepler,860.355,Neptunian
Kepler-484 b,Kepler-484,2.28,0.20340798,5.82,0.0183,0.0,766.0,90.629,0.09036,10.045569313,,5668.0,0.87,0.96,Transit,2016.0,Kepler,382.136,Super-Earth
Kepler-485 b,Kepler-485,14.41,1.28557409,,,0.0,1243.0,622.014,0.04401,3.243259796,,5958.0,1.09,1.07,Transit,2016.0,Kepler,1140.95,Gas Giant
Kepler-487 b,Kepler-487,11.42,1.01882416,,,0.0,662.0,51.492,0.11819,15.358768403,,5444.0,0.88,0.91,Transit,2016.0,Kepler,872.343,Gas Giant
Kepler-487 c,Kepler-487,2.68,0.23909359,7.65,0.0241,0.0,487.0,15.038,0.21864,38.6519976,,5444.0,0.88,0.91,Transit,2016.0,Kepler,872.343,Neptunian
Kepler-487 d,Kepler-487,2.77513568,0.24758145,8.12,0.0256,0.0,1226.0,550.8,0.03445,2.418390036,,5422.0,0.887,0.874,Transit,2021.0,Kepler,872.343,Neptunian
Kepler-489 b,Kepler-489,7.72,0.68873227,46.1,0.145,0.0,538.0,20.618,0.12109,17.276296119,,5014.0,0.76,0.82,Transit,2016.0,Kepler,369.645,Gas Giant
Kepler-49 b,Kepler-49,2.579,0.23008337,9.77,0.03073986,0.0,509.0,21.481,0.05929,7.2,M1 V,4095.6,0.618,0.607,Transit,2012.0,Kepler,311.222,Neptunian
Kepler-49 c,Kepler-49,2.444,0.21803945,8.38,0.02636643,0.008,443.0,12.341,0.07821,10.91,M1 V,4095.6,0.618,0.607,Transit,2012.0,Kepler,311.222,Super-Earth
Kepler-49 d,Kepler-49,1.6,0.143,235.982,0.7424824,0.0,717.0,64.39,0.031,2.576549,M1 V,4252.0,0.559,0.549,Transit,2014.0,Kepler,311.222,Super-Earth
Kepler-49 e,Kepler-49,1.56,0.139,1.03815,0.00326639,0.0,371.0,6.063,0.116,18.596108,M1 V,4252.0,0.559,0.549,Transit,2014.0,Kepler,311.222,Super-Earth
Kepler-490 b,Kepler-490,11.65,1.03934338,,,0.0,1597.0,1059.522,0.0453,3.268695154,,6045.0,1.12,1.08,Transit,2016.0,Kepler,1523.0,Gas Giant
Kepler-491 b,Kepler-491,8.92,0.7957891,59.0,0.186,0.0,1111.0,312.514,0.05191,4.225384512,,5582.0,1.03,1.04,Transit,2016.0,Kepler,630.785,Gas Giant
Kepler-493 b,Kepler-493,15.13,1.34980819,,,0.0,1438.0,1414.329,0.0439,3.003876581,,6457.0,1.54,1.36,Transit,2016.0,Kepler,1745.77,Gas Giant
Kepler-495 b,Kepler-495,5.23,0.46658935,23.8,0.0749,0.0,1200.0,310.021,0.0427,3.413036221,,5346.0,0.83,0.86,Transit,2016.0,Kepler,658.924,Neptunian
Kepler-495 c,Kepler-495,1.21936414,0.10878457,1.98,0.00622,0.0,1000.0,108.13,0.0614,5.896609783,,5392.0,1.087,0.888,Transit,2021.0,Kepler,658.924,Terrestrial
Kepler-496 b,Kepler-496,2.32,0.20697654,5.99,0.0189,0.0,747.0,62.926,0.0747,8.30864937,,5293.0,0.82,0.86,Transit,2016.0,Kepler,605.274,Super-Earth
Kepler-497 b,Kepler-497,6.04,0.53885271,30.4,0.0957,0.0,1210.0,1129.272,0.0457,3.573203671,,5834.0,1.11,1.09,Transit,2016.0,Kepler,1291.98,Gas Giant
Kepler-498 b,Kepler-498,3.03,0.27031849,9.43,0.0297,0.0,931.0,202.775,0.0897,9.61375356,,5744.0,0.96,0.98,Transit,2016.0,Kepler,938.844,Neptunian
Kepler-499 b,Kepler-499,2.17,0.19359443,5.35,0.0168,0.0,844.0,148.456,0.0598,5.632528453,,5312.0,0.83,0.87,Transit,2016.0,Kepler,556.726,Super-Earth
Kepler-5 b,Kepler-5,15.984034,1.426,670.93913,2.111,0.0,1750.0,1822.758,0.0538,3.5484657,,6297.0,1.793,1.374,Transit,2009.0,Kepler,899.777,Gas Giant
Kepler-50 b,Kepler-50,1.71,0.153,8.9,0.02800253,0.0,1196.0,494.705,0.077,7.81254,,6225.0,1.58,1.24,Transit,2012.0,Kepler,250.11,Super-Earth
Kepler-50 c,Kepler-50,2.17,0.194,8.2,0.02580009,0.0,1125.0,388.444,0.087,9.37647,,6225.0,1.58,1.24,Transit,2012.0,Kepler,250.11,Super-Earth
Kepler-500 b,Kepler-500,2.58,0.23017218,7.18,0.0226,0.0,909.0,193.68,0.08361,8.508324398,,5813.0,1.03,1.02,Transit,2016.0,Kepler,807.48,Neptunian
Kepler-501 b,Kepler-501,4.3,0.38362031,17.1,0.0537,0.0,1125.0,324.856,0.0627,5.640677572,,5904.0,1.04,1.03,Transit,2016.0,Kepler,1125.24,Neptunian
Kepler-501 c,Kepler-501,1.68119739,0.14998664,3.47,0.0109,0.0,1304.0,683.84,0.0467,3.622760057,,5794.0,1.216,1.032,Transit,2021.0,Kepler,1125.24,Super-Earth
Kepler-502 b,Kepler-502,4.77,0.4255509,20.4,0.0641,0.0,1217.0,859.509,0.0535,4.28686431,,6125.0,1.22,1.15,Transit,2016.0,Kepler,1591.04,Neptunian
Kepler-504 b,Kepler-504,1.59,0.1418503,3.15,0.00993,0.0,374.0,5.991,0.0646,9.549275422,,3519.0,0.33,0.33,Transit,2016.0,Kepler,99.0688,Super-Earth
Kepler-505 b,Kepler-505,2.6,0.23195646,7.27,0.0229,0.0,314.0,3.641,0.1445,27.52197994,,3931.0,0.53,0.55,Transit,2016.0,Kepler,283.41,Neptunian
Kepler-506 b,Kepler-506,2.73,0.24355429,7.9,0.0249,0.0,1080.0,330.547,0.07437,6.8834055,,6236.0,1.19,1.19,Transit,2016.0,Kepler,228.439,Neptunian
Kepler-507 b,Kepler-507,1.3,0.11597823,5.69692195,0.01792452,0.0,1407.0,877.327,0.04781,3.568096926,,6113.0,1.32,1.16,Transit,2016.0,Kepler,391.644,Terrestrial
Kepler-508 b,Kepler-508,1.64,0.146311,3.33,0.0105,0.0,710.0,60.372,0.17274,25.30889748,,6025.0,1.25,1.16,Transit,2016.0,Kepler,324.618,Super-Earth
Kepler-509 b,Kepler-509,2.49,0.22214292,6.76,0.0213,0.0,584.0,28.481,0.23702,41.74600392,,6060.0,1.2,1.1,Transit,2016.0,Kepler,332.443,Super-Earth
Kepler-51 b,Kepler-51,7.1,0.633,2.1,0.007,0.04,543.0,10.119,0.2514,45.154,,6018.0,0.94,1.04,Transit,2012.0,Kepler,783.831,Gas Giant
Kepler-51 c,Kepler-51,9.0,0.803,4.0,0.013,0.014,439.0,4.331,0.384,85.312,,6018.0,0.94,1.04,Transit,2012.0,Kepler,783.831,Gas Giant
Kepler-51 d,Kepler-51,9.7,0.865,7.6,0.024,0.008,381.0,2.466,0.509,130.194,,6018.0,0.94,1.04,Transit,2014.0,Kepler,783.831,Gas Giant
Kepler-510 b,Kepler-510,2.47,0.22035864,6.66,0.021,0.0,797.0,114.389,0.1352,19.55659418,,5746.0,1.41,0.91,Transit,2016.0,Kepler,386.177,Super-Earth
Kepler-511 b,Kepler-511,6.35,0.56650906,33.1,0.104,0.0,332.0,4.208,0.85672,296.637865,,5770.0,1.2,1.0,Transit,2016.0,Kepler,651.999,Gas Giant
Kepler-511 c,Kepler-511,4.20964327,0.37555986,16.5,0.0518,0.0,742.0,101.6,0.17177,26.62949944,,5866.0,1.417,0.958,Transit,2021.0,Kepler,651.999,Neptunian
Kepler-512 b,Kepler-512,2.69,0.23998573,7.7,0.0242,0.0,652.0,32.329,0.21395,34.43587975,,5997.0,1.3,1.17,Transit,2016.0,Kepler,467.375,Neptunian
Kepler-513 b,Kepler-513,2.2,0.19627085,5.48,0.0172,0.0,623.0,36.527,0.1779,28.86235584,,5849.0,1.06,1.02,Transit,2016.0,Kepler,468.258,Super-Earth
Kepler-514 b,Kepler-514,1.72,0.15344812,3.61,0.0113,0.0,1248.0,506.412,0.06559,5.65179605,,6106.0,1.44,1.28,Transit,2016.0,Kepler,455.336,Super-Earth
Kepler-515 b,Kepler-515,1.46,0.13025248,2.73,0.00859,0.0,564.0,47.97,0.1333,19.96371318,,5293.0,0.83,0.9,Transit,2016.0,Kepler,255.0,Terrestrial
Kepler-516 b,Kepler-516,5.74,0.5120885,27.9,0.0878,0.0,1095.0,174.58,0.1992,24.85462415,,7099.0,2.02,1.62,Transit,2016.0,Kepler,687.094,Neptunian
Kepler-517 b,Kepler-517,2.67,0.23820145,7.61,0.0239,0.0,467.0,10.555,0.28682,60.92832271,,5690.0,0.98,0.95,Transit,2016.0,Kepler,289.907,Neptunian
Kepler-518 b,Kepler-518,2.11,0.18824159,5.1,0.016,0.0,839.0,133.317,0.07996,8.512035877,,5842.0,0.88,0.96,Transit,2016.0,Kepler,337.901,Super-Earth
Kepler-519 b,Kepler-519,2.1,0.18734945,5.06,0.0159,0.0,532.0,19.87,0.15932,24.3078946,,5260.0,0.8,0.89,Transit,2016.0,Kepler,246.61,Super-Earth
Kepler-52 b,Kepler-52,2.1,0.187,135.0,0.4247575,0.0,553.0,22.72,0.0637,7.8773565,M0 V,4075.0,0.52,0.54,Transit,2012.0,Kepler,321.542,Super-Earth
Kepler-52 c,Kepler-52,1.84,0.164,45.4,0.14284437,0.012,433.0,8.55,0.10379,16.3850021,M0 V,4075.0,0.52,0.54,Transit,2012.0,Kepler,321.542,Super-Earth
Kepler-52 d,Kepler-52,1.95,0.174,88.8775,0.27963989,0.0,332.0,2.945,0.182,36.445171,M0 V,4263.0,0.556,0.577,Transit,2014.0,Kepler,321.542,Super-Earth
Kepler-520 b,Kepler-520,1.66,0.14809528,3.39,0.0107,0.0,711.0,59.77,0.14628,19.67416124,,6112.0,1.09,1.1,Transit,2016.0,Kepler,623.901,Super-Earth
Kepler-520 c,Kepler-520,1.07,0.09545901,1.24,0.0039,0.0,1107.0,351.69,0.06035,5.21104261,,6112.0,1.09,1.1,Transit,2016.0,Kepler,623.901,Terrestrial
Kepler-521 b,Kepler-521,3.18,0.2837006,10.2,0.0322,0.0,803.0,160.612,0.17116,22.20813214,,6406.0,1.46,1.34,Transit,2016.0,Kepler,830.638,Neptunian
Kepler-522 b,Kepler-522,6.91,0.61646891,38.2,0.12,0.0,761.0,63.855,0.25029,38.58422849,,6392.0,1.98,1.54,Transit,2016.0,Kepler,639.239,Gas Giant
Kepler-523 b,Kepler-523,1.96,0.17485949,4.5,0.0142,0.0,884.0,149.135,0.06159,5.835983111,,5515.0,0.86,0.93,Transit,2016.0,Kepler,253.295,Super-Earth
Kepler-524 b,Kepler-524,1.91,0.17039879,4.31,0.0136,0.0,974.0,434.237,0.07955,7.97419807,,6014.0,1.1,1.09,Transit,2016.0,Kepler,1058.24,Super-Earth
Kepler-524 c,Kepler-524,0.96,0.08564546,0.84,0.00264,0.0,1574.0,2959.338,0.03046,1.88897906,,6014.0,1.1,1.09,Transit,2016.0,Kepler,1058.24,Terrestrial
Kepler-525 b,Kepler-525,2.63,0.23463288,7.41,0.0233,0.0,832.0,176.232,0.14386,18.68404933,,5573.0,1.15,0.95,Transit,2016.0,Kepler,992.852,Neptunian
Kepler-526 b,Kepler-526,1.99,0.17753591,4.62,0.0145,0.0,1099.0,584.354,0.06518,5.458498316,,5894.0,1.14,1.15,Transit,2016.0,Kepler,666.146,Super-Earth
Kepler-527 b,Kepler-527,2.84,0.25336783,8.45,0.0266,0.0,1157.0,147.046,0.11646,13.28535633,,6388.0,1.45,1.28,Transit,2016.0,Kepler,750.04,Neptunian
Kepler-528 b,Kepler-528,2.08,0.18556517,4.98,0.0157,0.0,708.0,68.971,0.14219,19.78297415,,5807.0,1.06,1.01,Transit,2016.0,Kepler,784.23,Super-Earth
Kepler-529 b,Kepler-529,1.86,0.16593809,4.12,0.013,0.0,1662.0,1808.41,0.0309,1.980357663,,6087.0,1.14,1.07,Transit,2016.0,Kepler,799.008,Super-Earth
Kepler-529 c,Kepler-529,2.0,0.17842805,4.66,0.0147,0.0,891.0,149.42,0.1075,12.8345022,,6087.0,1.14,1.07,Transit,2016.0,Kepler,799.008,Super-Earth
Kepler-529 d,Kepler-529,2.79502603,0.24935595,8.22,0.0259,0.0,633.0,37.92,0.2134,35.86619949,,6078.0,1.189,1.005,Transit,2021.0,Kepler,799.008,Neptunian
Kepler-53 b,Kepler-53,2.89,0.258,111.0,0.34924506,0.0,701.0,60.997,0.1361,18.6489525,,5858.0,0.89,0.98,Transit,2012.0,Kepler,1366.07,Neptunian
Kepler-53 c,Kepler-53,3.17,0.283,36.0,0.11326867,0.0,550.0,23.176,0.22091,38.5583038,,5858.0,0.89,0.98,Transit,2012.0,Kepler,1366.07,Neptunian
Kepler-53 d,Kepler-53,2.12,0.189,37.1907,0.11701503,0.0,870.0,144.852,0.091,9.751962,,6085.0,0.958,0.966,Transit,2014.0,Kepler,1366.07,Super-Earth
Kepler-530 b,Kepler-530,3.01,0.26853421,9.32,0.0293,0.0,488.0,14.238,0.21491,39.30941904,,5697.0,0.89,0.97,Transit,2016.0,Kepler,457.709,Neptunian
Kepler-531 b,Kepler-531,2.78,0.24801499,8.15,0.0256,0.0,453.0,10.007,0.17446,29.88485741,,4893.0,0.75,0.78,Transit,2016.0,Kepler,252.762,Neptunian
Kepler-532 b,Kepler-532,2.57,0.22928004,7.13,0.0224,0.0,620.0,34.089,0.10151,12.92491623,,5192.0,0.79,0.87,Transit,2016.0,Kepler,312.798,Neptunian
Kepler-533 b,Kepler-533,3.38,0.3015434,11.4,0.0357,0.0,423.0,8.769,0.16704,28.51120525,,4758.0,0.72,0.78,Transit,2016.0,Kepler,302.955,Neptunian
Kepler-534 b,Kepler-534,2.24,0.19983941,5.65,0.0178,0.0,721.0,63.95,0.1272,15.95994513,,5884.0,0.98,1.05,Transit,2016.0,Kepler,570.659,Super-Earth
Kepler-534 c,Kepler-534,1.227,0.1094658,2.02,0.00637,0.0,933.0,178.68,0.0761,7.378689766,,5936.0,0.965,1.075,Transit,2021.0,Kepler,570.659,Terrestrial
Kepler-535 b,Kepler-535,2.36,0.2105451,6.17,0.0194,0.0,1247.0,601.891,0.06011,4.903321551,,6123.0,1.27,1.18,Transit,2016.0,Kepler,685.599,Super-Earth
Kepler-536 b,Kepler-536,3.1,0.27656348,9.8,0.0308,0.0,1877.0,892.812,0.02835,1.827082299,,5524.0,0.89,0.92,Transit,2016.0,Kepler,462.322,Neptunian
Kepler-537 b,Kepler-537,1.41,0.12579177,2.57,0.00809,0.0,1181.0,442.522,0.04317,3.247555219,,5763.0,0.99,1.07,Transit,2016.0,Kepler,439.4,Terrestrial
Kepler-538 b,Kepler-538,2.215,0.1976094,12.9,0.04058794,0.21,417.0,5.07,0.3554,81.73778,,5534.0,0.8717,0.892,Transit,2016.0,Kepler,155.956,Super-Earth
Kepler-539 b,Kepler-539,8.373123,0.747,308.2951,0.97,0.39,387.6,3.681,0.4988,125.63243,G2 V,5820.0,0.952,1.048,Transit,2016.0,Kepler,307.318,Gas Giant
Kepler-539 c,Kepler-539,13.3,1.18,762.792,2.4,0.5,253.0,,2.42,1000.0,G2 V,5820.0,0.952,1.048,Transit Timing Variations,2016.0,Kepler,307.318,Gas Giant
Kepler-54 b,Kepler-54,2.1,0.187,0.98,0.00308342,0.022,453.0,12.357,0.0619,8.0109434,M1 V,3705.0,0.5,0.51,Transit,2012.0,Kepler,271.701,Super-Earth
Kepler-54 c,Kepler-54,1.23,0.11,0.7,0.00220245,0.0,395.0,3.07,0.0809,12.0717249,M1 V,3705.0,0.5,0.51,Transit,2012.0,Kepler,271.701,Terrestrial
Kepler-54 d,Kepler-54,1.53,0.136,12.0946,0.03805387,0.0,328.0,3.425,0.126,20.995694,M1 V,4252.0,0.554,0.518,Transit,2014.0,Kepler,271.701,Super-Earth
Kepler-540 b,Kepler-540,2.71,0.24177001,7.8,0.0245,0.0,355.0,4.525,0.58822,172.7049784,,5946.0,1.08,1.02,Transit,2016.0,Kepler,390.374,Neptunian
Kepler-541 b,Kepler-541,3.36,0.29975912,11.2,0.0354,0.0,1673.0,1452.904,0.06447,5.08005848,,6166.0,2.06,1.41,Transit,2016.0,Kepler,1060.68,Neptunian
Kepler-542 b,Kepler-542,1.57,0.14006602,3.09,0.00972,0.0,698.0,61.573,0.10703,13.14497566,,5526.0,0.9,0.93,Transit,2016.0,Kepler,436.016,Super-Earth
Kepler-543 b,Kepler-543,2.5,0.22303506,6.8,0.0214,0.0,521.0,23.081,0.1023,13.89961966,,4671.0,0.67,0.7,Transit,2016.0,Kepler,221.802,Super-Earth
Kepler-544 b,Kepler-544,2.12,0.18913373,5.14,0.0162,0.0,748.0,126.031,0.15482,21.41616926,,6206.0,1.22,1.16,Transit,2016.0,Kepler,963.18,Super-Earth
Kepler-545 b,Kepler-545,2.69,0.23998573,7.7,0.0242,0.0,806.0,101.143,0.11248,13.24934059,,5882.0,1.07,1.04,Transit,2016.0,Kepler,818.001,Neptunian
Kepler-546 b,Kepler-546,7.0,0.62449817,39.1,0.123,0.0,1258.0,690.13,0.0502,4.147020258,,5967.0,1.15,1.11,Transit,2016.0,Kepler,1019.65,Gas Giant
Kepler-547 b,Kepler-547,4.0,0.3568561,15.1,0.0475,0.0,768.0,87.713,0.058,6.010384289,,4828.0,0.73,0.78,Transit,2016.0,Kepler,378.972,Neptunian
Kepler-548 b,Kepler-548,11.99,1.06967615,,,0.0,1017.0,237.035,0.0495,4.454194338,,5535.0,0.9,0.93,Transit,2016.0,Kepler,751.776,Gas Giant
Kepler-549 b,Kepler-549,2.57,0.22928004,11.0,0.0346097,0.0,487.0,9.549,0.23236,42.9495649,,5360.0,0.84,0.88,Transit,2016.0,Kepler,635.145,Neptunian
Kepler-549 c,Kepler-549,2.93,0.26139709,8.91,0.028,0.0,349.0,2.51,0.45332,117.040498,,5360.0,0.84,0.88,Transit,2016.0,Kepler,635.145,Neptunian
Kepler-549 d,Kepler-549,4.2,0.37469955,16.4,0.0516,0.0,586.0,27.93,0.1575,24.61480613,,5312.0,0.986,0.859,Transit,2023.0,Kepler,635.145,Neptunian
Kepler-55 b,Kepler-55,2.43,0.217,43.0,0.135,0.0,400.0,6.642,0.1593,27.9481449,,4362.0,0.58,0.62,Transit,2012.0,Kepler,578.796,Super-Earth
Kepler-55 c,Kepler-55,2.21,0.197,69.8,0.22,0.0,349.0,3.84,0.2095,42.1516418,,4362.0,0.58,0.62,Transit,2012.0,Kepler,578.796,Super-Earth
Kepler-55 d,Kepler-55,1.59,0.142,3.15,0.00993,0.0,931.0,195.005,0.029,2.211099,,4503.0,0.619,0.631,Transit,2014.0,Kepler,578.796,Super-Earth
Kepler-55 e,Kepler-55,1.55,0.138,3.02,0.00951,0.0,728.0,73.157,0.048,4.617534,,4503.0,0.619,0.631,Transit,2014.0,Kepler,578.796,Super-Earth
Kepler-55 f,Kepler-55,1.59,0.142,3.15,0.00993,0.0,559.0,25.438,0.081,10.198545,,4503.0,0.619,0.631,Transit,2014.0,Kepler,578.796,Super-Earth
Kepler-550 b,Kepler-550,4.42,0.39432599,17.9,0.0563,0.0,760.0,77.258,0.0747,8.600104109,,5322.0,0.83,0.87,Transit,2016.0,Kepler,531.944,Neptunian
Kepler-551 b,Kepler-551,2.73,0.24355429,7.9,0.0249,0.0,483.0,14.386,0.0893,12.3764661,,4286.0,0.63,0.65,Transit,2016.0,Kepler,311.175,Neptunian
Kepler-552 b,Kepler-552,3.95,0.3523954,14.8,0.0465,0.0,1103.0,358.994,0.0612,5.263415765,,5863.0,1.04,1.03,Transit,2016.0,Kepler,843.689,Neptunian
Kepler-553 b,Kepler-553,4.74139884,0.423,116.00736855,0.365,0.0,1089.0,235.0,0.04766,4.030467,,5191.0,0.902,0.889,Transit,2016.0,Kepler,728.525,Neptunian
Kepler-553 c,Kepler-553,11.57887706,1.033,2129.4503269,6.7,0.346,251.0,0.589,0.898,328.24017,,5191.0,0.902,0.889,Transit,2016.0,Kepler,728.525,Gas Giant
Kepler-554 b,Kepler-554,4.29,0.38272816,17.0,0.0535,0.0,1346.0,877.945,0.03022,1.902208556,,5447.0,0.92,0.93,Transit,2016.0,Kepler,690.525,Neptunian
Kepler-555 b,Kepler-555,2.83,0.25247569,8.4,0.0264,0.0,664.0,129.374,0.1201,16.21775407,,5894.0,1.04,1.03,Transit,2016.0,Kepler,973.121,Neptunian
Kepler-556 b,Kepler-556,2.24,0.19983941,5.65,0.0178,0.0,766.0,81.641,0.09833,11.72292176,,5740.0,0.98,1.0,Transit,2016.0,Kepler,674.598,Super-Earth
Kepler-557 b,Kepler-557,2.67,0.23820145,7.61,0.0239,0.0,1281.0,2885.663,0.0469,3.705989551,,6068.0,1.16,1.11,Transit,2016.0,Kepler,2097.12,Neptunian
Kepler-558 b,Kepler-558,2.37,0.21143724,6.21,0.0195,0.0,498.0,15.227,0.1759,29.00790538,,5242.0,0.81,0.85,Transit,2016.0,Kepler,661.876,Super-Earth
Kepler-559 b,Kepler-559,3.61,0.32206263,12.7,0.0399,0.0,706.0,42.543,0.1277,17.58752333,,5630.0,0.95,0.96,Transit,2016.0,Kepler,776.708,Neptunian
Kepler-56 b,Kepler-56,6.51,0.581,22.1,0.07,0.04,1378.0,819.245,0.1028,10.5016,,4840.0,4.23,1.32,Transit,2012.0,Kepler,912.994,Gas Giant
Kepler-56 c,Kepler-56,9.8,0.874,181.0,0.57,0.0,1087.0,317.206,0.1652,21.40239,,4840.0,4.23,1.32,Transit,2012.0,Kepler,912.994,Gas Giant
Kepler-56 d,Kepler-56,12.8,1.14,1784.0,5.61,0.2,,,2.16,1002.0,,4819.44,4.21799,1.29,Radial Velocity,2016.0,Multiple Observatories,912.994,Gas Giant
Kepler-560 b,Kepler-560,1.72,0.15344812,3.61,0.0113,0.17,298.0,2.46,0.0899,18.47764449,,3556.0,0.33,0.34,Transit,2016.0,Kepler,109.308,Super-Earth
Kepler-561 b,Kepler-561,6.96,0.62092961,38.7,0.122,0.0,446.0,7.565,0.29256,58.3620495,,5646.0,0.94,0.96,Transit,2016.0,Kepler,621.378,Gas Giant
Kepler-561 c,Kepler-561,2.68,0.23909359,7.65,0.0241,0.0,989.0,183.166,0.05947,5.350161983,,5646.0,0.94,0.96,Transit,2016.0,Kepler,621.378,Neptunian
Kepler-562 b,Kepler-562,5.21,0.46480507,23.7,0.0745,0.0,658.0,67.435,0.1333,18.009314436,,5575.0,0.9,0.93,Transit,2016.0,Kepler,992.769,Neptunian
Kepler-563 b,Kepler-563,3.09,0.27567134,9.75,0.0307,0.0,546.0,18.738,0.1418,22.18432708,,5066.0,0.77,0.8,Transit,2016.0,Kepler,565.207,Neptunian
Kepler-564 b,Kepler-564,4.63,0.41306093,19.4,0.0609,0.0,1129.0,389.404,0.0484,3.750832285,,5626.0,0.92,0.95,Transit,2016.0,Kepler,863.037,Neptunian
Kepler-565 b,Kepler-565,3.64,0.32473905,12.9,0.0405,0.0,1063.0,301.46,0.0501,4.243747226,,5735.0,0.95,0.98,Transit,2016.0,Kepler,1041.0,Neptunian
Kepler-566 b,Kepler-566,2.15,0.19181015,5.27,0.0166,0.0,526.0,16.879,0.1247,18.42794624,,5132.0,0.79,0.83,Transit,2016.0,Kepler,564.277,Super-Earth
Kepler-567 b,Kepler-567,2.25,0.20073156,5.69,0.0179,0.0,611.0,26.137,0.1229,16.54297375,,5148.0,0.79,0.84,Transit,2016.0,Kepler,558.81,Super-Earth
Kepler-568 b,Kepler-568,2.26,0.2016237,5.73,0.018,0.0,429.0,8.37,0.0794,11.02347475,,3768.0,0.53,0.55,Transit,2016.0,Kepler,130.645,Super-Earth
Kepler-569 b,Kepler-569,3.16,0.28191632,10.1,0.0319,0.0,526.0,19.314,0.19784,34.18890521,,5616.0,0.93,0.95,Transit,2016.0,Kepler,638.301,Neptunian
Kepler-57 b,Kepler-57,3.135,0.27968645,25.06,0.07884758,0.0162,850.0,124.349,0.05988,5.72,,5187.9,0.826,0.859,Transit,2012.0,Kepler,644.14,Neptunian
Kepler-57 c,Kepler-57,2.196,0.19591434,6.86,0.02158397,0.0725,671.0,48.574,0.09588,11.6,,5187.9,0.826,0.859,Transit,2012.0,Kepler,644.14,Super-Earth
Kepler-570 b,Kepler-570,2.45,0.21857436,6.57,0.0207,0.0,1009.0,214.04,0.0497,4.301662003,,5496.0,0.9,0.93,Transit,2016.0,Kepler,568.148,Super-Earth
Kepler-571 b,Kepler-571,2.64,0.23552502,7.46,0.0235,0.0,978.0,219.036,0.0546,4.798599388,,5527.0,0.9,0.93,Transit,2016.0,Kepler,723.875,Neptunian
Kepler-572 b,Kepler-572,2.58,0.23017218,7.18,0.0226,0.0,553.0,26.889,0.1192,17.20523483,,5212.0,0.79,0.83,Transit,2016.0,Kepler,504.667,Neptunian
Kepler-573 b,Kepler-573,2.79,0.24890713,8.2,0.0258,0.0,646.0,46.44,0.14527,22.18329658,,5746.0,1.02,0.99,Transit,2016.0,Kepler,771.471,Neptunian
Kepler-574 b,Kepler-574,2.39,0.21322152,6.3,0.0198,0.0,858.0,120.47,0.0723,7.65880414,,5612.0,0.91,0.95,Transit,2016.0,Kepler,682.896,Super-Earth
Kepler-575 b,Kepler-575,2.39,0.21322152,6.3,0.0198,0.0,803.0,141.987,0.0788,9.37891944,,5710.0,0.95,0.97,Transit,2016.0,Kepler,853.977,Super-Earth
Kepler-576 b,Kepler-576,3.27,0.29172986,10.7,0.0338,0.0,541.0,16.817,0.179,29.91136794,,5672.0,0.97,0.99,Transit,2016.0,Kepler,617.55,Neptunian
Kepler-577 b,Kepler-577,2.55,0.22749576,7.04,0.0221,0.0,314.0,5.688,0.1348,25.69578251,,4984.0,0.73,0.78,Transit,2016.0,Kepler,524.247,Neptunian
Kepler-578 b,Kepler-578,2.0,0.17842805,4.66,0.0147,0.0,1774.0,496.898,0.0266,1.616883696,,5334.0,0.83,0.87,Transit,2016.0,Kepler,541.432,Super-Earth
Kepler-579 b,Kepler-579,2.0,0.17842805,4.66,0.0147,0.0,730.0,60.609,0.0854,9.66857723,,5636.0,0.96,0.99,Transit,2016.0,Kepler,530.765,Super-Earth
Kepler-58 b,Kepler-58,2.78,0.248,35.5,0.11169549,0.04,920.0,112.992,0.09291,10.2184954,,5843.0,1.03,0.95,Transit,2012.0,Kepler,969.252,Neptunian
Kepler-58 c,Kepler-58,2.86,0.255,53.0,0.16675665,0.0,799.0,64.389,0.12307,15.5741568,,5843.0,1.03,0.95,Transit,2012.0,Kepler,969.252,Neptunian
Kepler-58 d,Kepler-58,2.94,0.262,245.343,0.7719354,0.0,583.0,18.244,0.236,40.101371,,6099.0,1.127,1.024,Transit,2014.0,Kepler,969.252,Neptunian
Kepler-58 e,Kepler-58,1.61,0.14363483,597.796,1.88087656,0.0,1212.0,511.6,0.0533,4.45814897,,6100.0,1.083,1.017,Transit,2023.0,Kepler,969.252,Super-Earth
Kepler-580 b,Kepler-580,2.57,0.22928004,7.13,0.0224,0.0,558.0,24.063,0.0683,8.222419656,,4298.0,0.64,0.67,Transit,2016.0,Kepler,323.899,Neptunian
Kepler-581 b,Kepler-581,2.63,0.23463288,7.41,0.0233,0.0,521.0,12.39,0.2259,40.6069821,,5772.0,1.0,1.0,Transit,2016.0,Kepler,703.758,Neptunian
Kepler-582 b,Kepler-582,3.68,0.32830761,13.1,0.0413,0.0,603.0,25.056,0.1254,18.49235668,,5564.0,0.91,0.93,Transit,2016.0,Kepler,613.179,Neptunian
Kepler-583 b,Kepler-583,2.28,0.20340798,5.82,0.0183,0.0,1017.0,178.699,0.0689,6.5100253,,5523.0,0.91,0.94,Transit,2016.0,Kepler,867.271,Super-Earth
Kepler-584 b,Kepler-584,4.21,0.37559104,16.5,0.0519,0.0,664.0,76.339,0.2281,35.1810304,,6195.0,1.24,1.17,Transit,2016.0,Kepler,1848.84,Neptunian
Kepler-585 b,Kepler-585,2.83,0.25247569,8.4,0.0264,0.0,1178.0,489.149,0.03841,2.752359753,,5593.0,0.93,0.96,Transit,2016.0,Kepler,585.187,Neptunian
Kepler-586 b,Kepler-586,2.79,0.24890713,8.2,0.0258,0.0,1365.0,705.051,0.0331,2.104722184,,5575.0,0.92,0.94,Transit,2016.0,Kepler,693.766,Neptunian
Kepler-587 b,Kepler-587,2.23,0.19894727,5.6,0.0176,0.0,764.0,70.965,0.0952,10.94027841,,5549.0,0.89,0.92,Transit,2016.0,Kepler,787.894,Super-Earth
Kepler-588 b,Kepler-588,2.63,0.23463288,7.41,0.0233,0.0,1176.0,718.075,0.052,4.221625357,,5835.0,1.0,1.01,Transit,2016.0,Kepler,1209.4,Neptunian
Kepler-589 b,Kepler-589,2.27,0.20251584,5.77,0.0182,0.0,656.0,32.142,0.1196,16.54964934,,5296.0,0.83,0.88,Transit,2016.0,Kepler,612.803,Super-Earth
Kepler-589 c,Kepler-589,1.11727238,0.09967654,1.45,0.00455,0.0,1098.0,344.61,0.0426,3.52466011,,5372.0,0.916,0.832,Transit,2021.0,Kepler,612.803,Terrestrial
Kepler-59 b,Kepler-59,1.1,0.098,4.1,0.01290004,0.0,864.0,187.51,0.09943,11.8681707,,6074.0,0.94,1.04,Transit,2012.0,Kepler,1163.22,Terrestrial
Kepler-59 c,Kepler-59,1.98,0.177,3.81,0.0119876,0.0,752.0,107.741,0.13114,17.9801235,,6074.0,0.94,1.04,Transit,2012.0,Kepler,1163.22,Super-Earth
Kepler-590 b,Kepler-590,4.02,0.35864038,15.2,0.0479,0.0,1056.0,782.415,0.0647,5.85296257,,6000.0,1.15,1.1,Transit,2016.0,Kepler,1421.81,Neptunian
Kepler-591 b,Kepler-591,3.39,0.30243554,11.4,0.0359,0.0,436.0,5.615,0.3554,81.1694299,,5677.0,0.94,0.97,Transit,2016.0,Kepler,785.137,Neptunian
Kepler-592 b,Kepler-592,2.39,0.21322152,6.3,0.0198,0.0,1367.0,935.827,0.0397,2.820192408,,5913.0,1.04,1.04,Transit,2016.0,Kepler,1153.13,Super-Earth
Kepler-593 b,Kepler-593,2.87,0.25604425,8.6,0.0271,0.0,706.0,61.02,0.1508,21.21708973,,5967.0,1.1,1.08,Transit,2016.0,Kepler,973.76,Neptunian
Kepler-594 b,Kepler-594,2.18,0.19448657,5.39,0.017,0.0,678.0,59.396,0.1089,13.64618192,,5485.0,0.87,0.91,Transit,2016.0,Kepler,769.2,Super-Earth
Kepler-595 b,Kepler-595,3.708,0.3308056,17.4,0.05474625,0.0,535.0,17.382,0.1582,25.3029092,,5138.5,0.821,0.93,Transit,2016.0,Kepler,643.009,Neptunian
Kepler-595 c,Kepler-595,1.009,0.09001695,3.3,0.01038291,0.0,679.0,50.23,0.0983,12.38602,,5138.5,0.821,0.93,Transit,2020.0,Kepler,643.009,Terrestrial
Kepler-596 b,Kepler-596,3.46,0.30868052,11.8,0.0372,0.0,725.0,82.302,0.15161,21.30022655,,6267.0,1.32,1.21,Transit,2016.0,Kepler,1023.85,Neptunian
Kepler-597 b,Kepler-597,2.37,0.21143724,6.21,0.0195,0.0,743.0,76.375,0.10916,13.02365861,,5683.0,0.95,0.97,Transit,2016.0,Kepler,663.418,Super-Earth
Kepler-598 b,Kepler-598,1.5,0.13382104,2.86,0.00899,0.0,1050.0,265.407,0.04487,3.70175428,,5307.0,0.86,0.87,Transit,2016.0,Kepler,681.086,Super-Earth
Kepler-598 c,Kepler-598,3.02420941,0.26980189,9.4,0.0296,0.0,367.0,3.7,0.36672,86.4945,,5245.0,0.900316,0.9,Transit,2020.0,Kepler,681.086,Neptunian
Kepler-599 b,Kepler-599,2.84,0.25336783,8.45,0.0266,0.0,623.0,24.467,0.1128,15.65562652,,5127.0,0.79,0.83,Transit,2016.0,Kepler,558.517,Neptunian
Kepler-6 b,Kepler-6,14.616536,1.304,212.31044,0.668,0.0,1460.0,792.218,0.04852,3.2346996,,5647.0,1.391,1.209,Transit,2009.0,Kepler,587.039,Gas Giant
Kepler-60 b,Kepler-60,1.71,0.15255598,4.19,0.01318315,0.0,1102.0,318.0,0.07255,7.1334,,5905.0,1.257,1.041,Transit,2012.0,Kepler,1025.1,Super-Earth
Kepler-60 c,Kepler-60,1.9,0.16950665,3.85,0.01211339,0.039,1023.0,236.0,0.08422,8.9187,,5905.0,1.257,1.041,Transit,2012.0,Kepler,1025.1,Super-Earth
Kepler-60 d,Kepler-60,1.99,0.17753591,4.16,0.01308876,0.002,929.0,161.0,0.10203,11.8981,,5905.0,1.257,1.041,Transit,2012.0,Kepler,1025.1,Super-Earth
Kepler-600 b,Kepler-600,2.9,0.25872067,8.75,0.0275,0.0,528.0,20.182,0.1536,23.67517607,,5279.0,0.81,0.84,Transit,2016.0,Kepler,619.723,Neptunian
Kepler-601 b,Kepler-601,1.9,0.16950665,4.27,0.0134,0.0,833.0,110.619,0.05494,5.378868441,,5160.0,0.79,0.85,Transit,2016.0,Kepler,414.825,Super-Earth
Kepler-602 b,Kepler-602,2.09,0.18645731,5.02,0.0158,0.0,852.0,128.783,0.1224,15.28469497,,6062.0,1.13,1.08,Transit,2016.0,Kepler,1159.31,Super-Earth
Kepler-603 b,Kepler-603,2.65,0.23641716,7.51,0.0236,0.0,731.0,97.8,0.16052,21.05358596,,5808.0,1.01,1.01,Transit,2016.0,Kepler,1539.63,Neptunian
Kepler-603 c,Kepler-603,6.5,0.57989116,34.5,0.108,0.0,401.0,8.8,0.53439,127.9075774,,5808.0,1.01,1.01,Transit,2016.0,Kepler,1539.63,Gas Giant
Kepler-603 d,Kepler-603,1.32,0.11776251,2.3,0.00724,0.0,1098.0,497.4,0.07117,6.2171292,,5808.0,1.01,1.01,Transit,2016.0,Kepler,1539.63,Terrestrial
Kepler-604 b,Kepler-604,2.59,0.23106432,7.22,0.0227,0.0,637.0,46.982,0.1735,25.85501786,,5890.0,1.03,1.02,Transit,2016.0,Kepler,1026.49,Neptunian
Kepler-605 b,Kepler-605,1.44,0.1284682,2.67,0.00839,0.0,1133.0,316.718,0.04244,3.383538066,,5462.0,0.88,0.91,Transit,2016.0,Kepler,556.58,Terrestrial
Kepler-605 c,Kepler-605,0.86,0.07672406,0.566,0.00178,0.0,1278.0,513.03,0.03336,2.358951515,,5462.0,0.88,0.91,Transit,2016.0,Kepler,556.58,Terrestrial
Kepler-606 b,Kepler-606,3.31,0.29529842,11.0,0.0345,0.0,683.0,71.843,0.17,24.31575992,,6161.0,1.22,1.13,Transit,2016.0,Kepler,1215.11,Neptunian
Kepler-607 b,Kepler-607,0.87,0.0776162,0.59,0.00186,0.0,1874.0,2302.613,0.0137,0.638163204,,5196.0,0.8,0.84,Transit,2016.0,Kepler,519.122,Terrestrial
Kepler-607 c,Kepler-607,2.76001201,0.2462322,8.05,0.0253,0.0,473.0,8.8,0.21507,39.67679977,,5244.0,0.888,0.808,Transit,2021.0,Kepler,519.122,Neptunian
Kepler-608 b,Kepler-608,3.64,0.32473905,12.9,0.0405,0.0,1069.0,270.162,0.0685,6.412515037,,5820.0,1.01,1.0,Transit,2016.0,Kepler,946.683,Neptunian
Kepler-609 b,Kepler-609,3.35,0.29886698,11.2,0.0352,0.0,932.0,258.059,0.0682,6.521210666,,5971.0,1.14,1.09,Transit,2016.0,Kepler,1065.82,Neptunian
Kepler-61 b,Kepler-61,2.15,0.192,5.27,0.0166,0.25,273.0,1.69,0.24861,59.87756,K7 V,4017.0,0.62,0.635,Transit,2013.0,Kepler,335.079,Super-Earth
Kepler-610 b,Kepler-610,4.19,0.37380676,16.3,0.0514,0.0,888.0,139.072,0.0719,6.996926554,,5943.0,1.13,1.1,Transit,2016.0,Kepler,845.824,Neptunian
Kepler-610 c,Kepler-610,3.3,0.29440628,10.9,0.0343,0.0,318.0,2.297,0.5594,151.86392,,5943.0,1.13,1.1,Transit,2016.0,Kepler,845.824,Neptunian
Kepler-611 b,Kepler-611,1.65,0.14720314,3.36,0.0106,0.0,1513.0,1825.301,0.0351,2.437033302,,5761.0,1.01,1.01,Transit,2016.0,Kepler,1395.56,Super-Earth
Kepler-612 b,Kepler-612,2.84,0.25336783,8.45,0.0266,0.0,1046.0,997.089,0.0452,3.722156413,,5693.0,0.96,0.98,Transit,2016.0,Kepler,1445.53,Neptunian
Kepler-613 b,Kepler-613,2.29,0.20430012,5.86,0.0184,0.0,713.0,66.269,0.1232,15.77979614,,5723.0,0.96,0.98,Transit,2016.0,Kepler,861.494,Super-Earth
Kepler-614 b,Kepler-614,2.39,0.21322152,6.3,0.0198,0.0,641.0,37.2,0.1027,14.03491514,,5268.0,0.81,0.85,Transit,2016.0,Kepler,527.995,Super-Earth
Kepler-615 b,Kepler-615,1.74,0.1552324,3.68,0.0116,0.0,620.0,19.18,0.085,10.35584657,,4655.0,0.69,0.73,Transit,2016.0,Kepler,330.0,Super-Earth
Kepler-616 b,Kepler-616,2.43,0.21679008,6.48,0.0204,0.0,860.0,129.18,0.0927,9.99761851,,5753.0,0.97,0.98,Transit,2016.0,Kepler,945.775,Super-Earth
Kepler-616 c,Kepler-616,3.41,0.30421982,11.5,0.0363,0.0,413.0,6.86,0.4024,90.4113556,,5753.0,0.97,0.98,Transit,2016.0,Kepler,945.775,Neptunian
Kepler-616 d,Kepler-616,2.653,0.23668521,7.52,0.0237,0.0,499.0,14.69,0.2749,51.06740189,,6004.0,0.977,1.061,Transit,2021.0,Kepler,945.775,Neptunian
Kepler-617 b,Kepler-617,1.32,0.11776251,2.3,0.00724,0.0,750.0,100.295,0.0219,1.682696148,M1 V,3712.0,0.48,0.51,Transit,2016.0,Kepler,173.354,Terrestrial
Kepler-618 b,Kepler-618,2.6,0.23195646,7.27,0.0229,0.0,1296.0,677.569,0.0449,3.595769645,,5860.0,1.08,1.05,Transit,2016.0,Kepler,1221.96,Neptunian
Kepler-619 b,Kepler-619,3.16,0.28191632,10.1,0.0319,0.0,1073.0,224.146,0.06014,5.404272197,,5980.0,1.11,1.09,Transit,2016.0,Kepler,900.678,Neptunian
Kepler-619 c,Kepler-619,1.69,0.1507717,3.5,0.011,0.0,1767.0,1652.907,0.02216,1.208465026,,5980.0,1.11,1.09,Transit,2016.0,Kepler,900.678,Super-Earth
Kepler-619 d,Kepler-619,4.17,0.37202312,16.2,0.051,0.0,830.0,112.07,0.1021,11.67894236,,6122.0,0.964,1.041,Transit,2023.0,Kepler,900.678,Neptunian
Kepler-62 b,Kepler-62,1.31,0.117,9.0,0.03,0.0,750.0,80.326,0.0553,5.714932,K2 V,4925.0,0.64,0.69,Transit,2013.0,Kepler,300.874,Terrestrial
Kepler-62 c,Kepler-62,0.54,0.048,4.0,0.013,0.0,578.0,28.489,0.0929,12.4417,K2 V,4925.0,0.64,0.69,Transit,2013.0,Kepler,300.874,Terrestrial
Kepler-62 d,Kepler-62,1.95,0.174,14.0,0.044,0.0,510.0,17.21,0.12,18.16406,K2 V,4925.0,0.64,0.69,Transit,2013.0,Kepler,300.874,Super-Earth
Kepler-62 e,Kepler-62,1.61,0.144,36.0,0.113,0.0,270.0,1.352,0.427,122.3874,K2 V,4925.0,0.64,0.69,Transit,2013.0,Kepler,300.874,Super-Earth
Kepler-62 f,Kepler-62,1.41,0.126,35.0,0.11,0.0,208.0,0.5,0.718,267.291,K2 V,4925.0,0.64,0.69,Transit,2013.0,Kepler,300.874,Terrestrial
Kepler-620 b,Kepler-620,3.32,0.29619056,11.0,0.0346,0.0,849.0,219.051,0.1053,12.91375431,,6155.0,1.22,1.15,Transit,2016.0,Kepler,1355.28,Neptunian
Kepler-621 b,Kepler-621,2.3,0.20519226,5.9,0.0186,0.0,737.0,69.56,0.031,2.628113746,,4521.0,0.68,0.72,Transit,2016.0,Kepler,389.0,Super-Earth
Kepler-622 b,Kepler-622,2.13,0.19002587,5.18,0.0163,0.0,446.0,12.486,0.0978,14.28226676,,4201.0,0.61,0.64,Transit,2016.0,Kepler,284.761,Super-Earth
Kepler-623 b,Kepler-623,3.01,0.26853421,9.32,0.0293,0.0,825.0,77.098,0.0854,9.07097734,,5443.0,0.86,0.9,Transit,2016.0,Kepler,737.702,Neptunian
Kepler-624 b,Kepler-624,2.31,0.2060844,5.95,0.0187,0.0,852.0,130.757,0.11638,14.58649607,,6117.0,1.18,1.1,Transit,2016.0,Kepler,748.188,Super-Earth
Kepler-625 b,Kepler-625,1.99,0.17753591,4.62,0.0145,0.0,852.0,407.833,0.08137,7.75192492,,5789.0,0.96,1.04,Transit,2016.0,Kepler,760.708,Super-Earth
Kepler-625 c,Kepler-625,1.05,0.09367473,1.16,0.00364,0.0,1048.0,932.132,0.05379,4.1653651,,5789.0,0.96,1.04,Transit,2016.0,Kepler,760.708,Terrestrial
Kepler-626 b,Kepler-626,2.29,0.20430012,5.86,0.0184,0.0,784.0,69.795,0.10913,14.48585199,,5813.0,1.05,1.01,Transit,2016.0,Kepler,635.643,Super-Earth
Kepler-627 b,Kepler-627,3.73,0.33276831,13.4,0.0422,0.0,685.0,39.303,0.22661,40.6994443,,6424.0,1.49,1.3,Transit,2016.0,Kepler,984.307,Neptunian
Kepler-629 b,Kepler-629,1.38,0.12311535,2.48,0.0078,0.0,816.0,103.147,0.07107,7.2385854,,5444.0,0.84,0.93,Transit,2016.0,Kepler,372.05,Terrestrial
Kepler-63 b,Kepler-63,6.11,0.545,120.0,0.378,0.45,791.0,100.371,0.08,9.4341505,G5,5576.0,0.901,0.984,Transit,2013.0,Kepler,194.033,Gas Giant
Kepler-630 b,Kepler-630,3.18,0.2837006,10.2,0.0322,0.0,343.0,5.568,0.56201,161.4743937,,5829.0,1.04,1.02,Transit,2016.0,Kepler,839.784,Neptunian
Kepler-631 b,Kepler-631,2.9,0.25872067,8.75,0.0275,0.0,828.0,94.137,0.14017,17.97979059,,6185.0,1.33,1.24,Transit,2016.0,Kepler,761.966,Neptunian
Kepler-632 b,Kepler-632,2.21,0.19716299,5.52,0.0174,0.0,500.0,14.72,0.1885,30.99660733,,5322.0,0.84,0.91,Transit,2016.0,Kepler,349.0,Super-Earth
Kepler-633 b,Kepler-633,1.63,0.14541886,3.29,0.0104,0.0,1021.0,454.5,0.08185,8.50340718,,5899.0,1.15,1.02,Transit,2016.0,Kepler,680.54,Super-Earth
Kepler-633 c,Kepler-633,2.296,0.20483575,5.89,0.0185,0.0,725.0,115.4,0.16246,23.78319931,,5877.0,1.265,0.997,Transit,2021.0,Kepler,680.54,Super-Earth
Kepler-634 b,Kepler-634,1.89,0.16861451,4.23,0.0133,0.0,1309.0,808.844,0.05765,5.16950177,,6075.0,1.24,1.03,Transit,2016.0,Kepler,888.027,Super-Earth
Kepler-635 b,Kepler-635,2.64,0.23552502,7.46,0.0235,0.0,802.0,193.927,0.18332,23.44971004,,6174.0,1.51,1.33,Transit,2016.0,Kepler,1141.08,Neptunian
Kepler-636 b,Kepler-636,4.45,0.39700241,18.1,0.057,0.0,614.0,67.509,0.1185,16.080661147,,5203.0,0.8,0.85,Transit,2016.0,Kepler,310.301,Neptunian
Kepler-637 b,Kepler-637,4.75,0.42376662,20.2,0.0636,0.0,1002.0,63.805,0.16619,23.20584623,,6096.0,2.56,1.64,Transit,2016.0,Kepler,786.091,Neptunian
Kepler-638 b,Kepler-638,1.83,0.16326166,4.01,0.0126,0.0,1111.0,872.567,0.06695,6.07972888,,5382.0,0.93,0.88,Transit,2016.0,Kepler,991.214,Super-Earth
Kepler-639 b,Kepler-639,2.38,0.21232938,6.26,0.0197,0.0,957.0,295.826,0.09358,10.21420496,,5896.0,1.29,1.14,Transit,2016.0,Kepler,850.242,Super-Earth
Kepler-640 b,Kepler-640,2.56,0.2283879,7.08,0.0223,0.0,609.0,35.062,0.15418,22.24813967,,5653.0,0.94,1.01,Transit,2016.0,Kepler,557.787,Neptunian
Kepler-641 b,Kepler-641,1.85,0.16504595,4.08,0.0128,0.0,926.0,311.788,0.0895,9.48961571,,5713.0,1.13,1.02,Transit,2016.0,Kepler,969.918,Super-Earth
Kepler-642 b,Kepler-642,2.9,0.25872067,8.75,0.0275,0.0,1810.0,719.373,0.05631,4.41745855,,6570.0,1.66,1.4,Transit,2016.0,Kepler,781.582,Neptunian
Kepler-643 b,Kepler-643,10.16,0.90641449,321.0083,1.01,0.37,963.0,211.711,0.13485,16.33889626,,4908.0,2.52,1.0,Transit,2016.0,Kepler,1063.58,Gas Giant
Kepler-644 b,Kepler-644,3.15,0.28102418,10.1,0.0317,0.0,1655.0,2381.77,0.04641,3.173917103,,6747.0,1.81,1.49,Transit,2016.0,Kepler,1318.05,Neptunian
Kepler-645 b,Kepler-645,2.1,0.18734945,5.06,0.0159,0.0,1730.0,1364.762,0.04541,3.275822621,,6170.0,1.21,1.13,Transit,2016.0,Kepler,1173.57,Super-Earth
Kepler-646 b,Kepler-646,1.99,0.17753591,4.62,0.0145,0.0,632.0,38.229,0.11251,15.87364565,,5634.0,0.91,0.93,Transit,2016.0,Kepler,451.794,Super-Earth
Kepler-647 b,Kepler-647,1.17,0.10438041,1.71,0.00537,0.0,788.0,162.794,0.12237,16.2254649,,6020.0,1.07,1.03,Transit,2016.0,Kepler,1087.87,Terrestrial
Kepler-647 c,Kepler-647,4.00135002,0.35697654,15.1,0.0476,0.0,644.0,69.0,0.18291,29.6663,,5906.74,1.54571,1.07,Transit,2020.0,Kepler,1087.87,Neptunian
Kepler-648 b,Kepler-648,3.22,0.28726916,10.5,0.0329,0.0,674.0,47.336,0.13324,17.4211749,,5741.0,0.98,1.05,Transit,2016.0,Kepler,636.03,Neptunian
Kepler-649 b,Kepler-649,2.26,0.2016237,5.73,0.018,0.0,564.0,25.147,0.17522,29.90722674,,5871.0,0.94,0.97,Transit,2016.0,Kepler,513.748,Super-Earth
Kepler-65 b,Kepler-65,1.42,0.127,2.4,0.0076,0.028,1740.0,2316.095,0.035,2.15491,,6211.0,1.41,1.25,Transit,2012.0,Kepler,303.728,Terrestrial
Kepler-65 c,Kepler-65,2.58,0.23,5.4,0.017,0.02,1246.0,609.992,0.068,5.859944,,6211.0,1.41,1.25,Transit,2012.0,Kepler,303.728,Neptunian
Kepler-65 d,Kepler-65,1.52,0.136,4.14,0.013,0.014,1117.0,394.549,0.084,8.13123,,6211.0,1.41,1.25,Transit,2012.0,Kepler,303.728,Super-Earth
Kepler-65 e,Kepler-65,13.9,1.24,260.0,0.82,0.283,,,0.8539307544,258.8,,6220.0,1.437,1.248,Radial Velocity,2019.0,W. M. Keck Observatory,303.728,Gas Giant
Kepler-650 b,Kepler-650,2.96,0.26407351,9.06,0.0285,0.0,1507.0,1218.88,0.0421,3.032145588,,5849.0,1.35,1.08,Transit,2016.0,Kepler,884.378,Neptunian
Kepler-651 b,Kepler-651,2.37,0.21143724,6.21,0.0195,0.0,574.0,27.223,0.14078,21.38521506,,5522.0,0.87,0.92,Transit,2016.0,Kepler,509.408,Super-Earth
Kepler-652 b,Kepler-652,2.49,0.22214292,6.76,0.0213,0.0,974.0,211.884,0.04958,4.182002531,,5490.0,0.88,0.97,Transit,2016.0,Kepler,394.55,Super-Earth
Kepler-653 b,Kepler-653,1.95,0.17396735,4.46,0.014,0.0,819.0,90.384,0.11945,14.70748976,,5665.0,1.19,1.02,Transit,2016.0,Kepler,595.634,Super-Earth
Kepler-653 c,Kepler-653,0.78,0.06958694,0.399,0.00126,0.0,2078.0,3743.275,0.01855,0.900376476,,5665.0,1.19,1.02,Transit,2016.0,Kepler,595.634,Terrestrial
Kepler-654 b,Kepler-654,2.07,0.18467303,4.94,0.0155,0.0,831.0,229.311,0.11664,13.72465129,,5865.0,1.11,1.04,Transit,2016.0,Kepler,974.124,Super-Earth
Kepler-655 b,Kepler-655,2.71,0.24177001,7.8,0.0245,0.0,588.0,28.767,0.25697,46.4063358,,6170.0,1.24,1.15,Transit,2016.0,Kepler,752.562,Neptunian
Kepler-656 b,Kepler-656,3.12,0.27834776,9.91,0.0312,0.0,1569.0,924.374,0.02231,1.260259094,,5281.0,0.82,0.86,Transit,2016.0,Kepler,890.352,Neptunian
Kepler-656 c,Kepler-656,1.41,0.12579199,2.57,0.00809,0.0,975.0,213.25,0.0602,5.25449393,,5550.0,0.954,1.05,Transit,2023.0,Kepler,890.352,Terrestrial
Kepler-657 b,Kepler-657,3.52,0.31403337,12.2,0.0383,0.0,616.0,62.2,0.17337,24.54350418,,5808.0,1.01,1.01,Transit,2016.0,Kepler,1691.88,Neptunian
Kepler-658 b,Kepler-658,1.63,0.14541886,3.29,0.0104,0.0,871.0,223.745,0.0188,1.287076762,,4103.0,0.6,0.63,Transit,2016.0,Kepler,388.384,Super-Earth
Kepler-659 b,Kepler-659,2.5,0.22303506,6.8,0.0214,0.0,513.0,21.309,0.1204,17.671796,,4870.0,0.74,0.79,Transit,2016.0,Kepler,722.64,Super-Earth
Kepler-66 b,Kepler-66,2.8,0.25,8.25,0.0259,0.0,699.0,62.845,0.1352,17.815815,G0 V,5962.0,0.966,1.038,Transit,2013.0,Kepler,1202.96,Neptunian
Kepler-660 b,Kepler-660,2.57,0.22928004,7.13,0.0224,0.0,649.0,44.09,0.0759,9.27358194,,4779.0,0.71,0.75,Transit,2016.0,Kepler,568.431,Neptunian
Kepler-661 b,Kepler-661,3.07,0.27388706,9.64,0.0303,0.0,678.0,45.528,0.0585,6.029301321,,4483.0,0.67,0.7,Transit,2016.0,Kepler,534.788,Neptunian
Kepler-662 b,Kepler-662,2.18,0.19448657,5.39,0.017,0.0,530.0,23.824,0.1408,21.67697486,,4897.0,0.74,0.79,Transit,2016.0,Kepler,815.637,Super-Earth
Kepler-663 b,Kepler-663,2.6,0.23195646,7.27,0.0229,0.0,917.0,167.979,0.0559,4.99678284,,5264.0,0.82,0.86,Transit,2016.0,Kepler,1063.09,Neptunian
Kepler-664 b,Kepler-664,2.66,0.23730931,7.56,0.0238,0.0,1406.0,652.435,0.0374,2.525593315,,5754.0,1.02,1.01,Transit,2016.0,Kepler,1210.12,Neptunian
Kepler-665 b,Kepler-665,2.6,0.23195646,7.27,0.0229,0.0,593.0,20.719,0.1148,16.01310205,,4913.0,0.74,0.79,Transit,2016.0,Kepler,612.838,Neptunian
Kepler-666 b,Kepler-666,2.4,0.21411366,6.35,0.02,0.0,1133.0,575.644,0.0542,4.49876092,,5887.0,1.05,1.03,Transit,2016.0,Kepler,1508.71,Super-Earth
Kepler-667 b,Kepler-667,4.73,0.42198234,20.1,0.0632,0.0,516.0,71.817,0.2288,41.43962808,,5327.0,0.87,0.91,Transit,2016.0,Kepler,2302.45,Neptunian
Kepler-668 b,Kepler-668,2.7,0.24087787,7.75,0.0244,0.0,790.0,77.619,0.0768,8.35390639,,5352.0,0.82,0.87,Transit,2016.0,Kepler,784.618,Neptunian
Kepler-669 b,Kepler-669,4.83,0.43090374,20.8,0.0655,0.0,1243.0,826.765,0.0529,4.125546869,,6038.0,1.2,1.15,Transit,2016.0,Kepler,2063.41,Neptunian
Kepler-67 b,Kepler-67,2.94,0.262,8.96,0.0282,0.0,602.0,30.6,0.1171,15.7259,G9 V,5331.0,0.778,0.865,Transit,2013.0,Kepler,1131.19,Neptunian
Kepler-670 b,Kepler-670,13.18,1.17584084,,,0.0,1219.0,528.223,0.0383,2.816504852,,5709.0,0.99,0.99,Transit,2016.0,Kepler,939.744,Gas Giant
Kepler-671 b,Kepler-671,2.69,0.23998573,7.7,0.0242,0.0,1012.0,331.438,0.0503,4.280958588,,5624.0,0.95,0.97,Transit,2016.0,Kepler,1168.26,Neptunian
Kepler-672 b,Kepler-672,2.5,0.22303506,6.8,0.0214,0.0,529.0,16.36,0.2163,38.3774623,,5627.0,0.92,0.95,Transit,2016.0,Kepler,1033.93,Super-Earth
Kepler-673 b,Kepler-673,6.54,0.58345972,34.8,0.11,0.0,1023.0,253.456,0.0455,3.728731093,,5355.0,0.84,0.88,Transit,2016.0,Kepler,918.21,Gas Giant
Kepler-674 b,Kepler-674,1.69,0.1507717,3.5,0.011,0.0,822.0,146.511,0.028,2.243381847,,4192.0,0.57,0.6,Transit,2016.0,Kepler,342.254,Super-Earth
Kepler-675 b,Kepler-675,2.44,0.21768222,6.53,0.0205,0.0,1070.0,308.547,0.0325,2.33743801,,4945.0,0.75,0.79,Transit,2016.0,Kepler,665.68,Super-Earth
Kepler-676 b,Kepler-676,3.04,0.27121063,9.48,0.0298,0.0,396.0,8.241,0.0798,11.59822172,,3701.0,0.49,0.51,Transit,2016.0,Kepler,295.196,Neptunian
Kepler-677 b,Kepler-677,5.38,0.47997145,25.0,0.0786,0.0,1015.0,683.274,0.067,6.57531678,,5723.0,0.99,1.0,Transit,2016.0,Kepler,1954.08,Neptunian
Kepler-678 b,Kepler-678,5.14,0.45856009,23.1,0.0728,0.0,833.0,113.64,0.0732,7.27503724,,5520.0,0.91,0.94,Transit,2016.0,Kepler,1826.15,Neptunian
Kepler-679 b,Kepler-679,3.01,0.26853421,9.32,0.0293,0.0,677.0,56.002,0.0983,12.39358604,,5403.0,0.84,0.87,Transit,2016.0,Kepler,922.244,Neptunian
Kepler-68 b,Kepler-68,2.357,0.21027782,8.03,0.02526521,0.09,1275.0,441.0,0.06135,5.39875259,,5847.0,1.2564,1.057,Transit,2013.0,Kepler,144.166,Super-Earth
Kepler-68 c,Kepler-68,0.979,0.08734068,1.3,0.00409026,0.099,1052.0,204.0,0.09008,9.605027,,5847.0,1.2564,1.057,Transit,2013.0,Kepler,144.166,Terrestrial
Kepler-68 d,Kepler-68,13.9,1.24,267.0,0.84007174,0.102,,,1.469,632.62,,5847.0,1.2564,1.057,Radial Velocity,2013.0,W. M. Keck Observatory,144.166,Gas Giant
Kepler-68 e,Kepler-68,11.2,0.997,86.4493267,0.272,0.33,,,4.6,3455.0,,5847.0,1.2564,1.057,Radial Velocity,2023.0,Roque de los Muchachos Observatory,144.166,Gas Giant
Kepler-680 b,Kepler-680,2.42,0.21589794,6.44,0.0203,0.0,1147.0,706.62,0.0469,3.689926291,,5890.0,1.11,1.08,Transit,2016.0,Kepler,1492.48,Super-Earth
Kepler-681 b,Kepler-681,3.08,0.2747792,9.69,0.0305,0.0,489.0,14.151,0.1635,26.39435646,,5021.0,0.76,0.8,Transit,2016.0,Kepler,686.923,Neptunian
Kepler-682 b,Kepler-682,7.37,0.65750736,42.6,0.134,0.0,753.0,306.102,0.1058,12.611906672,,5559.0,0.89,0.92,Transit,2016.0,Kepler,1979.25,Gas Giant
Kepler-683 b,Kepler-683,1.97,0.17575163,4.54,0.0143,0.0,1332.0,702.281,0.0355,2.539183179,,5703.0,0.95,0.96,Transit,2016.0,Kepler,1023.07,Super-Earth
Kepler-684 b,Kepler-684,3.36,0.29975912,11.2,0.0354,0.0,812.0,102.87,0.064,6.770302008,,5493.0,0.86,0.89,Transit,2016.0,Kepler,1731.27,Neptunian
Kepler-685 b,Kepler-685,10.58,0.94388438,78.8,0.248,0.0,1579.0,1137.124,0.0265,1.6255222,,5963.0,1.16,1.11,Transit,2016.0,Kepler,938.715,Gas Giant
Kepler-686 b,Kepler-686,12.15,1.0839504,,,0.0,1539.0,2132.903,0.0258,1.594745463,,5649.0,0.92,0.94,Transit,2016.0,Kepler,1490.94,Gas Giant
Kepler-687 b,Kepler-687,3.52,0.31403337,12.2,0.0383,0.0,518.0,15.648,0.1326,20.50586978,,4841.0,0.73,0.77,Transit,2016.0,Kepler,633.66,Neptunian
Kepler-688 b,Kepler-688,9.76,0.87072888,68.7,0.216,0.0,1005.0,458.912,0.046,3.895936844,,5715.0,0.96,0.98,Transit,2016.0,Kepler,1357.75,Gas Giant
Kepler-689 b,Kepler-689,2.89,0.25782853,8.7,0.0274,0.0,536.0,35.337,0.1449,22.36656079,,5518.0,0.88,0.91,Transit,2016.0,Kepler,1131.73,Neptunian
Kepler-69 b,Kepler-69,2.24,0.2,5.65,0.0178,0.16,779.0,123.517,0.094,13.722341,G4 V,5638.0,0.93,0.81,Transit,2013.0,Kepler,730.625,Super-Earth
Kepler-69 c,Kepler-69,1.71,0.153,3.57,0.0112,0.14,299.0,2.687,0.64,242.4613,G4 V,5638.0,0.93,0.81,Transit,2013.0,Kepler,730.625,Super-Earth
Kepler-690 b,Kepler-690,5.95,0.53082345,29.6,0.0933,0.0,964.0,225.701,0.081,7.748094374,,5913.0,1.16,1.11,Transit,2016.0,Kepler,1665.31,Neptunian
Kepler-691 b,Kepler-691,2.09,0.18645731,5.02,0.0158,0.0,460.0,12.995,0.0649,8.114379,,3715.0,0.5,0.53,Transit,2016.0,Kepler,279.115,Super-Earth
Kepler-692 b,Kepler-692,3.11,0.27745562,9.85,0.031,0.0,639.0,28.504,0.1495,21.81293494,,5440.0,0.86,0.9,Transit,2016.0,Kepler,991.336,Neptunian
Kepler-693 b,Kepler-693,10.18,0.90819877,73.8,0.232,0.0,600.0,31.641,0.1121,15.37563332,,4881.0,0.72,0.76,Transit,2016.0,Kepler,1151.51,Gas Giant
Kepler-694 b,Kepler-694,2.8,0.24979927,8.25,0.0259,0.0,914.0,206.438,0.0659,6.365841612,,5700.0,0.95,0.97,Transit,2016.0,Kepler,1023.06,Neptunian
Kepler-695 b,Kepler-695,9.21,0.82166117,62.3,0.196,0.0,1021.0,499.064,0.0374,3.040330424,,5181.0,0.8,0.84,Transit,2016.0,Kepler,842.947,Gas Giant
Kepler-696 b,Kepler-696,6.14,0.54777411,31.3,0.0984,0.0,1234.0,607.525,0.0535,4.190425575,,5903.0,1.08,1.06,Transit,2016.0,Kepler,1416.44,Gas Giant
Kepler-697 b,Kepler-697,4.13,0.36845392,16.0,0.0502,0.0,1151.0,472.236,0.0471,3.709870645,,5513.0,0.88,0.92,Transit,2016.0,Kepler,1277.33,Neptunian
Kepler-698 b,Kepler-698,3.68,0.32830761,13.1,0.0413,0.0,727.0,172.557,0.1255,16.32976218,,5612.0,0.91,0.94,Transit,2016.0,Kepler,1995.57,Neptunian
Kepler-7 b,Kepler-7,18.180998,1.622,140.16303,0.441,0.0,1630.0,1375.11,0.06067,4.8854892,,5933.0,1.966,1.359,Transit,2009.0,Kepler,922.562,Gas Giant
Kepler-700 b,Kepler-700,5.99,0.53439201,30.0,0.0944,0.0,452.0,12.071,0.3577,80.8720639,,5692.0,0.96,0.98,Transit,2016.0,Kepler,1491.76,Neptunian
Kepler-701 b,Kepler-701,2.84,0.25336783,8.45,0.0266,0.0,777.0,75.623,0.0895,10.35533177,,5343.0,0.84,0.88,Transit,2016.0,Kepler,774.152,Neptunian
Kepler-702 b,Kepler-702,9.17,0.8180926,61.8,0.194,0.0,713.0,88.906,0.088,10.526294063,,5419.0,0.86,0.9,Transit,2016.0,Kepler,992.071,Gas Giant
Kepler-703 b,Kepler-703,8.2,0.731555,51.1,0.161,0.0,1038.0,373.108,0.0535,4.583521756,,6185.0,1.27,1.18,Transit,2016.0,Kepler,1156.83,Gas Giant
Kepler-704 b,Kepler-704,2.61,0.2328486,7.32,0.023,0.0,1121.0,514.124,0.047,3.76182115,,5616.0,0.96,0.97,Transit,2016.0,Kepler,1228.83,Neptunian
Kepler-705 b,Kepler-705,2.11,0.18824159,5.1,0.016,0.0,265.0,0.729,0.232,56.0560538,,3722.0,0.51,0.53,Transit,2016.0,Kepler,276.881,Super-Earth
Kepler-707 b,Kepler-707,1.33,0.11865465,2.33,0.00733,0.0,1160.0,336.673,0.0325,2.237492751,,5099.0,0.76,0.8,Transit,2016.0,Kepler,591.776,Terrestrial
Kepler-708 b,Kepler-708,2.93,0.26139709,8.91,0.028,0.0,1221.0,684.765,0.0426,3.167891938,,5692.0,0.96,0.97,Transit,2016.0,Kepler,1394.22,Neptunian
Kepler-709 b,Kepler-709,2.92,0.26050495,8.85,0.0279,0.0,613.0,28.216,0.1173,16.08524954,,5071.0,0.77,0.8,Transit,2016.0,Kepler,664.843,Neptunian
Kepler-710 b,Kepler-710,1.88,0.16772237,4.19,0.0132,0.0,1174.0,710.872,0.0524,4.347285527,,5611.0,0.91,0.94,Transit,2016.0,Kepler,1448.34,Super-Earth
Kepler-711 b,Kepler-711,3.41,0.30421982,11.5,0.0363,0.0,487.0,15.569,0.1429,23.58914398,,5222.0,0.8,0.84,Transit,2016.0,Kepler,624.575,Neptunian
Kepler-712 b,Kepler-712,3.41,0.30421982,11.5,0.0363,0.0,521.0,15.801,0.13615,21.02247699,,5148.0,0.78,0.84,Transit,2016.0,Kepler,872.493,Neptunian
Kepler-712 c,Kepler-712,4.85,0.43268802,21.0,0.0659,0.0,236.0,0.662,0.66479,226.89047,,5148.0,0.78,0.84,Transit,2016.0,Kepler,872.493,Neptunian
Kepler-713 b,Kepler-713,2.48,0.22125078,6.71,0.0211,0.0,905.0,228.283,0.0748,7.411141,,5785.0,0.99,0.98,Transit,2016.0,Kepler,1089.87,Super-Earth
Kepler-714 b,Kepler-714,9.67,0.86269962,67.6,0.213,0.0,986.0,484.006,0.0832,8.098887986,,5995.0,1.12,1.09,Transit,2016.0,Kepler,2083.37,Gas Giant
Kepler-715 b,Kepler-715,3.75,0.33455259,13.5,0.0426,0.0,876.0,181.408,0.0933,10.00652995,,5871.0,1.04,1.04,Transit,2016.0,Kepler,1327.44,Neptunian
Kepler-716 b,Kepler-716,2.9,0.25872067,8.75,0.0275,0.0,720.0,42.493,0.08628,10.37168453,,5099.0,0.78,0.83,Transit,2016.0,Kepler,635.009,Neptunian
Kepler-716 c,Kepler-716,1.39281536,0.12425866,2.52,0.00793,0.0,992.0,151.8,0.04548,3.96999,,5012.0,0.742183,0.83,Transit,2020.0,Kepler,635.009,Terrestrial
Kepler-717 b,Kepler-717,2.42,0.21589794,6.44,0.0203,0.0,1139.0,398.0,0.052,4.40840023,,5485.0,0.85,0.88,Transit,2016.0,Kepler,2805.48,Super-Earth
Kepler-718 b,Kepler-718,16.56,1.47738424,,,0.0,1497.0,1324.2,0.0322,2.052349905,,6191.0,1.3,1.18,Transit,2016.0,Kepler,1302.33,Gas Giant
Kepler-719 b,Kepler-719,8.52,0.76010349,54.5,0.172,0.0,998.0,234.28,0.0556,5.007317779,,5777.0,0.98,0.99,Transit,2016.0,Kepler,2497.51,Gas Giant
Kepler-720 b,Kepler-720,8.41,0.75028995,53.4,0.168,0.0,1162.0,384.561,0.0539,4.708326542,,5618.0,0.92,0.95,Transit,2016.0,Kepler,1065.37,Gas Giant
Kepler-721 b,Kepler-721,2.64,0.23552502,7.46,0.0235,0.0,850.0,138.751,0.0583,5.392025388,,5075.0,0.78,0.82,Transit,2016.0,Kepler,926.598,Neptunian
Kepler-722 b,Kepler-722,2.63,0.23463288,7.41,0.0233,0.0,1182.0,414.601,0.0514,4.093573252,,5863.0,1.05,1.03,Transit,2016.0,Kepler,1239.5,Neptunian
Kepler-722 c,Kepler-722,2.82,0.25158355,8.35,0.0263,0.0,401.0,5.48,0.4471,105.144749,,5863.0,1.05,1.03,Transit,2016.0,Kepler,1239.5,Neptunian
Kepler-723 b,Kepler-723,12.19,1.08751896,,,0.0,1016.0,251.48,0.0479,4.082275068,,5539.0,0.89,0.92,Transit,2016.0,Kepler,1071.8,Gas Giant
Kepler-724 b,Kepler-724,3.29,0.29351414,10.8,0.0341,0.0,1155.0,339.401,0.0433,3.314946338,,5437.0,0.86,0.9,Transit,2016.0,Kepler,853.119,Neptunian
Kepler-725 b,Kepler-725,10.8,0.96351312,81.6,0.257,0.231,514.0,12.1,0.2238,39.64372,,5395.0,0.88,0.95,Transit,2016.0,Kepler,758.469,Gas Giant
Kepler-725 c,Kepler-725,3.08,0.275,9.7,0.03051961,0.436,268.0,1.4,0.6744,207.541,,5395.0,0.88,0.95,Transit Timing Variations,2025.0,Kepler,758.469,Neptunian
Kepler-726 b,Kepler-726,3.26,0.29083772,10.7,0.0336,0.0,543.0,25.296,0.1406,21.80451088,,5452.0,0.85,0.88,Transit,2016.0,Kepler,762.081,Neptunian
Kepler-727 b,Kepler-727,2.53,0.22571148,6.94,0.0218,0.0,964.0,176.685,0.0546,5.154484417,,5441.0,0.86,0.89,Transit,2016.0,Kepler,831.842,Neptunian
Kepler-728 b,Kepler-728,3.34,0.29797484,11.1,0.035,0.0,982.0,484.51,0.0625,5.743477265,,5660.0,0.93,0.95,Transit,2016.0,Kepler,1765.23,Neptunian
Kepler-729 b,Kepler-729,3.58,0.31938621,12.5,0.0394,0.0,1273.0,1089.549,0.0432,3.166353714,,5633.0,0.91,0.94,Transit,2016.0,Kepler,1921.15,Neptunian
Kepler-730 b,Kepler-730,12.3299,1.1,,,0.0,1219.0,418.797,0.0694,6.491682808,,5620.0,1.411,1.047,Transit,2016.0,Kepler,1935.04,Gas Giant
Kepler-730 c,Kepler-730,1.56926,0.14,3.09,0.00971,0.0,1607.0,903.77,0.03997,2.85188338,,5620.0,1.411,1.047,Transit,2018.0,Kepler,1935.04,Super-Earth
Kepler-731 b,Kepler-731,13.88,1.23829066,,,0.0,1212.0,456.703,0.0505,3.855603551,,5849.0,1.06,1.03,Transit,2016.0,Kepler,1257.16,Gas Giant
Kepler-732 b,Kepler-732,2.18,0.19448657,5.39,0.017,0.0,407.0,8.559,0.0691,9.467814048,,3631.0,0.46,0.49,Transit,2016.0,Kepler,174.826,Super-Earth
Kepler-732 c,Kepler-732,1.27,0.11330181,2.15,0.00678,0.0,893.0,199.846,0.0143,0.893041236,,3631.0,0.46,0.49,Transit,2016.0,Kepler,174.826,Terrestrial
Kepler-733 b,Kepler-733,2.82,0.25158355,8.35,0.0263,0.0,595.0,24.507,0.1483,20.83424726,,5418.0,0.86,0.9,Transit,2016.0,Kepler,916.706,Neptunian
Kepler-734 b,Kepler-734,3.56,0.31760193,12.4,0.039,0.0,784.0,89.25,0.0583,6.104852856,,5326.0,0.78,0.85,Transit,2016.0,Kepler,1157.21,Neptunian
Kepler-735 b,Kepler-735,2.95,0.26318137,9.01,0.0283,0.0,657.0,32.679,0.0965,11.51516988,,5107.0,0.8,0.85,Transit,2016.0,Kepler,695.059,Neptunian
Kepler-736 b,Kepler-736,2.93,0.26139709,8.91,0.028,0.0,996.0,233.031,0.0428,3.60147201,,5217.0,0.81,0.86,Transit,2016.0,Kepler,1005.43,Neptunian
Kepler-737 b,Kepler-737,1.96,0.17485949,4.5,0.0142,0.0,298.0,2.297,0.1422,28.59915399,,3813.0,0.48,0.51,Transit,2016.0,Kepler,205.118,Super-Earth
Kepler-738 b,Kepler-738,2.5,0.22303506,6.8,0.0214,0.0,530.0,27.644,0.1552,24.58721573,,5327.0,0.82,0.86,Transit,2016.0,Kepler,1113.65,Super-Earth
Kepler-739 b,Kepler-739,3.32,0.29619056,11.0,0.0346,0.0,775.0,115.963,0.1054,12.53248465,,5601.0,0.9,0.93,Transit,2016.0,Kepler,1370.65,Neptunian
Kepler-74 b,Kepler-74,10.76,0.96,200.22,0.63,0.0,1078.0,337.682,0.0781,7.340711,F8 V,6000.0,1.12,1.18,Transit,2013.0,Kepler,1177.55,Gas Giant
Kepler-740 b,Kepler-740,4.57,0.40770809,18.9,0.0596,0.0,1131.0,432.866,0.0462,3.584101216,,5438.0,0.87,0.91,Transit,2016.0,Kepler,1442.02,Neptunian
Kepler-741 b,Kepler-741,2.97,0.26496565,9.11,0.0287,0.0,1051.0,461.993,0.0744,7.03902374,,6129.0,1.24,1.16,Transit,2016.0,Kepler,1661.87,Neptunian
Kepler-742 b,Kepler-742,3.24,0.28905344,10.6,0.0332,0.0,690.0,38.101,0.0744,8.360868238,,4642.0,0.71,0.76,Transit,2016.0,Kepler,489.253,Neptunian
Kepler-743 b,Kepler-743,1.21,0.10794897,1.92,0.00606,0.0,1101.0,397.252,0.04166,3.179262921,,5486.0,0.85,0.94,Transit,2016.0,Kepler,278.987,Terrestrial
Kepler-744 b,Kepler-744,1.62,0.14452672,3.26,0.0102,0.0,750.0,62.955,0.09735,12.06222443,,5594.0,0.93,0.94,Transit,2016.0,Kepler,449.964,Super-Earth
Kepler-745 b,Kepler-745,2.16,0.19270229,5.31,0.0167,0.0,931.0,286.026,0.0915,9.93143556,,5849.0,1.04,1.04,Transit,2016.0,Kepler,1780.38,Super-Earth
Kepler-746 b,Kepler-746,1.11,0.09902757,1.41,0.00444,0.0,1156.0,421.61,0.0435,3.48159251,,5418.0,0.93,0.91,Transit,2016.0,Kepler,450.0,Terrestrial
Kepler-747 b,Kepler-747,5.27,0.47015791,24.1,0.0759,0.0,456.0,10.19,0.1916,35.61760587,,5096.0,0.78,0.82,Transit,2016.0,Kepler,3347.16,Neptunian
Kepler-748 b,Kepler-748,2.52,0.22481934,6.9,0.0217,0.0,938.0,439.778,0.0745,7.40742793,,5934.0,1.1,1.07,Transit,2016.0,Kepler,1705.99,Neptunian
Kepler-749 b,Kepler-749,3.1,0.27656348,9.8,0.0308,0.0,454.0,24.631,0.1054,17.31716585,,5009.0,0.75,0.79,Transit,2016.0,Kepler,721.027,Neptunian
Kepler-75 b,Kepler-75,11.77,1.05,3209.9,10.1,0.57,767.0,106.484,0.0818,8.8849116,K0 V,5200.0,0.89,0.91,Transit,2013.0,Kepler,835.356,Gas Giant
Kepler-750 b,Kepler-750,3.07,0.27388706,9.64,0.0303,0.0,1163.0,255.74,0.08742,9.42887179,,6160.0,1.23,1.15,Transit,2016.0,Kepler,1296.02,Neptunian
Kepler-750 c,Kepler-750,1.62,0.14452672,3.26,0.0102,0.0,1537.0,778.592,0.05009,4.08899022,,6160.0,1.23,1.15,Transit,2016.0,Kepler,1296.02,Super-Earth
Kepler-751 b,Kepler-751,2.46,0.2194665,6.62,0.0208,0.0,679.0,39.01,0.1263,17.44490636,,5387.0,0.84,0.87,Transit,2016.0,Kepler,760.43,Super-Earth
Kepler-752 b,Kepler-752,2.81,0.25069141,8.3,0.0261,0.0,632.0,45.278,0.1353,18.82747265,,5373.0,0.83,0.87,Transit,2016.0,Kepler,1232.29,Neptunian
Kepler-753 b,Kepler-753,1.91,0.17039879,4.31,0.0136,0.0,641.0,41.674,0.054,5.747725012,,4346.0,0.65,0.68,Transit,2016.0,Kepler,274.767,Super-Earth
Kepler-754 b,Kepler-754,2.01,0.17932019,4.7,0.0148,0.0,758.0,216.473,0.116,14.5596237,,5935.0,1.08,1.06,Transit,2016.0,Kepler,1770.27,Super-Earth
Kepler-755 b,Kepler-755,1.76,0.15701668,3.75,0.0118,0.0,1331.0,889.888,0.02156,1.269090374,,5043.0,0.77,0.82,Transit,2016.0,Kepler,399.034,Super-Earth
Kepler-755 c,Kepler-755,1.26,0.11240967,2.13,0.00669,0.0,1016.0,302.574,0.037,2.853133644,,5043.0,0.77,0.82,Transit,2016.0,Kepler,399.034,Terrestrial
Kepler-756 b,Kepler-756,1.12,0.09991971,1.46,0.00459,0.0,1741.0,2174.33,0.0219,1.224866322,,5282.0,0.79,0.82,Transit,2016.0,Kepler,852.0,Terrestrial
Kepler-757 b,Kepler-757,1.36,0.12133107,2.42,0.00761,0.0,1734.0,3345.453,0.019,1.022678821,,6014.0,1.13,1.08,Transit,2016.0,Kepler,1068.68,Terrestrial
Kepler-758 b,Kepler-758,2.48,0.22125078,6.71,0.0211,0.0,1005.0,349.193,0.10754,12.1097104,,6228.0,1.42,1.16,Transit,2016.0,Kepler,1502.32,Super-Earth
Kepler-758 c,Kepler-758,1.69,0.1507717,3.5,0.011,0.0,1372.0,1211.822,0.05768,4.75793986,,6228.0,1.42,1.16,Transit,2016.0,Kepler,1502.32,Super-Earth
Kepler-758 d,Kepler-758,2.12,0.18913373,5.14,0.0162,0.0,843.0,173.171,0.1527,20.4966197,,6228.0,1.42,1.16,Transit,2016.0,Kepler,1502.32,Super-Earth
Kepler-758 e,Kepler-758,1.53,0.13649746,2.96,0.0093,0.0,1144.0,588.402,0.0829,8.1934719,,6228.0,1.42,1.16,Transit,2016.0,Kepler,1502.32,Super-Earth
Kepler-759 b,Kepler-759,2.27,0.20251584,5.77,0.0182,0.0,533.0,19.02,0.2329,41.805985,,5860.0,1.04,1.04,Transit,2016.0,Kepler,1073.48,Super-Earth
Kepler-76 b,Kepler-76,15.24424,1.36,638.8383,2.01,0.0,2140.0,3583.673,0.0274,1.5449298,F,6409.0,1.32,1.2,Orbital Brightness Modulation,2013.0,Kepler,822.96,Gas Giant
Kepler-760 b,Kepler-760,3.06,0.27299491,9.59,0.0302,0.0,748.0,84.406,0.08087,8.70419416,,5322.0,0.85,0.89,Transit,2016.0,Kepler,792.336,Neptunian
Kepler-760 c,Kepler-760,1.48,0.13203676,2.79,0.00879,0.0,1139.0,453.648,0.03489,2.46697439,,5322.0,0.85,0.89,Transit,2016.0,Kepler,792.336,Terrestrial
Kepler-761 b,Kepler-761,2.03,0.18110447,4.78,0.015,0.0,767.0,95.447,0.0874,10.12804789,,5706.0,0.93,0.95,Transit,2016.0,Kepler,830.707,Super-Earth
Kepler-762 b,Kepler-762,12.68,1.13123383,,,0.0,1302.0,1065.734,0.0493,3.770552098,,5944.0,1.08,1.06,Transit,2016.0,Kepler,1898.26,Gas Giant
Kepler-763 b,Kepler-763,1.22,0.10884111,1.98,0.00624,0.0,1414.0,974.089,0.0205,1.19655156,,5166.0,0.8,0.84,Transit,2016.0,Kepler,962.459,Terrestrial
Kepler-763 c,Kepler-763,1.42,0.12668413,2.6,0.00819,0.0,938.0,182.9,0.0466,4.09667624,,4999.0,0.843,0.8,Transit,2023.0,Kepler,962.459,Terrestrial
Kepler-763 d,Kepler-763,1.67,0.14898768,3.43,0.0108,0.0,804.0,98.81,0.0634,6.50327035,,4999.0,0.843,0.8,Transit,2023.0,Kepler,962.459,Super-Earth
Kepler-764 b,Kepler-764,1.64,0.146311,3.33,0.0105,0.0,875.0,160.457,0.0724,7.33683936,,5557.0,0.89,0.92,Transit,2016.0,Kepler,1047.84,Super-Earth
Kepler-765 b,Kepler-765,2.43,0.21679008,6.48,0.0204,0.0,641.0,48.947,0.1754,27.6655226,,5901.0,1.06,1.05,Transit,2016.0,Kepler,1076.28,Super-Earth
Kepler-766 b,Kepler-766,3.39,0.30243554,11.4,0.0359,0.0,990.0,227.15,0.066,6.10027804,,5992.0,1.15,1.1,Transit,2016.0,Kepler,2297.62,Neptunian
Kepler-767 b,Kepler-767,6.64,0.59238112,35.7,0.112,0.0,366.0,9.365,0.5874,161.5280101,,5694.0,0.94,0.96,Transit,2016.0,Kepler,2251.03,Gas Giant
Kepler-768 b,Kepler-768,1.79,0.1596931,3.86,0.0121,0.0,618.0,40.589,0.092,11.3910025,,5108.0,0.78,0.82,Transit,2016.0,Kepler,784.56,Super-Earth
Kepler-769 b,Kepler-769,2.92,0.26050495,8.85,0.0279,0.0,1037.0,241.128,0.0778,7.42608998,,6186.0,1.28,1.19,Transit,2016.0,Kepler,1169.57,Neptunian
Kepler-769 c,Kepler-769,1.79,0.1596931,3.86,0.0121,0.0,803.0,86.761,0.1297,15.9870174,,6186.0,1.28,1.19,Transit,2016.0,Kepler,1169.57,Super-Earth
Kepler-77 b,Kepler-77,10.761,0.96,136.661,0.43,0.0,1440.0,432.871,0.04501,3.57878087,G5 V,5520.0,0.99,0.95,Transit,2013.0,Kepler,639.411,Gas Giant
Kepler-770 b,Kepler-770,2.3,0.20519226,5.9,0.0186,0.0,1171.0,27.736,0.1694,18.92540274,,5598.0,0.92,0.94,Transit,2016.0,Kepler,930.457,Super-Earth
Kepler-770 c,Kepler-770,1.2,0.10705683,1.87,0.00588,0.0,2740.0,833.588,0.0309,1.475322314,,5598.0,0.92,0.94,Transit,2016.0,Kepler,930.457,Terrestrial
Kepler-770 d,Kepler-770,1.4,0.12489963,2.54,0.008,0.0,1941.0,209.752,0.0616,4.15244722,,5598.0,0.92,0.94,Transit,2016.0,Kepler,930.457,Terrestrial
Kepler-771 b,Kepler-771,1.82,0.16236952,3.97,0.0125,0.0,890.0,339.296,0.0843,8.73485836,,5906.0,1.05,1.03,Transit,2016.0,Kepler,1393.85,Super-Earth
Kepler-772 b,Kepler-772,1.82,0.16236952,3.97,0.0125,0.0,866.0,264.576,0.11153,12.99207337,,5714.0,1.11,0.98,Transit,2016.0,Kepler,1130.21,Super-Earth
Kepler-773 b,Kepler-773,1.43,0.12757605,2.63,0.00829,0.0,1160.0,490.707,0.04682,3.749100061,,5850.0,1.01,1.04,Transit,2016.0,Kepler,547.026,Terrestrial
Kepler-774 b,Kepler-774,3.17,0.28280846,10.2,0.032,0.0,1422.0,451.177,0.1082,11.0895723,,6403.0,2.42,1.57,Transit,2016.0,Kepler,917.804,Neptunian
Kepler-775 b,Kepler-775,1.19,0.10616469,1.81,0.0057,0.0,1612.0,1496.75,0.01834,0.974868926,,5468.0,0.84,0.92,Transit,2016.0,Kepler,398.676,Terrestrial
Kepler-776 b,Kepler-776,1.28,0.11419395,2.18,0.00687,0.0,904.0,135.082,0.0523,4.89718784,,5071.0,0.78,0.83,Transit,2016.0,Kepler,727.904,Terrestrial
Kepler-777 b,Kepler-777,1.47,0.13114462,2.76,0.00869,0.0,569.0,33.953,0.0519,5.72812599,,4043.0,0.56,0.58,Transit,2016.0,Kepler,443.106,Terrestrial
Kepler-778 b,Kepler-778,1.68,0.14987956,3.46,0.0109,0.0,977.0,216.568,0.0453,3.75574426,,5102.0,0.77,0.81,Transit,2016.0,Kepler,938.168,Super-Earth
Kepler-779 b,Kepler-779,0.92,0.0820769,0.721,0.00227,0.0,425.0,15.028,0.0533,7.09714223,,3804.0,0.44,0.46,Transit,2016.0,Kepler,283.155,Terrestrial
Kepler-78 b,Kepler-78,1.201,0.10714623,1.68,0.00528587,0.0,2223.0,4070.0,0.00901,0.35500745,G,5058.0,0.7475,0.779,Transit,2013.0,Kepler,124.376,Terrestrial
Kepler-780 b,Kepler-780,0.89,0.07940048,0.64,0.00201,0.0,2099.0,4572.56,0.015,0.677375164,,5769.0,1.02,1.01,Transit,2016.0,Kepler,557.652,Terrestrial
Kepler-781 b,Kepler-781,2.89,0.25782853,8.7,0.0274,0.0,629.0,44.397,0.1019,13.2140732,,5162.0,0.78,0.81,Transit,2016.0,Kepler,1064.47,Neptunian
Kepler-782 b,Kepler-782,3.21,0.28637702,10.4,0.0327,0.0,350.0,3.987,0.54494,158.6853308,,5867.0,1.01,0.98,Transit,2016.0,Kepler,446.844,Neptunian
Kepler-783 b,Kepler-783,0.78,0.06958694,0.399,0.00126,0.0,991.0,229.104,0.04958,4.29264638,,5521.0,0.89,0.93,Transit,2016.0,Kepler,516.09,Terrestrial
Kepler-783 c,Kepler-783,2.33153725,0.20800582,6.04,0.019,0.0,840.0,113.3,0.06903,7.05395,,5411.49,0.872088,0.94,Transit,2020.0,Kepler,516.09,Super-Earth
Kepler-784 b,Kepler-784,1.58,0.14095816,3.12,0.00982,0.0,688.0,194.385,0.22111,31.5922646,,5674.0,1.32,1.0,Transit,2016.0,Kepler,1303.72,Super-Earth
Kepler-784 c,Kepler-784,1.55,0.13828198,3.02,0.00951,0.0,844.0,119.87,0.1309,17.157236,,5676.0,1.487,1.016,Transit,2023.0,Kepler,1303.72,Super-Earth
Kepler-785 b,Kepler-785,13.02,1.1615666,,,0.0,753.0,163.862,0.025,1.973760926,,4739.0,0.71,0.77,Transit,2016.0,Kepler,642.051,Gas Giant
Kepler-786 b,Kepler-786,2.43,0.21679008,6.48,0.0204,0.0,348.0,3.658,0.25483,53.5293487,,4838.0,0.74,0.81,Transit,2016.0,Kepler,485.318,Super-Earth
Kepler-787 b,Kepler-787,1.28,0.11419395,2.18,0.00687,0.0,1115.0,493.553,0.0159,0.928310498,,4248.0,0.62,0.65,Transit,2016.0,Kepler,503.568,Terrestrial
Kepler-788 b,Kepler-788,2.55,0.22749576,7.04,0.0221,0.0,984.0,357.191,0.0835,8.39846269,,6159.0,1.23,1.16,Transit,2016.0,Kepler,1775.8,Neptunian
Kepler-789 b,Kepler-789,2.12,0.18913373,5.14,0.0162,0.0,1419.0,312.34,0.0951,8.63847725,,5870.0,1.02,1.01,Transit,2016.0,Kepler,1480.16,Super-Earth
Kepler-79 b,Kepler-79,3.47,0.31,10.9,0.0343,0.015,929.0,205.404,0.117,13.4845,,6174.0,1.302,1.165,Transit,2012.0,Kepler,1020.72,Neptunian
Kepler-79 c,Kepler-79,3.72,0.332,5.9,0.019,0.03,734.0,79.765,0.187,27.4029,,6174.0,1.302,1.165,Transit,2012.0,Kepler,1020.72,Neptunian
Kepler-79 d,Kepler-79,7.16,0.639,6.0,0.019,0.025,592.0,33.874,0.287,52.0902,,6174.0,1.302,1.165,Transit,2014.0,Kepler,1020.72,Gas Giant
Kepler-79 e,Kepler-79,3.49,0.311,4.1,0.013,0.012,511.0,18.78,0.386,81.0659,,6174.0,1.302,1.165,Transit,2014.0,Kepler,1020.72,Neptunian
Kepler-790 b,Kepler-790,2.18,0.19448657,5.39,0.017,0.0,634.0,38.274,0.101,13.73469807,,5208.0,0.8,0.84,Transit,2016.0,Kepler,703.168,Super-Earth
Kepler-791 b,Kepler-791,3.05,0.27210277,9.53,0.03,0.0,939.0,140.057,0.1256,14.5539759,,6383.0,1.47,1.3,Transit,2016.0,Kepler,1266.34,Neptunian
Kepler-792 b,Kepler-792,1.96,0.17485949,4.5,0.0142,0.0,852.0,176.032,0.0988,11.30119217,,5971.0,1.12,1.09,Transit,2016.0,Kepler,1425.47,Super-Earth
Kepler-793 b,Kepler-793,1.37,0.12222321,2.45,0.00771,0.0,1177.0,617.407,0.0491,4.24153639,,5745.0,0.97,0.98,Transit,2016.0,Kepler,985.699,Terrestrial
Kepler-794 b,Kepler-794,2.11,0.18824159,5.1,0.016,0.0,952.0,299.97,0.10036,11.13125132,,5839.0,1.38,1.19,Transit,2016.0,Kepler,931.192,Super-Earth
Kepler-795 b,Kepler-795,1.68,0.14987956,3.46,0.0109,0.0,580.0,28.9,0.1803,29.6193421,,5631.0,0.96,0.94,Transit,2016.0,Kepler,492.122,Super-Earth
Kepler-796 b,Kepler-796,1.3,0.11597823,2.24,0.00705,0.0,1109.0,962.264,0.07317,6.40087618,,5475.0,1.09,0.93,Transit,2016.0,Kepler,817.584,Terrestrial
Kepler-797 b,Kepler-797,2.17,0.19359443,5.35,0.0168,0.0,605.0,90.1,0.181,27.07237711,,5680.0,0.95,0.96,Transit,2016.0,Kepler,1315.26,Super-Earth
Kepler-798 b,Kepler-798,2.39,0.21322152,6.3,0.0198,0.0,864.0,141.888,0.1174,13.71933369,,6224.0,1.29,1.19,Transit,2016.0,Kepler,972.274,Super-Earth
Kepler-799 b,Kepler-799,6.88,0.61379249,37.9,0.119,0.0,433.0,6.356,0.5167,133.4605235,,5681.0,0.93,0.95,Transit,2016.0,Kepler,1509.084,Gas Giant
Kepler-799 c,Kepler-799,2.78068551,0.24807657,8.15,0.0256,0.0,893.0,150.25,0.1214,15.19419956,,5588.0,1.593,1.031,Transit,2021.0,Kepler,1509.084,Neptunian
Kepler-8 b,Kepler-8,15.871944,1.416,187.5197,0.59,0.0,1680.0,1444.881,0.0474,3.5224991,,6213.0,1.486,1.213,Transit,2010.0,Kepler,1021.87,Gas Giant
Kepler-80 b,Kepler-80,2.67,0.23820145,6.93,0.02180411,0.0049,547.0,54.382,0.0648,7.05246,K5,4540.0,0.678,0.73,Transit,2012.0,Kepler,369.451,Neptunian
Kepler-80 c,Kepler-80,2.74,0.24444643,6.74,0.02120631,0.0079,495.0,36.482,0.0792,9.52355,K5,4540.0,0.678,0.73,Transit,2012.0,Kepler,369.451,Neptunian
Kepler-80 d,Kepler-80,1.53,0.13649746,6.75,0.02123777,0.0041,722.0,164.625,0.0372,3.07222,K5,4540.0,0.678,0.73,Transit,2014.0,Kepler,369.451,Super-Earth
Kepler-80 e,Kepler-80,1.6,0.14274244,4.13,0.01299437,0.0035,629.0,94.781,0.0491,4.64489,K5,4540.0,0.678,0.73,Transit,2014.0,Kepler,369.451,Super-Earth
Kepler-80 f,Kepler-80,1.21,0.10794897,4459.73,14.03187979,0.186,1054.0,750.964,0.0175,0.9867873,K5,4540.0,0.678,0.73,Transit,2016.0,Kepler,369.451,Terrestrial
Kepler-800 b,Kepler-800,2.85,0.25425997,8.5,0.0267,0.0,675.0,44.872,0.1106,14.13176026,,5315.0,0.82,0.85,Transit,2016.0,Kepler,1019.26,Neptunian
Kepler-801 b,Kepler-801,2.0,0.17842805,4.66,0.0147,0.0,419.0,14.442,0.0795,11.41928253,,4435.0,0.63,0.67,Transit,2016.0,Kepler,440.426,Super-Earth
Kepler-802 b,Kepler-802,3.54,0.31581765,12.3,0.0386,0.0,489.0,13.508,0.2265,40.0587473,,5507.0,0.9,0.93,Transit,2016.0,Kepler,780.585,Neptunian
Kepler-803 b,Kepler-803,3.79,0.33812115,13.8,0.0434,0.0,543.0,20.882,0.26721,50.28638192,,5919.0,1.12,1.05,Transit,2016.0,Kepler,639.771,Neptunian
Kepler-804 b,Kepler-804,1.94,0.17307521,4.42,0.0139,0.0,779.0,83.427,0.11287,14.37457351,,5817.0,1.05,1.01,Transit,2016.0,Kepler,649.65,Super-Earth
Kepler-804 c,Kepler-804,1.14,0.10170399,1.55,0.00489,0.0,890.0,141.839,0.08654,9.65185017,,5817.0,1.05,1.01,Transit,2016.0,Kepler,649.65,Terrestrial
Kepler-805 b,Kepler-805,2.89,0.25782853,8.7,0.0274,0.0,743.0,86.473,0.19852,30.8638931,,6112.0,1.65,1.19,Transit,2016.0,Kepler,638.49,Neptunian
Kepler-806 b,Kepler-806,1.14,0.10170399,1.55,0.00489,0.0,1089.0,413.603,0.07684,8.09219642,,5770.0,1.16,0.99,Transit,2016.0,Kepler,361.896,Terrestrial
Kepler-808 b,Kepler-808,1.46,0.13025248,2.73,0.00859,0.0,1322.0,1428.3,0.01314,0.631332353,,4653.0,0.71,0.76,Transit,2016.0,Kepler,321.0,Terrestrial
Kepler-809 b,Kepler-809,3.01,0.26853421,9.32,0.0293,0.0,478.0,13.155,0.2901,55.63934,,5734.0,0.98,0.99,Transit,2016.0,Kepler,961.405,Neptunian
Kepler-81 b,Kepler-81,2.42,0.216,17.2,0.054,0.0,635.0,39.95,0.0522,5.955,M0 V,4385.0,0.59,0.64,Transit,2012.0,Kepler,348.291,Super-Earth
Kepler-81 c,Kepler-81,2.37,0.211,4.3,0.014,0.0,502.0,15.62,0.08347,12.04,M0 V,4385.0,0.59,0.64,Transit,2012.0,Kepler,348.291,Super-Earth
Kepler-81 d,Kepler-81,1.21,0.108,1.92,0.00606,0.0,418.0,7.507,0.128,20.837846,M0 V,4500.0,0.595,0.648,Transit,2014.0,Kepler,348.291,Terrestrial
Kepler-810 b,Kepler-810,1.93,0.17218307,4.38,0.0138,0.0,1105.0,350.597,0.055,4.59725385,,5803.0,1.04,1.03,Transit,2016.0,Kepler,1458.59,Super-Earth
Kepler-811 b,Kepler-811,2.7,0.24087787,7.75,0.0244,0.0,730.0,78.59,0.15911,23.58447697,,5747.0,1.24,1.01,Transit,2016.0,Kepler,985.041,Neptunian
Kepler-812 b,Kepler-812,3.55,0.31670979,12.3,0.0388,0.0,1163.0,421.917,0.1024,10.11716531,,6761.0,1.71,1.45,Transit,2016.0,Kepler,1482.74,Neptunian
Kepler-813 b,Kepler-813,2.14,0.19091801,5.22,0.0164,0.0,817.0,56.04,0.1439,19.12947337,,5743.0,0.93,0.95,Transit,2016.0,Kepler,840.0,Super-Earth
Kepler-814 b,Kepler-814,2.12,0.18913373,5.14,0.0162,0.0,1164.0,935.124,0.0695,6.1469851,,6162.0,1.22,1.15,Transit,2016.0,Kepler,2055.77,Super-Earth
Kepler-815 b,Kepler-815,4.11,0.36666964,15.8,0.0498,0.0,1374.0,979.136,0.09473,8.57503552,,5028.0,3.42,1.25,Transit,2016.0,Kepler,1259.28,Neptunian
Kepler-816 b,Kepler-816,10.24,0.91355161,74.5,0.234,0.0,668.0,50.563,0.0895,10.506825646,,5286.0,0.85,0.9,Transit,2016.0,Kepler,983.697,Gas Giant
Kepler-817 b,Kepler-817,9.03,0.80560264,60.2,0.189,0.0,1124.0,550.203,0.0493,3.990106229,,5861.0,1.03,1.03,Transit,2016.0,Kepler,1484.46,Gas Giant
Kepler-818 b,Kepler-818,5.11,0.45588366,22.9,0.072,0.0,786.0,100.779,0.0886,10.035385814,,5638.0,0.92,0.94,Transit,2016.0,Kepler,925.037,Neptunian
Kepler-819 b,Kepler-819,2.76,0.24623071,8.05,0.0253,0.0,485.0,9.913,0.1894,33.1995648,,5279.0,0.81,0.86,Transit,2016.0,Kepler,664.306,Neptunian
Kepler-82 b,Kepler-82,4.07,0.36310108,12.15,0.03822798,0.0033,562.0,19.558,0.1683,26.44,,5401.0,0.898,0.91,Transit,2012.0,Kepler,904.326,Neptunian
Kepler-82 c,Kepler-82,5.34,0.47640289,13.9,0.04373407,0.007,450.0,8.035,0.2626,51.54,,5401.0,0.898,0.91,Transit,2012.0,Kepler,904.326,Neptunian
Kepler-82 d,Kepler-82,1.77,0.158,885.098,2.78482974,0.0,1253.0,484.351,0.034,2.382961,,5428.0,0.945,0.946,Transit,2014.0,Kepler,904.326,Super-Earth
Kepler-82 e,Kepler-82,2.47,0.22,254.02,0.7992363,0.0,926.0,144.337,0.063,5.902206,,5428.0,0.945,0.946,Transit,2014.0,Kepler,904.326,Super-Earth
Kepler-82 f,Kepler-82,4.84,0.432,20.9,0.06575842,0.0014,,,0.3395,75.732,,5401.0,0.898,0.91,Transit Timing Variations,2019.0,KOINet,904.326,Neptunian
Kepler-820 b,Kepler-820,6.09,0.54331341,30.8,0.097,0.0,554.0,16.228,0.56004,127.8338098,,6260.0,1.36,1.23,Transit,2016.0,Kepler,1387.2,Gas Giant
Kepler-821 b,Kepler-821,1.31,0.11687037,2.27,0.00714,0.0,1215.0,496.82,0.029,1.92279873,,5191.0,0.8,0.84,Transit,2016.0,Kepler,614.571,Terrestrial
Kepler-822 b,Kepler-822,1.77,0.15790882,3.78,0.0119,0.0,1239.0,535.188,0.04078,3.222969273,,5928.0,1.08,1.06,Transit,2016.0,Kepler,860.391,Super-Earth
Kepler-823 b,Kepler-823,1.57,0.14006602,3.09,0.00972,0.0,1277.0,803.353,0.0507,4.16809082,,5643.0,0.96,0.98,Transit,2016.0,Kepler,1389.27,Super-Earth
Kepler-824 b,Kepler-824,1.87,0.16683023,4.16,0.0131,0.0,1231.0,454.604,0.055,4.51436633,,6035.0,1.22,1.15,Transit,2016.0,Kepler,1201.4,Super-Earth
Kepler-825 b,Kepler-825,1.53,0.13649746,2.96,0.0093,0.0,1270.0,734.464,0.0453,3.77360059,,5976.0,1.08,1.03,Transit,2016.0,Kepler,807.85,Super-Earth
Kepler-825 c,Kepler-825,1.84,0.1641538,4.04,0.0127,0.0,981.0,261.628,0.0759,8.1818246,,5976.0,1.08,1.03,Transit,2016.0,Kepler,807.85,Super-Earth
Kepler-826 b,Kepler-826,1.25,0.11151753,2.1,0.0066,0.0,1305.0,827.221,0.05202,4.48758907,,6079.0,1.15,1.05,Transit,2016.0,Kepler,779.596,Terrestrial
Kepler-827 b,Kepler-827,5.63,0.50227496,27.0,0.0849,0.0,574.0,23.602,0.2742,51.92927591,,5602.0,0.91,0.93,Transit,2016.0,Kepler,2046.68,Neptunian
Kepler-828 b,Kepler-828,1.51,0.13471318,2.89,0.00909,0.0,1848.0,1835.159,0.01228,0.567857136,,5039.0,0.77,0.81,Transit,2016.0,Kepler,575.322,Super-Earth
Kepler-829 b,Kepler-829,2.11,0.18824159,5.1,0.016,0.0,857.0,247.47,0.0678,6.88337562,,5698.0,0.97,0.98,Transit,2016.0,Kepler,1073.76,Super-Earth
Kepler-83 b,Kepler-83,2.83,0.252,2.94,0.00925027,0.0,460.0,15.412,0.07295,9.77,M0 V,4082.0,0.61,0.66,Transit,2012.0,Kepler,400.409,Neptunian
Kepler-83 c,Kepler-83,2.36,0.211,2.03,0.00638709,0.0,362.0,5.9,0.11796,20.09,M0 V,4082.0,0.61,0.66,Transit,2012.0,Kepler,400.409,Super-Earth
Kepler-83 d,Kepler-83,1.94,0.173,4.1,0.01290004,0.0,569.0,28.81,0.051,5.169796,M0 V,4648.0,0.594,0.58,Transit,2014.0,Kepler,400.409,Super-Earth
Kepler-830 b,Kepler-830,1.7,0.15166384,3.53,0.0111,0.0,907.0,160.18,0.1033,11.29695137,,6037.0,1.11,1.07,Transit,2016.0,Kepler,1122.0,Super-Earth
Kepler-831 b,Kepler-831,1.27,0.11330181,2.15,0.00678,0.0,992.0,266.249,0.05984,5.62153941,,5732.0,0.97,0.99,Transit,2016.0,Kepler,593.54,Terrestrial
Kepler-832 b,Kepler-832,2.06,0.18378089,4.9,0.0154,0.0,965.0,256.828,0.075,7.1396941,,5596.0,0.9,0.92,Transit,2016.0,Kepler,1688.12,Super-Earth
Kepler-833 b,Kepler-833,2.02,0.18021233,4.74,0.0149,0.0,382.0,8.313,0.1139,18.7546998,,4339.0,0.62,0.64,Transit,2016.0,Kepler,467.37,Super-Earth
Kepler-834 b,Kepler-834,2.02,0.18021233,4.74,0.0149,0.0,378.0,11.845,0.0862,13.32388301,,4554.0,0.66,0.7,Transit,2016.0,Kepler,633.937,Super-Earth
Kepler-835 b,Kepler-835,2.79,0.24890713,8.2,0.0258,0.0,921.0,170.33,0.107,11.41909375,,5954.0,1.11,1.08,Transit,2016.0,Kepler,2406.33,Neptunian
Kepler-836 b,Kepler-836,2.73,0.24355429,7.9,0.0249,0.0,869.0,135.797,0.1013,11.36112327,,5895.0,1.04,1.03,Transit,2016.0,Kepler,980.035,Neptunian
Kepler-837 b,Kepler-837,2.56,0.2283879,7.08,0.0223,0.0,701.0,55.966,0.1144,16.56059504,,5403.0,0.81,0.85,Transit,2016.0,Kepler,901.907,Neptunian
Kepler-838 b,Kepler-838,2.73,0.24355429,7.9,0.0249,0.0,777.0,61.089,0.1266,15.74957994,,5770.0,0.96,0.98,Transit,2016.0,Kepler,1104.04,Neptunian
Kepler-839 b,Kepler-839,2.57,0.22928004,7.13,0.0224,0.0,626.0,46.303,0.2316,37.8144514,,6058.0,1.31,1.22,Transit,2016.0,Kepler,944.561,Neptunian
Kepler-84 b,Kepler-84,2.23,0.199,40.0,0.126,0.0,985.0,222.19,0.0827,8.726,,6039.0,1.43,1.0,Transit,2012.0,Kepler,1023.9,Super-Earth
Kepler-84 c,Kepler-84,2.36,0.211,20.2,0.064,0.0,865.0,132.23,0.1072,12.883,,6039.0,1.43,1.0,Transit,2012.0,Kepler,1023.9,Super-Earth
Kepler-84 d,Kepler-84,1.38,0.123,2.48,0.0078,0.0,1254.0,584.24,0.052,4.224537,,6031.0,1.169,1.06,Transit,2014.0,Kepler,1023.9,Terrestrial
Kepler-84 e,Kepler-84,2.6,0.232,7.27,0.0229,0.0,672.0,48.29,0.181,27.434389,,6031.0,1.169,1.06,Transit,2014.0,Kepler,1023.9,Neptunian
Kepler-84 f,Kepler-84,2.2,0.196,5.48,0.0172,0.0,572.0,25.3,0.25,44.552169,,6031.0,1.169,1.06,Transit,2014.0,Kepler,1023.9,Super-Earth
Kepler-841 b,Kepler-841,5.23,0.46658935,23.8,0.0749,0.0,416.0,1.648,0.479,124.4198398,,5324.0,0.81,0.85,Transit,2016.0,Kepler,998.961,Neptunian
Kepler-842 b,Kepler-842,1.6,0.14274244,3.19,0.01,0.0,1252.0,588.95,0.0204,1.21956827,,4848.0,0.73,0.78,Transit,2016.0,Kepler,532.726,Super-Earth
Kepler-843 b,Kepler-843,2.59,0.23106432,7.22,0.0227,0.0,1523.0,890.333,0.0313,2.053879821,,5830.0,1.03,1.02,Transit,2016.0,Kepler,1165.66,Neptunian
Kepler-844 b,Kepler-844,1.68,0.14987956,3.46,0.0109,0.0,713.0,89.652,0.0298,2.613020856,,4128.0,0.57,0.59,Transit,2016.0,Kepler,431.776,Super-Earth
Kepler-845 b,Kepler-845,2.04,0.18199661,4.82,0.0152,0.0,1361.0,772.498,0.01668,0.927859821,,4913.0,0.75,0.79,Transit,2016.0,Kepler,431.051,Super-Earth
Kepler-846 b,Kepler-846,2.48,0.22125078,6.71,0.0211,0.0,624.0,35.276,0.1399,19.80792185,,5579.0,0.91,0.94,Transit,2016.0,Kepler,1127.12,Super-Earth
Kepler-847 b,Kepler-847,1.18,0.10527255,1.76,0.00553,0.0,1054.0,292.31,0.0315,2.343231895,,4940.0,0.77,0.83,Transit,2016.0,Kepler,513.103,Terrestrial
Kepler-848 b,Kepler-848,1.7,0.15166384,3.53,0.0111,0.0,1086.0,794.778,0.07586,6.91134416,,5695.0,1.2,1.01,Transit,2016.0,Kepler,1378.47,Super-Earth
Kepler-849 b,Kepler-849,8.08167508,0.721,298.75870258,0.94,0.078,362.7,2.86,1.137,394.62508,,5950.0,1.822,1.259,Transit,2016.0,Kepler,822.134,Gas Giant
Kepler-85 b,Kepler-85,1.778,0.15862281,1.84,0.00578929,0.02,809.0,107.028,0.07885,8.3,,5505.2,0.875,0.928,Transit,2012.0,Kepler,765.025,Super-Earth
Kepler-85 c,Kepler-85,1.978,0.17646564,2.15,0.00676466,0.027,706.0,61.929,0.10363,12.51,,5505.2,0.875,0.928,Transit,2012.0,Kepler,765.025,Super-Earth
Kepler-85 d,Kepler-85,1.2,0.107,8.69679,0.02736316,0.0,626.0,38.39,0.13,17.91323,,5436.0,0.893,0.947,Transit,2014.0,Kepler,765.025,Terrestrial
Kepler-85 e,Kepler-85,1.27,0.113,0.6,0.0018878,0.0,559.0,24.318,0.163,25.216751,,5436.0,0.893,0.947,Transit,2014.0,Kepler,765.025,Terrestrial
Kepler-850 b,Kepler-850,1.78,0.15880096,3.82,0.012,0.0,995.0,329.283,0.0744,7.19303878,,5932.0,1.09,1.06,Transit,2016.0,Kepler,1661.28,Super-Earth
Kepler-851 b,Kepler-851,1.68,0.14987956,3.46,0.0109,0.0,900.0,103.828,0.0802,8.50699658,,5455.0,0.85,0.89,Transit,2016.0,Kepler,839.255,Super-Earth
Kepler-852 b,Kepler-852,2.54,0.22660362,6.99,0.022,0.0,565.0,92.131,0.27967,44.9309804,,6100.0,1.16,1.19,Transit,2016.0,Kepler,1619.03,Neptunian
Kepler-853 b,Kepler-853,1.69,0.1507717,3.5,0.011,0.0,1187.0,499.301,0.079,7.16892463,,6350.0,1.55,1.3,Transit,2016.0,Kepler,568.676,Super-Earth
Kepler-855 b,Kepler-855,8.35,0.7449371,52.7,0.166,0.0,996.0,405.183,0.0762,7.886631104,,5835.0,1.03,1.03,Transit,2016.0,Kepler,1506.58,Gas Giant
Kepler-856 b,Kepler-856,9.3,0.82969043,63.3,0.199,0.0,824.0,153.497,0.0787,8.027680595,,5535.0,0.93,0.96,Transit,2016.0,Kepler,1351.17,Gas Giant
Kepler-857 b,Kepler-857,6.8,0.60665537,37.2,0.117,0.0,390.0,5.747,0.3751,85.35129427,,5773.0,0.99,0.99,Transit,2016.0,Kepler,983.502,Gas Giant
Kepler-858 b,Kepler-858,4.87,0.4344723,21.1,0.0664,0.0,399.0,6.338,0.33939,76.13602028,,5653.0,0.91,0.96,Transit,2016.0,Kepler,298.532,Neptunian
Kepler-859 b,Kepler-859,3.09,0.27567134,9.75,0.0307,0.0,528.0,14.897,0.13157,20.38177573,,5020.0,0.77,0.81,Transit,2016.0,Kepler,839.903,Neptunian
Kepler-860 b,Kepler-860,3.24,0.28905344,10.6,0.0332,0.0,1050.0,233.621,0.058,5.101379454,,5836.0,1.06,1.04,Transit,2016.0,Kepler,1056.36,Neptunian
Kepler-861 b,Kepler-861,2.28,0.20340798,5.82,0.0183,0.0,966.0,197.29,0.0463,3.949631375,,5047.0,0.78,0.82,Transit,2016.0,Kepler,850.327,Super-Earth
Kepler-862 b,Kepler-862,2.21,0.19716299,5.52,0.0174,0.0,1097.0,547.293,0.039,3.148664534,,5333.0,0.84,0.88,Transit,2016.0,Kepler,1039.03,Super-Earth
Kepler-863 b,Kepler-863,2.9,0.25872067,8.75,0.0275,0.0,718.0,117.828,0.122,15.59461874,,5678.0,0.95,0.96,Transit,2016.0,Kepler,1499.66,Neptunian
Kepler-864 b,Kepler-864,2.4,0.21411366,6.35,0.02,0.0,1143.0,464.765,0.0687,5.83376092,,5754.0,1.0,1.0,Transit,2016.0,Kepler,2022.9,Super-Earth
Kepler-864 c,Kepler-864,1.62,0.14452697,3.26,0.0102,0.0,1532.0,1305.04,0.0382,2.42150341,,6213.0,1.195,1.27,Transit,2023.0,Kepler,2022.9,Super-Earth
Kepler-865 b,Kepler-865,2.49,0.22214292,6.76,0.0213,0.0,694.0,46.362,0.1057,14.16399294,,5570.0,0.92,0.93,Transit,2016.0,Kepler,586.137,Super-Earth
Kepler-865 c,Kepler-865,0.89,0.07940062,0.64,0.00201,0.0,914.0,164.98,0.061,6.20920207,,5440.0,0.885,0.782,Transit,2023.0,Kepler,586.137,Terrestrial
Kepler-866 b,Kepler-866,1.63,0.14541886,3.29,0.0104,0.0,996.0,196.127,0.0331,2.617032536,,4751.0,0.71,0.75,Transit,2016.0,Kepler,646.667,Super-Earth
Kepler-867 b,Kepler-867,4.64,0.41395307,19.4,0.0612,0.0,327.0,2.72,0.5375,150.242127,,5541.0,0.91,0.92,Transit,2016.0,Kepler,1195.54,Neptunian
Kepler-868 b,Kepler-868,2.05,0.18288875,4.86,0.0153,0.0,1047.0,417.034,0.0575,5.03251791,,5614.0,0.89,0.93,Transit,2016.0,Kepler,1593.13,Super-Earth
Kepler-869 b,Kepler-869,3.61,0.32206263,12.7,0.0399,0.0,494.0,17.234,0.2244,40.4287755,,5664.0,0.95,0.97,Transit,2016.0,Kepler,939.455,Neptunian
Kepler-87 b,Kepler-87,13.49,1.204,324.2,1.02,0.036,478.0,9.203,0.481,114.73635,,5600.0,1.82,1.1,Transit,2013.0,Kepler,1232.9,Gas Giant
Kepler-87 c,Kepler-87,6.14,0.548,6.4,0.02,0.039,403.0,4.656,0.676,191.2318,,5600.0,1.82,1.1,Transit,2013.0,Kepler,1232.9,Gas Giant
Kepler-870 b,Kepler-870,2.78,0.24801499,8.15,0.0256,0.0,691.0,54.869,0.1539,21.3587621,,5857.0,1.02,1.01,Transit,2016.0,Kepler,1259.46,Neptunian
Kepler-871 b,Kepler-871,3.74,0.33366045,13.5,0.0424,0.0,640.0,79.722,0.1572,22.0459018,,5993.0,1.14,1.11,Transit,2016.0,Kepler,1976.05,Neptunian
Kepler-872 b,Kepler-872,1.99,0.17753591,4.62,0.0145,0.0,1230.0,553.056,0.0362,2.578855068,,5902.0,1.08,1.05,Transit,2016.0,Kepler,879.683,Super-Earth
Kepler-873 b,Kepler-873,3.75,0.33455259,13.5,0.0426,0.0,749.0,68.015,0.1542,20.5533844,,6163.0,1.27,1.18,Transit,2016.0,Kepler,1182.22,Neptunian
Kepler-874 b,Kepler-874,3.94,0.35150326,14.7,0.0463,0.0,560.0,31.624,0.2234,40.0686727,,6020.0,1.13,1.09,Transit,2016.0,Kepler,1082.16,Neptunian
Kepler-875 b,Kepler-875,2.9,0.25872067,8.75,0.0275,0.0,569.0,41.431,0.1771,27.5073799,,5958.0,1.11,1.06,Transit,2016.0,Kepler,1242.62,Neptunian
Kepler-876 b,Kepler-876,1.43,0.12757605,2.63,0.00829,0.0,923.0,152.746,0.0549,5.14438011,,5060.0,0.77,0.81,Transit,2016.0,Kepler,820.913,Terrestrial
Kepler-877 b,Kepler-877,2.12,0.18913373,5.14,0.0162,0.0,632.0,37.81,0.1301,18.45847097,,5261.0,0.81,0.85,Transit,2016.0,Kepler,602.176,Super-Earth
Kepler-878 b,Kepler-878,1.93,0.17218307,4.38,0.0138,0.0,501.0,27.009,0.165,25.9422033,,5044.0,0.77,0.81,Transit,2016.0,Kepler,791.625,Super-Earth
Kepler-879 b,Kepler-879,2.57,0.22928004,7.13,0.0224,0.0,580.0,29.128,0.2012,33.3855938,G,5792.0,1.02,1.02,Transit,2016.0,Kepler,802.672,Neptunian
Kepler-88 d,KOI-142,13.1,1.17,965.14699656,3.0504646,0.41,,,2.466329866,1403.0,G6 V,5466.0,0.897,0.99,Radial Velocity,2020.0,W. M. Keck Observatory,376.863,Gas Giant
Kepler-880 b,Kepler-880,2.66,0.23730931,7.56,0.0238,0.0,1622.0,586.169,0.0915,7.71468975,,6761.0,1.74,1.46,Transit,2016.0,Kepler,601.324,Neptunian
Kepler-880 c,Kepler-880,2.87,0.25604469,8.6,0.0271,0.0,1407.0,926.72,0.1216,11.8061737,,6900.0,2.599,1.714,Transit,2023.0,Kepler,601.324,Neptunian
Kepler-881 b,Kepler-881,1.78,0.15880096,3.82,0.012,0.0,1217.0,538.569,0.0552,4.44448017,,5961.0,1.09,1.06,Transit,2016.0,Kepler,1375.18,Super-Earth
Kepler-882 b,Kepler-882,1.23,0.10973325,2.04,0.00642,0.0,903.0,259.029,0.04741,3.989539666,,5476.0,0.87,0.9,Transit,2016.0,Kepler,504.605,Terrestrial
Kepler-883 b,Kepler-883,1.78,0.15880096,3.82,0.012,0.0,818.0,163.052,0.10288,12.98495573,,6116.0,1.09,1.06,Transit,2016.0,Kepler,627.455,Super-Earth
Kepler-884 b,Kepler-884,1.23,0.10973325,2.04,0.00642,0.0,964.0,139.5,0.06116,5.69919514,,5715.0,0.94,1.0,Transit,2016.0,Kepler,476.733,Terrestrial
Kepler-885 b,Kepler-885,2.5,0.22303506,6.8,0.0214,0.0,830.0,124.646,0.14403,18.11472949,,6187.0,1.35,1.21,Transit,2016.0,Kepler,651.318,Super-Earth
Kepler-886 b,Kepler-886,1.52,0.13560532,2.92,0.0092,0.0,1111.0,231.432,0.06428,6.24146367,,6098.0,1.16,1.1,Transit,2016.0,Kepler,711.297,Super-Earth
Kepler-887 b,Kepler-887,1.84,0.1641538,4.04,0.0127,0.0,785.0,109.842,0.15431,20.42228798,,6194.0,1.29,1.19,Transit,2016.0,Kepler,886.588,Super-Earth
Kepler-887 c,Kepler-887,1.13,0.10081185,1.51,0.00474,0.0,1089.0,407.977,0.0801,7.63846023,,6194.0,1.29,1.19,Transit,2016.0,Kepler,886.588,Terrestrial
Kepler-888 b,Kepler-888,1.76,0.15701668,3.75,0.0118,0.0,417.0,7.854,0.31481,70.6979061,,5875.0,0.9,0.97,Transit,2016.0,Kepler,420.817,Super-Earth
Kepler-889 b,Kepler-889,1.09,0.09724329,1.32,0.00416,0.0,1328.0,954.588,0.04975,3.744439,,5961.0,1.25,1.14,Transit,2016.0,Kepler,598.313,Terrestrial
Kepler-890 b,Kepler-890,8.89,0.79311268,58.6,0.184,0.0,540.0,30.227,0.2944,52.75875577,,5954.0,1.13,1.09,Transit,2016.0,Kepler,1712.12,Gas Giant
Kepler-891 b,Kepler-891,6.41,0.5718619,33.6,0.106,0.0,486.0,44.326,0.2881,53.44945593,,5887.0,1.07,1.06,Transit,2016.0,Kepler,2340.58,Gas Giant
Kepler-892 b,Kepler-892,2.81,0.25069141,8.3,0.0261,0.0,556.0,18.196,0.1015,13.7521072,,4747.0,0.72,0.75,Transit,2016.0,Kepler,570.727,Neptunian
Kepler-893 b,Kepler-893,3.03,0.27031849,9.43,0.0297,0.0,1034.0,266.271,0.0699,6.33855761,,5820.0,0.99,1.0,Transit,2016.0,Kepler,1285.59,Neptunian
Kepler-894 b,Kepler-894,2.78,0.24801499,8.15,0.0256,0.0,896.0,119.881,0.0916,9.803224,,5603.0,0.85,0.87,Transit,2016.0,Kepler,1162.91,Neptunian
Kepler-895 b,Kepler-895,1.54,0.1373896,2.99,0.0094,0.0,771.0,106.585,0.0328,2.806242328,,4315.0,0.61,0.65,Transit,2016.0,Kepler,540.134,Super-Earth
Kepler-896 b,Kepler-896,2.53,0.22571148,6.94,0.0218,0.0,303.0,1.99,0.56378,144.547396,,5262.0,0.81,0.84,Transit,2016.0,Kepler,2334.93,Neptunian
Kepler-896 c,Kepler-896,3.15,0.28102466,10.1,0.0317,0.0,515.0,16.56,0.1792,29.5422566,,5510.0,0.803,0.877,Transit,2023.0,Kepler,2334.93,Neptunian
Kepler-897 b,Kepler-897,2.39,0.21322152,6.3,0.0198,0.0,855.0,354.221,0.077,8.0472642,,5839.0,1.04,1.03,Transit,2016.0,Kepler,1519.25,Super-Earth
Kepler-898 b,Kepler-898,1.49,0.1329289,2.83,0.00889,0.0,616.0,37.11,0.0545,5.8706191,,4223.0,0.62,0.65,Transit,2016.0,Kepler,484.891,Terrestrial
Kepler-899 b,Kepler-899,2.68,0.23909359,7.65,0.0241,0.0,640.0,62.198,0.1392,19.17891293,,5595.0,0.91,0.93,Transit,2016.0,Kepler,1246.43,Neptunian
Kepler-9 b,Kepler-9,8.29,0.73958426,43.4,0.13655099,0.0609,661.0,48.229,0.143,19.23891,,5774.0,0.958,1.022,Transit,2010.0,Kepler,628.257,Gas Giant
Kepler-9 c,Kepler-9,8.08,0.72084932,29.9,0.09407545,0.06691,523.0,18.903,0.227,38.9853,,5774.0,0.958,1.022,Transit,2010.0,Kepler,628.257,Gas Giant
Kepler-9 d,Kepler-9,1.64,0.146,8.41466053,0.026473,0.0,2026.0,1339.658,0.0273,1.592851,,5777.0,1.02,1.07,Transit,2010.0,Kepler,628.257,Super-Earth
Kepler-90 i,KOI-351,1.32,0.11776251,2.3,0.00724,0.0,709.0,,0.1201380843,14.44912,,6015.0,1.29,1.12,Transit,2017.0,Kepler,848.254,Terrestrial
Kepler-900 b,Kepler-900,2.08,0.18556517,4.98,0.0157,0.0,716.0,54.109,0.0679,6.9913086,,4836.0,0.73,0.78,Transit,2016.0,Kepler,487.525,Super-Earth
Kepler-901 b,Kepler-901,1.37,0.12222321,2.45,0.00771,0.0,704.0,68.723,0.0378,3.517494394,,4184.0,0.57,0.59,Transit,2016.0,Kepler,253.867,Terrestrial
Kepler-902 b,Kepler-902,2.54,0.22660362,6.99,0.022,0.0,556.0,24.875,0.223,40.1099547,,5647.0,0.93,0.95,Transit,2016.0,Kepler,1165.34,Neptunian
Kepler-903 b,Kepler-903,2.01,0.17932019,4.7,0.0148,0.0,842.0,274.845,0.09081,10.3507721,,5682.0,0.97,0.98,Transit,2016.0,Kepler,1369.24,Super-Earth
Kepler-903 c,Kepler-903,2.53,0.22571148,6.94,0.0218,0.0,462.0,24.791,0.30249,62.9228557,,5682.0,0.97,0.98,Transit,2016.0,Kepler,1369.24,Neptunian
Kepler-904 b,Kepler-904,1.77,0.15790882,3.78,0.0119,0.0,1332.0,875.419,0.0417,3.021668632,,6160.0,1.25,1.16,Transit,2016.0,Kepler,978.125,Super-Earth
Kepler-905 b,Kepler-905,1.41,0.12579177,2.57,0.00809,0.0,928.0,185.771,0.05689,5.082746517,,5461.0,0.86,0.95,Transit,2016.0,Kepler,529.268,Terrestrial
Kepler-906 b,Kepler-906,2.11,0.18824159,5.1,0.016,0.0,537.0,21.987,0.22363,41.6979976,,6035.0,1.02,1.06,Transit,2016.0,Kepler,757.791,Super-Earth
Kepler-907 b,Kepler-907,1.2,0.10705683,1.87,0.00588,0.0,879.0,137.66,0.1225,15.86621821,,6106.0,1.38,1.08,Transit,2016.0,Kepler,352.0,Terrestrial
Kepler-908 b,Kepler-908,1.22,0.10884111,1.98,0.00624,0.0,1783.0,3304.101,0.02526,1.340597468,,5973.0,1.12,1.11,Transit,2016.0,Kepler,290.843,Terrestrial
Kepler-909 b,Kepler-909,1.47,0.13114462,2.76,0.00869,0.0,852.0,127.24,0.11873,13.93290318,,6154.0,1.23,1.17,Transit,2016.0,Kepler,309.596,Terrestrial
Kepler-91 b,Kepler-91,15.322703,1.367,257.4423,0.81,0.0519,2040.0,3273.324,0.0731,6.24658,K3,4550.0,6.3,1.31,Transit,2013.0,Kepler,1294.69,Gas Giant
Kepler-910 b,Kepler-910,0.82,0.0731555,0.477,0.0015,0.0,1752.0,2108.073,0.03752,2.364369015,,6230.0,1.5,1.26,Transit,2016.0,Kepler,400.289,Terrestrial
Kepler-911 b,Kepler-911,2.6,0.23195646,7.27,0.0229,0.0,931.0,198.725,0.15594,20.310501,,6112.0,1.99,1.34,Transit,2016.0,Kepler,556.168,Neptunian
Kepler-912 b,Kepler-912,2.8,0.24979927,8.25,0.0259,0.0,1218.0,519.95,0.0339,2.534756273,,5998.0,1.11,1.07,Transit,2016.0,Kepler,2004.72,Neptunian
Kepler-913 b,Kepler-913,2.06,0.18378089,4.9,0.0154,0.0,1129.0,58.9,0.1009,10.29672521,,4687.0,0.61,0.63,Transit,2016.0,Kepler,991.618,Super-Earth
Kepler-913 c,Kepler-913,3.8580709,0.34419462,14.2,0.0447,0.0,1357.0,122.82,0.0699,5.939119816,,6068.0,1.797,1.294,Transit,2021.0,Kepler,991.618,Neptunian
Kepler-914 b,Kepler-914,1.38,0.12311535,2.48,0.0078,0.0,1192.0,568.378,0.05454,4.40966548,,5877.0,1.15,1.1,Transit,2016.0,Kepler,753.723,Terrestrial
Kepler-915 b,Kepler-915,1.5,0.13382104,2.86,0.00899,0.0,1319.0,844.751,0.05655,4.59489604,,6173.0,1.38,1.21,Transit,2016.0,Kepler,849.036,Super-Earth
Kepler-916 b,Kepler-916,1.76,0.15701668,3.75,0.0118,0.0,503.0,14.683,0.1885,32.2968798,,5248.0,0.81,0.85,Transit,2016.0,Kepler,830.712,Super-Earth
Kepler-917 b,Kepler-917,1.91,0.17039879,4.31,0.0136,0.0,991.0,228.11,0.0378,2.970414375,,5418.0,0.76,0.8,Transit,2016.0,Kepler,3460.51,Super-Earth
Kepler-918 b,Kepler-918,1.74,0.1552324,3.68,0.0116,0.0,1052.0,258.702,0.0569,4.85386933,,6028.0,1.14,1.11,Transit,2016.0,Kepler,1025.03,Super-Earth
Kepler-919 b,Kepler-919,2.25,0.20073156,5.69,0.0179,0.0,869.0,153.915,0.0981,11.04603384,,6113.0,1.21,1.15,Transit,2016.0,Kepler,1119.87,Super-Earth
Kepler-92 b,Kepler-92,3.51,0.313,64.3,0.202,0.17,975.0,257.776,0.12232,13.749,,5883.0,1.7,1.21,Transit,2013.0,Kepler,477.992,Neptunian
Kepler-92 c,Kepler-92,2.6,0.232,6.1,0.019,0.04,781.0,106.207,0.19054,26.723,,5883.0,1.7,1.21,Transit,2013.0,Kepler,477.992,Neptunian
Kepler-92 d,Kepler-92,2.067,0.18440539,11.8666806,0.0373364,0.07,637.0,46.844,0.28682,49.3568,,5904.34,1.81719,1.07,Transit,2015.0,Kepler,477.992,Super-Earth
Kepler-920 b,Kepler-920,2.42,0.21589794,6.44,0.0203,0.0,907.0,153.138,0.065,6.53192704,,5403.0,0.85,0.89,Transit,2016.0,Kepler,1001.68,Super-Earth
Kepler-920 c,Kepler-920,3.8,0.33901329,13.8,0.0436,0.0,364.0,3.986,0.4029,100.8274113,,5403.0,0.85,0.89,Transit,2016.0,Kepler,1001.68,Neptunian
Kepler-921 b,Kepler-921,2.87,0.25604425,8.6,0.0271,0.0,492.0,15.007,0.2716,51.300634,,5663.0,0.91,0.93,Transit,2016.0,Kepler,934.49,Neptunian
Kepler-922 b,Kepler-922,1.42,0.12668391,2.6,0.00819,0.0,1876.0,2142.634,0.01795,0.938466832,,5671.0,0.93,0.95,Transit,2016.0,Kepler,536.323,Terrestrial
Kepler-923 b,Kepler-923,1.38,0.12311535,2.48,0.0078,0.0,1104.0,390.636,0.07592,6.93366476,,5988.0,1.26,1.11,Transit,2016.0,Kepler,1000.28,Terrestrial
Kepler-924 b,Kepler-924,3.07,0.27388706,9.64,0.0303,0.0,610.0,19.997,0.31318,61.0370117,,6167.0,1.23,1.14,Transit,2016.0,Kepler,1053.04,Neptunian
Kepler-925 b,Kepler-925,2.34,0.20876082,6.08,0.0191,0.0,394.0,5.833,0.1805,33.8678531,,4673.0,0.72,0.77,Transit,2016.0,Kepler,611.115,Super-Earth
Kepler-926 b,Kepler-926,2.31,0.2060844,5.95,0.0187,0.0,524.0,17.883,0.2739,52.0688601,,5806.0,1.01,1.01,Transit,2016.0,Kepler,921.361,Super-Earth
Kepler-927 b,Kepler-927,1.72,0.15344812,3.61,0.0113,0.0,906.0,129.534,0.0866,9.1149903,,5743.0,0.99,0.99,Transit,2016.0,Kepler,831.685,Super-Earth
Kepler-928 b,Kepler-928,1.59,0.1418503,3.15,0.00993,0.0,894.0,111.11,0.0444,3.932461302,,4700.0,0.7,0.73,Transit,2016.0,Kepler,508.809,Super-Earth
Kepler-929 b,Kepler-929,1.11,0.09902757,1.41,0.00444,0.0,2362.0,8159.933,0.01982,0.921032135,,5869.0,1.02,1.01,Transit,2016.0,Kepler,1311.23,Terrestrial
Kepler-93 b,Kepler-93,1.478,0.13185856,4.66,0.014662,0.0,1133.0,275.0,0.05343,4.72673978,,5669.0,0.919,0.911,Transit,2014.0,Kepler,95.9115,Terrestrial
Kepler-930 b,Kepler-930,2.13,0.19002587,5.18,0.0163,0.0,561.0,16.851,0.34593,71.4517775,,6335.0,1.4,1.25,Transit,2016.0,Kepler,848.396,Super-Earth
Kepler-931 b,Kepler-931,1.33,0.11865465,2.33,0.00733,0.0,744.0,72.44,0.0719,8.03755877,,5241.0,0.81,0.86,Transit,2016.0,Kepler,490.0,Terrestrial
Kepler-932 b,Kepler-932,1.37,0.12222321,2.45,0.00771,0.0,1276.0,562.217,0.02876,1.921437396,,5331.0,0.84,0.87,Transit,2016.0,Kepler,465.612,Terrestrial
Kepler-933 b,Kepler-933,2.46,0.2194665,6.62,0.0208,0.0,602.0,61.323,0.1041,14.20443009,,5346.0,0.84,0.87,Transit,2016.0,Kepler,1017.2,Super-Earth
Kepler-934 b,Kepler-934,2.09,0.18645731,5.02,0.0158,0.0,384.0,4.716,0.2658,55.6738309,,5001.0,0.77,0.81,Transit,2016.0,Kepler,608.738,Super-Earth
Kepler-935 b,Kepler-935,1.35,0.12043893,2.39,0.00752,0.0,879.0,94.607,0.0527,4.88083852,,4830.0,0.73,0.78,Transit,2016.0,Kepler,471.782,Terrestrial
Kepler-936 b,Kepler-936,1.45,0.12936034,2.7,0.00849,0.0,867.0,133.56,0.0954,10.56134221,,5482.0,0.89,0.92,Transit,2016.0,Kepler,823.399,Terrestrial
Kepler-937 b,Kepler-937,3.72,0.33187617,13.4,0.042,0.0,495.0,20.627,0.3214,67.668827,,6095.0,1.22,1.15,Transit,2016.0,Kepler,1571.46,Neptunian
Kepler-937 c,Kepler-937,2.67,0.23820145,7.61,0.0239,0.0,377.0,6.93,0.5545,153.343364,,6095.0,1.22,1.15,Transit,2016.0,Kepler,1571.46,Neptunian
Kepler-938 b,Kepler-938,2.22,0.19805513,5.56,0.0175,0.0,544.0,8.57,0.2689,52.6298417,,5533.0,0.89,0.92,Transit,2016.0,Kepler,1182.05,Super-Earth
Kepler-939 b,Kepler-939,1.75,0.15612454,3.71,0.0117,0.0,692.0,54.19,0.1153,14.878296,,5471.0,0.85,0.88,Transit,2016.0,Kepler,2093.62,Super-Earth
Kepler-94 b,Kepler-94,3.51,0.313,10.84,0.034,0.0,997.0,216.094,0.03377,2.50806,M0 V,4781.0,0.76,0.81,Transit,2014.0,Kepler,191.904,Neptunian
Kepler-94 c,Kepler-94,12.5,1.11,3126.0,9.836,0.345931,,,1.596806621,820.3,M0 V,4781.0,0.76,0.81,Radial Velocity,2014.0,W. M. Keck Observatory,191.904,Gas Giant
Kepler-940 b,Kepler-940,3.34,0.29797484,11.1,0.035,0.0,486.0,10.519,0.3059,59.6225257,,5769.0,0.96,0.97,Transit,2016.0,Kepler,1260.78,Neptunian
Kepler-941 b,Kepler-941,3.08,0.2747792,9.69,0.0305,0.0,722.0,47.032,0.1311,17.42395198,,5539.0,0.86,0.89,Transit,2016.0,Kepler,1088.36,Neptunian
Kepler-942 b,Kepler-942,2.13,0.19002587,5.18,0.0163,0.0,379.0,4.957,0.22737,44.96417488,,4861.0,0.75,0.81,Transit,2016.0,Kepler,216.354,Super-Earth
Kepler-943 b,Kepler-943,5.93,0.52903916,29.5,0.0928,0.0,455.0,10.16,0.2559,49.7701438,,5612.0,0.91,0.93,Transit,2016.0,Kepler,2300.53,Neptunian
Kepler-944 b,Kepler-944,2.63,0.23463288,7.41,0.0233,0.0,459.0,20.174,0.2288,43.3167737,,5409.0,0.83,0.86,Transit,2016.0,Kepler,1349.43,Neptunian
Kepler-945 b,Kepler-945,2.63,0.23463288,7.41,0.0233,0.0,616.0,31.702,0.2037,31.0033814,,5718.0,0.97,0.97,Transit,2016.0,Kepler,1651.25,Neptunian
Kepler-946 b,Kepler-946,1.93,0.17218307,4.38,0.0138,0.0,857.0,124.072,0.1002,11.79162572,,5665.0,0.93,0.94,Transit,2016.0,Kepler,1137.29,Super-Earth
Kepler-947 b,Kepler-947,2.28,0.20340798,5.82,0.0183,0.0,573.0,51.95,0.1773,26.9644317,,5508.0,0.87,0.9,Transit,2016.0,Kepler,1730.78,Super-Earth
Kepler-948 b,Kepler-948,1.85,0.16504595,4.08,0.0128,0.0,841.0,126.203,0.0749,7.76846622,,5679.0,0.94,0.96,Transit,2016.0,Kepler,868.017,Super-Earth
Kepler-949 b,Kepler-949,2.91,0.25961281,8.8,0.0277,0.0,782.0,58.442,0.07739,8.689307296,,5403.0,0.86,0.89,Transit,2016.0,Kepler,486.105,Neptunian
Kepler-949 c,Kepler-949,2.97,0.26496611,9.11,0.0287,0.0,582.0,27.2,0.1394,20.99757968,,5211.0,0.895,0.817,Transit,2023.0,Kepler,486.105,Neptunian
Kepler-95 b,Kepler-95,3.42,0.305,13.0,0.041,0.0,927.0,178.832,0.10232,11.5231,,5699.0,1.41,1.08,Transit,2014.0,Kepler,445.656,Neptunian
Kepler-950 b,Kepler-950,8.98,0.80114194,59.6,0.188,0.0,360.0,3.97,0.3982,98.7180406,,5857.0,1.02,1.02,Transit,2016.0,Kepler,2161.6,Gas Giant
Kepler-951 b,Kepler-951,5.59,0.4987064,26.7,0.0839,0.0,340.0,2.472,0.3091,71.52530845,,4834.0,0.73,0.77,Transit,2016.0,Kepler,382.509,Neptunian
Kepler-952 b,Kepler-952,7.65,0.68248729,45.4,0.143,0.0,369.0,5.046,0.5183,130.3546919,,5730.0,0.99,1.0,Transit,2016.0,Kepler,1304.25,Gas Giant
Kepler-953 b,Kepler-953,4.21,0.37559104,16.5,0.0519,0.0,410.0,5.84,0.392,88.40655258,,5416.0,0.99,0.95,Transit,2016.0,Kepler,258.893,Neptunian
Kepler-953 c,Kepler-953,1.19,0.10616469,1.81,0.0057,0.0,873.0,121.04,0.0862,9.10967112,,5416.0,0.99,0.95,Transit,2016.0,Kepler,258.893,Terrestrial
Kepler-954 b,Kepler-954,2.32,0.20697654,5.99,0.0189,0.0,545.0,21.531,0.1202,16.78176602,,4990.0,0.76,0.82,Transit,2016.0,Kepler,215.814,Super-Earth
Kepler-955 b,Kepler-955,3.13,0.2792399,9.96,0.0313,0.0,664.0,33.091,0.1083,14.53244172,,5350.0,0.84,0.89,Transit,2016.0,Kepler,550.383,Neptunian
Kepler-956 b,Kepler-956,3.0,0.26764207,9.27,0.0292,0.0,1056.0,307.058,0.06017,5.248672631,,6040.0,1.15,1.1,Transit,2016.0,Kepler,544.939,Neptunian
Kepler-957 b,Kepler-957,5.5,0.49067713,25.9,0.0816,0.0,769.0,124.911,0.0559,5.907413537,,4963.0,0.75,0.81,Transit,2016.0,Kepler,824.688,Neptunian
Kepler-958 b,Kepler-958,2.06,0.18378089,4.9,0.0154,0.0,749.0,73.59,0.08631,9.7678805,,5421.0,0.86,0.91,Transit,2016.0,Kepler,449.773,Super-Earth
Kepler-959 b,Kepler-959,4.38,0.39075743,17.6,0.0555,0.0,1912.0,165.868,0.1633,14.80074836,,7005.0,2.01,1.6,Transit,2016.0,Kepler,807.729,Neptunian
Kepler-96 b,Kepler-96,2.67,0.238,8.46,0.027,0.0,711.0,57.524,0.1261,16.2385,,5690.0,1.02,1.0,Transit,2014.0,Kepler,122.881,Neptunian
Kepler-960 b,Kepler-960,2.29,0.20430012,5.86,0.0184,0.0,1391.0,129.223,0.03807,3.12686223,,4755.0,0.72,0.77,Transit,2016.0,Kepler,284.916,Super-Earth
Kepler-961 b,Kepler-961,2.55,0.22749576,7.04,0.0221,0.0,642.0,40.4,0.12585,16.87727414,,5582.0,0.9,0.96,Transit,2016.0,Kepler,574.314,Neptunian
Kepler-962 b,Kepler-962,1.97,0.17575163,4.54,0.0143,0.0,689.0,53.823,0.09874,12.05707239,,5478.0,0.86,0.93,Transit,2016.0,Kepler,411.486,Super-Earth
Kepler-963 b,Kepler-963,2.66,0.23730931,7.56,0.0238,0.0,802.0,83.494,0.0849,9.97683705,G,5461.0,0.87,0.91,Transit,2016.0,Kepler,771.494,Neptunian
Kepler-964 b,Kepler-964,2.12,0.18913373,5.14,0.0162,0.0,652.0,43.916,0.1073,13.5225106,,5427.0,0.84,0.93,Transit,2016.0,Kepler,454.626,Super-Earth
Kepler-965 b,Kepler-965,3.38,0.3015434,11.4,0.0357,0.0,393.0,4.98,0.50998,134.2527298,,5886.0,1.15,1.05,Transit,2016.0,Kepler,582.828,Neptunian
Kepler-966 b,Kepler-966,4.13,0.36845392,16.0,0.0502,0.0,391.0,10.972,0.3907,99.747622,,5840.0,1.02,1.02,Transit,2016.0,Kepler,1027.8,Neptunian
Kepler-967 b,Kepler-967,2.35,0.20965296,6.12,0.0193,0.0,638.0,39.1,0.1027,13.22713379,,5178.0,0.8,0.84,Transit,2016.0,Kepler,568.546,Super-Earth
Kepler-967 c,Kepler-967,3.65,0.32563119,12.9,0.0407,0.0,258.0,1.05,0.6253,198.7112502,,5178.0,0.8,0.84,Transit,2016.0,Kepler,568.546,Neptunian
Kepler-968 b,Kepler-968,2.0,0.17842805,4.66,0.0147,0.0,745.0,103.909,0.0389,3.692983728,,4598.0,0.7,0.76,Transit,2016.0,Kepler,290.324,Super-Earth
Kepler-968 c,Kepler-968,1.69,0.1507717,3.5,0.011,0.0,644.0,58.15,0.052,5.709404918,,4598.0,0.7,0.76,Transit,2016.0,Kepler,290.324,Super-Earth
Kepler-969 b,Kepler-969,2.07,0.18467303,4.94,0.0155,0.0,465.0,10.166,0.19726,34.1731714,,5214.0,0.82,0.92,Transit,2016.0,Kepler,390.354,Super-Earth
Kepler-969 c,Kepler-969,0.99,0.08832188,0.937,0.00295,0.0,1270.0,564.581,0.0265,1.682934604,,5214.0,0.82,0.92,Transit,2016.0,Kepler,390.354,Terrestrial
Kepler-97 b,Kepler-97,1.48,0.132,3.51,0.011,0.0,1328.0,767.964,0.03563,2.58664,,5779.0,0.98,0.94,Transit,2014.0,Kepler,400.907,Terrestrial
Kepler-970 b,Kepler-970,2.609,0.23275979,7.31,0.023,0.34,464.0,11.111,0.139,16.736525,,4290.0,0.71,0.67,Transit,2016.0,Kepler,331.545,Neptunian
Kepler-971 b,Kepler-971,2.13,0.19002587,5.18,0.0163,0.0,1087.0,82.766,0.08679,9.59070716,,5431.0,0.85,0.88,Transit,2016.0,Kepler,338.522,Super-Earth
Kepler-972 b,Kepler-972,4.65,0.41484521,19.5,0.0614,0.0,1060.0,266.514,0.0734,7.03932553,,6146.0,1.22,1.15,Transit,2016.0,Kepler,1198.03,Neptunian
Kepler-973 b,Kepler-973,1.96,0.17485949,4.5,0.0142,0.0,402.0,7.892,0.2489,49.6077331,,5213.0,0.78,0.86,Transit,2016.0,Kepler,328.52,Super-Earth
Kepler-974 b,Kepler-974,1.57,0.14006602,3.09,0.00972,0.0,577.0,28.511,0.0419,4.194496514,,3687.0,0.5,0.52,Transit,2016.0,Kepler,134.311,Super-Earth
Kepler-975 b,Kepler-975,1.48,0.13203676,2.79,0.00879,0.0,1599.0,328.698,0.02898,1.970342457,,4897.0,0.75,0.8,Transit,2016.0,Kepler,426.088,Terrestrial
Kepler-975 c,Kepler-975,10.69,0.95369956,80.2,0.252,0.0,1168.0,439.8,0.0567,5.05821338,,4883.0,1.667,0.951,Transit,2023.0,Kepler,426.088,Gas Giant
Kepler-976 b,Kepler-976,3.96,0.35328754,14.9,0.0467,0.0,324.0,2.661,0.4217,105.9564148,,5232.0,0.83,0.87,Transit,2016.0,Kepler,1012.41,Neptunian
Kepler-977 b,Kepler-977,2.62,0.23374074,7.37,0.0232,0.0,544.0,13.955,0.162,26.85328322,,5315.0,0.83,0.87,Transit,2016.0,Kepler,568.751,Neptunian
Kepler-978 b,Kepler-978,2.99,0.26674993,9.22,0.029,0.0,546.0,20.99,0.2726,49.6221509,,6002.0,1.09,1.07,Transit,2016.0,Kepler,682.522,Neptunian
Kepler-979 b,Kepler-979,2.72,0.24266215,7.85,0.0247,0.0,792.0,77.841,0.0753,8.0880135,,5310.0,0.83,0.87,Transit,2016.0,Kepler,576.503,Neptunian
Kepler-98 b,Kepler-98,1.99,0.178,3.55,0.011,0.0,1592.0,1107.389,0.02614,1.54168,,5539.0,1.11,0.99,Transit,2014.0,Kepler,350.315,Super-Earth
Kepler-980 b,Kepler-980,2.67,0.23820145,7.61,0.0239,0.0,845.0,170.137,0.09993,11.55102504,,5935.0,1.06,1.05,Transit,2016.0,Kepler,961.468,Neptunian
Kepler-981 b,Kepler-981,2.31,0.2060844,5.95,0.0187,0.0,1103.0,337.471,0.0535,4.469757736,,5718.0,0.96,0.98,Transit,2016.0,Kepler,878.082,Super-Earth
Kepler-982 b,Kepler-982,2.25,0.20073156,5.69,0.0179,0.0,955.0,185.203,0.1277,15.7738221,,6139.0,1.29,1.16,Transit,2016.0,Kepler,801.479,Super-Earth
Kepler-983 b,Kepler-983,2.36,0.2105451,6.17,0.0194,0.0,485.0,30.997,0.3148,60.0855082,,6052.0,1.08,1.13,Transit,2016.0,Kepler,714.437,Super-Earth
Kepler-984 b,Kepler-984,2.12,0.18913373,5.14,0.0162,0.0,484.0,13.991,0.23688,43.0342272,,5610.0,0.93,0.96,Transit,2016.0,Kepler,460.188,Super-Earth
Kepler-985 b,Kepler-985,2.98,0.26585779,9.17,0.0288,0.0,323.0,2.4,0.44664,116.331901,,5434.0,0.85,0.91,Transit,2016.0,Kepler,679.361,Neptunian
Kepler-986 b,Kepler-986,2.36,0.2105451,6.17,0.0194,0.0,465.0,10.857,0.29131,56.4349938,,5642.0,0.98,0.96,Transit,2016.0,Kepler,548.364,Super-Earth
Kepler-987 b,Kepler-987,3.26,0.29083772,10.7,0.0336,0.0,351.0,3.853,0.4238,105.3033148,,5637.0,0.91,0.97,Transit,2016.0,Kepler,914.126,Neptunian
Kepler-988 b,Kepler-988,2.07,0.18467303,4.94,0.0155,0.0,368.0,6.56,0.1085,17.76080053,,4005.0,0.53,0.55,Transit,2016.0,Kepler,304.889,Super-Earth
Kepler-989 b,Kepler-989,2.21,0.19716299,5.52,0.0174,0.0,805.0,74.35,0.0734,7.964315352,,5074.0,0.78,0.82,Transit,2016.0,Kepler,491.978,Super-Earth
Kepler-99 b,Kepler-99,1.48,0.132,6.15,0.019,0.0,810.0,108.042,0.05071,4.60358,,4782.0,0.73,0.79,Transit,2014.0,Kepler,208.369,Terrestrial
Kepler-990 b,Kepler-990,2.6,0.23195646,7.27,0.0229,0.0,903.0,108.3,0.08595,9.91723428,,5948.0,1.08,1.05,Transit,2016.0,Kepler,802.163,Neptunian
Kepler-990 c,Kepler-990,1.53,0.13649746,2.96,0.0093,0.0,2386.0,5272.4,0.01232,0.538354308,,5948.0,1.08,1.05,Transit,2016.0,Kepler,802.163,Super-Earth
Kepler-991 b,Kepler-991,2.54,0.22660362,6.99,0.022,0.0,260.0,1.371,0.3104,82.5342519,,4392.0,0.61,0.64,Transit,2016.0,Kepler,389.561,Neptunian
Kepler-992 b,Kepler-992,1.62,0.14452672,3.26,0.0102,0.0,510.0,15.291,0.13372,20.16034462,,4944.0,0.74,0.8,Transit,2016.0,Kepler,259.639,Super-Earth
Kepler-993 b,Kepler-993,2.97,0.26496565,9.11,0.0287,0.0,352.0,3.954,0.13,22.08557563,,3843.0,0.54,0.57,Transit,2016.0,Kepler,324.423,Neptunian
Kepler-994 b,Kepler-994,1.6,0.14274244,3.19,0.01,0.0,957.0,243.984,0.0177,1.151166506,,3934.0,0.54,0.56,Transit,2016.0,Kepler,188.158,Super-Earth
Kepler-995 b,Kepler-995,2.7,0.24087787,7.75,0.0244,0.0,517.0,11.92,0.1701,28.26731672,,5206.0,0.8,0.83,Transit,2016.0,Kepler,609.638,Neptunian
Kepler-996 b,Kepler-996,1.98,0.17664377,4.58,0.0144,0.0,1272.0,723.081,0.0474,3.770590584,,6014.0,1.14,1.09,Transit,2016.0,Kepler,1216.58,Super-Earth
Kepler-997 b,Kepler-997,1.36,0.12133107,2.42,0.00761,0.0,1709.0,1900.131,0.04022,2.707306716,,6150.0,1.56,1.22,Transit,2016.0,Kepler,467.568,Terrestrial
Kepler-998 b,Kepler-998,2.32,0.20697654,5.99,0.0189,0.0,1020.0,409.917,0.0626,5.65377733,,6058.0,1.18,1.12,Transit,2016.0,Kepler,986.364,Super-Earth
Kepler-999 b,Kepler-999,2.34,0.20876082,6.08,0.0191,0.0,1355.0,740.173,0.06918,5.991857017,,6237.0,1.65,1.29,Transit,2016.0,Kepler,545.063,Super-Earth
L 168-9 b,L 168-9,1.63,0.14541911,4.07,0.01280565,0.0,998.0,149.3748,0.0208,1.40152604,M0.5 V,3842.0,0.604,0.614,Transit,2020.0,Transiting Exoplanet Survey Satellite (TESS),25.1496,Super-Earth
L 363-38 b,L 363-38,2.0,0.179,4.67,0.01469346,,330.0,,0.048,8.781,,3129.0,0.274,0.21,Radial Velocity,2023.0,Paranal Observatory,10.2295,Super-Earth
L 98-59 b,L 98-59,0.837,0.07467227,0.46,0.00144732,0.031,620.0,24.5,0.0223,2.253114,M3 V,3415.0,0.3155,0.2923,Transit,2019.0,Transiting Exoplanet Survey Satellite (TESS),10.6194,Terrestrial
L 98-59 c,L 98-59,1.329,0.11856564,2.0,0.0062927,0.002,526.0,12.7,0.0309,3.6906764,M3 V,3415.0,0.3155,0.2923,Transit,2019.0,Transiting Exoplanet Survey Satellite (TESS),10.6194,Terrestrial
L 98-59 d,L 98-59,1.627,0.14515147,1.64,0.00516002,0.006,416.0,4.97,0.0494,7.450729,M3 V,3415.0,0.3155,0.2923,Transit,2019.0,Transiting Exoplanet Survey Satellite (TESS),10.6194,Super-Earth
L 98-59 e,L 98-59,1.49,0.133,2.82,0.00887271,0.012,347.0,2.4,0.0712,12.8278,M3 V,3415.0,0.3155,0.2923,Radial Velocity,2021.0,Multiple Observatories,10.6194,Terrestrial
L 98-59 f,L 98-59,1.48,0.132,2.8,0.00880979,0.044,285.0,1.1,0.1052,23.064,M3 V,3415.0,0.3155,0.2923,Radial Velocity,2025.0,Multiple Facilities,10.6194,Terrestrial
LHS 1140 b,LHS 1140,1.73,0.15434053,5.6,0.01761957,0.043,226.0,0.43,0.0946,24.73723,M4.5 V,3096.0,0.2159,0.1844,Transit,2017.0,MEarth Project,14.9861,Super-Earth
LHS 1140 c,LHS 1140,1.272,0.11348043,1.91,0.00600953,0.05,422.0,5.3,0.027,3.77794,M4.5 V,3096.0,0.2159,0.1844,Transit,2018.0,Multiple Observatories,14.9861,Terrestrial
LHS 1478 b,LHS 1478,1.242,0.11080401,2.33,0.007331,,595.0,23.3722,0.01848,1.9495378,m3 V,3381.0,0.246,0.236,Transit,2021.0,Transiting Exoplanet Survey Satellite (TESS),18.2276,Terrestrial
LHS 1678 b,LHS 1678,0.685,0.06111171,0.35,0.00110122,0.033,830.44,94.3,0.01239,0.8602325,M2.0 V,3490.0,0.329,0.345,Transit,2021.0,Transiting Exoplanet Survey Satellite (TESS),19.8782,Terrestrial
LHS 1678 c,LHS 1678,0.941,0.08395054,1.4,0.00440489,0.039,510.9,13.5,0.0327,3.694284,M2.0 V,3490.0,0.329,0.345,Transit,2021.0,Transiting Exoplanet Survey Satellite (TESS),19.8782,Terrestrial
LHS 1678 d,LHS 1678,0.981,0.08751911,0.907,0.00285,0.036,462.95,9.1,0.04,4.9652229,M2.0 V,3490.0,0.329,0.345,Transit,2024.0,Transiting Exoplanet Survey Satellite (TESS),19.8782,Terrestrial
LHS 1815 b,LHS 1815,1.088,0.09706503,1.58,0.00497124,0.0,617.0,26.3712,0.0404,3.814334,M1,3643.0,0.501,0.502,Transit,2020.0,Transiting Exoplanet Survey Satellite (TESS),29.8424,Terrestrial
LHS 1903 b,LHS 1903,1.382,0.12329399,3.28,0.01032003,0.015,796.0,66.66,0.02656,2.1555098,M,3664.0,0.539,0.538,Transit,2026.0,Transiting Exoplanet Survey Satellite (TESS),35.6917,Terrestrial
LHS 1903 c,LHS 1903,2.046,0.18253221,4.55,0.0143159,0.089,559.0,16.2,0.05387,6.226185,M,3664.0,0.539,0.538,Transit,2026.0,Transiting Exoplanet Survey Satellite (TESS),35.6917,Super-Earth
LHS 1903 d,LHS 1903,2.5,0.22303545,5.96,0.01875226,0.112,442.0,6.35,0.08604,12.566287,M,3664.0,0.539,0.538,Transit,2026.0,Transiting Exoplanet Survey Satellite (TESS),35.6917,Super-Earth
LHS 1903 e,LHS 1903,1.732,0.15451896,5.79,0.01821738,0.014,333.0,2.05,0.15135,29.31773,M,3664.0,0.539,0.538,Transit,2026.0,CHaracterising ExOPlanets Satellite (CHEOPS),35.6917,Super-Earth
LHS 3154 b,LHS 3154,3.69,0.329,13.15,0.04137453,0.076,,,0.02262,3.71778,M6.5,2861.0,0.1405,0.1118,Radial Velocity,2023.0,McDonald Observatory,15.7606,Neptunian
LHS 3844 b,LHS 3844,1.303,0.11624587,2.25,0.00708,,805.0,70.1,0.00622,0.46292913,M5,3036.0,0.189,0.151,Transit,2019.0,Transiting Exoplanet Survey Satellite (TESS),14.8846,Terrestrial
LHS 475 b,LHS 475,0.991,0.08841125,0.941,0.00296,0.0,586.0,20.8,0.02037,2.029088,M3.5 V,3300.0,0.2789,0.262,Transit,2023.0,Transiting Exoplanet Survey Satellite (TESS),12.4814,Terrestrial
LP 261-75 b,LP 261-75 A,12.1,1.08,6674.396547,21.0,,1500.0,,450.0,,M4.5 V,3138.0,0.308,0.22,Imaging,2006.0,Apache Point Observatory,33.928,Gas Giant
LP 714-47 b,LP 714-47,4.7,0.41930591,30.8,0.09690715,0.04,700.0,38.5441,0.0417,4.052037,M0.0 V,3950.0,0.584,0.59,Transit,2020.0,Transiting Exoplanet Survey Satellite (TESS),52.616,Neptunian
LP 791-18 b,LP 791-18,1.212,0.10812758,1.94,0.00609,0.0,564.3,24.14,0.00978,0.9479981,M(6.1 +/- 0.7) V,2960.0,0.182,0.139,Transit,2019.0,Transiting Exoplanet Survey Satellite (TESS),26.4927,Terrestrial
LP 791-18 c,LP 791-18,2.488,0.22196488,7.16,0.02252788,0.0001,324.4,2.637,0.02961,4.98991,M(6.1 +/- 0.7) V,2960.0,0.182,0.139,Transit,2019.0,Transiting Exoplanet Survey Satellite (TESS),26.4927,Super-Earth
LP 791-18 d,LP 791-18,1.032,0.09206903,0.91,0.00286318,0.0011,395.5,5.83,0.01992,2.75485,M(6.1 +/- 0.7) V,2960.0,0.182,0.139,Transit,2023.0,Spitzer Space Telescope,26.4927,Terrestrial
LP 890-9 b,LP 890-9,1.32,0.11776272,13.2,0.04153184,,396.0,4.09,0.01875,2.7299025,M6 V,2850.0,0.1556,0.118,Transit,2022.0,Transiting Exoplanet Survey Satellite (TESS),32.4298,Terrestrial
LP 890-9 c,LP 890-9,1.367,0.12195578,25.3,0.0796027,,272.0,0.906,0.03984,8.457463,M6 V,2850.0,0.1556,0.118,Transit,2022.0,SPECULOOS Southern Observatory,32.4298,Terrestrial
LSPM J2116+0234 b,LSPM J2116+0234,3.71,0.331,13.3,0.04184627,0.183,,,0.0876,14.4399,M3.0 V,3475.0,0.431,0.43,Radial Velocity,2019.0,Calar Alto Observatory,17.6297,Neptunian
LTT 1445 A b,LTT 1445 A,1.34,0.119547,2.73,0.00858954,0.18,431.0,5.7,0.0381,5.3587635,M3.0,3562.0,0.271,0.257,Transit,2019.0,Transiting Exoplanet Survey Satellite (TESS),6.86929,Terrestrial
LTT 1445 A c,LTT 1445 A,1.147,0.10232866,1.54,0.00484538,0.223,508.0,10.9,0.02661,3.1239035,M3.0,3340.0,0.265,0.257,Transit,2022.0,Transiting Exoplanet Survey Satellite (TESS),6.86929,Terrestrial
LTT 3780 b,LTT 3780,1.325,0.11820879,2.46,0.00774003,0.0,903.0,111.0,0.01195,0.76837931,M3.5 V,3358.0,0.38,0.381,Transit,2020.0,Transiting Exoplanet Survey Satellite (TESS),21.9814,Terrestrial
LTT 3780 c,LTT 3780,2.39,0.21322189,8.04,0.02529667,0.024,359.0,2.76,0.0757,12.252284,M3.5 V,3358.0,0.38,0.381,Transit,2020.0,Transiting Exoplanet Survey Satellite (TESS),21.9814,Super-Earth
LTT 9779 b,LTT 9779,4.72,0.4210902,29.32,0.09225057,0.0,1978.0,1781.1556,0.01679,0.792052,G7 V,5443.0,0.949,1.02,Transit,2020.0,Transiting Exoplanet Survey Satellite (TESS),80.4373,Neptunian
Luhman 16 b,Luhman 16 A,11.9,1.06,9344.1551658,29.4,0.344,,,3.52,9697.0,,,,0.0338,Imaging,2017.0,Multiple Observatories,,Gas Giant
Lupus-TR-3 b,Lupus-TR-3,9.976,0.89,257.431,0.81,0.0,,,0.0464,3.91405,,5000.0,0.82,0.87,Transit,2007.0,Multiple Observatories,773.409,Gas Giant
MASCARA-1 b,MASCARA-1,17.90074218,1.597,1175.971,3.7,0.00034,2594.3,38711.5,0.040352,2.14877381,A8,7490.0,2.082,1.9,Transit,2017.0,Multiple Observatories,182.273,Gas Giant
MASCARA-4 b,MASCARA-4,16.98160576,1.515,532.36258173,1.675,0.0,2250.0,4913.69,0.0474,2.8240932,A7 V,7800.0,1.79,1.75,Transit,2020.0,Multiple Observatories,170.696,Gas Giant
MOA-2007-BLG-192L b,MOA-2007-BLG-192L,1.63,0.146,3.3,0.01,,,,0.62,,,,,0.06,Microlensing,2008.0,MOA,1000.0,Super-Earth
MOA-2007-BLG-400L b,MOA-2007-BLG-400L,13.5,1.2,540.3082919,1.7,,34.0,,5.9,,,,,0.69,Microlensing,2008.0,MOA,6890.0,Gas Giant
MOA-2008-BLG-310L b,MOA-2008-BLG-310L,5.18,0.462,23.4,0.0736,,,,1.1,,,,,0.21,Microlensing,2009.0,MOA,7700.0,Neptunian
MOA-2008-BLG-379L b,MOA-2008-BLG-379L,13.0,1.16,1300.0,4.1,,,,2.7,,K,,,0.56,Microlensing,2013.0,MOA,3300.0,Gas Giant
MOA-2009-BLG-266L b,MOA-2009-BLG-266L,3.21,0.286,10.4,0.0327,,,,3.2,2800.0,,,,0.56,Microlensing,2011.0,MOA,3040.0,Neptunian
MOA-2009-BLG-319L b,MOA-2009-BLG-319L,9.64,0.86,67.3,0.212,,,,2.03,,,,,0.524,Microlensing,2010.0,MOA,7050.0,Gas Giant
MOA-2009-BLG-387L b,MOA-2009-BLG-387L,13.2,1.18,830.0,2.6,,,,1.8,1980.0,,,,0.19,Microlensing,2010.0,MOA,5690.0,Gas Giant
MOA-2010-BLG-073L b,MOA-2010-BLG-073L,12.4,1.11,3500.0,11.0,,,,1.21,,,,,0.16,Microlensing,2012.0,MOA,2800.0,Gas Giant
MOA-2010-BLG-117L b,MOA-2010-BLG-117L,14.2,1.27,170.0,0.54,,,,2.42,,,,,0.58,Microlensing,2018.0,MOA,3500.0,Gas Giant
MOA-2010-BLG-328L b,MOA-2010-BLG-328L,2.99,0.266,9.2,0.029,,,,0.92,,,,,0.11,Microlensing,2013.0,MOA,810.0,Neptunian
MOA-2010-BLG-353L b,MOA-2010-BLG-353L,11.1,0.994,86.0,0.27,,,,1.72,,,,,0.18,Microlensing,2015.0,MOA,6430.0,Gas Giant
MOA-2010-BLG-477L b,MOA-2010-BLG-477L,13.6,1.21,480.0,1.5,,,,2.0,,,5950.0,,0.67,Microlensing,2012.0,MOA,2300.0,Gas Giant
MOA-2011-BLG-028L b,MOA-2011-BLG-028L,5.99,0.535,30.0,0.09,,,,4.14,,,,,0.75,Microlensing,2016.0,MOA,7380.0,Neptunian
MOA-2011-BLG-262L b,MOA-2011-BLG-262L,4.29,0.383,17.0,0.053,,,,0.95,,,,,0.11,Microlensing,2014.0,MOA,7200.0,Neptunian
MOA-2011-BLG-291L b,MOA-2011-BLG-291L,4.43,0.396,18.0,0.057,,,,0.69,,,,,0.15,Microlensing,2018.0,MOA,4400.0,Neptunian
MOA-2011-BLG-293L b,MOA-2011-BLG-293L,12.9,1.15,1500.0,4.8,,,,1.1,3000.0,,,,0.86,Microlensing,2012.0,MOA,7720.0,Gas Giant
MOA-2011-BLG-322L b,MOA-2011-BLG-322L,12.4,1.11,3690.0,11.6,,,,4.3,,,,,0.39,Microlensing,2013.0,MOA,7560.0,Gas Giant
MOA-2012-BLG-006L b,MOA-2012-BLG-006L,12.6,1.12,2700.0,8.4,,,,10.2,,,,,0.49,Microlensing,2017.0,Multiple Observatories,5300.0,Gas Giant
MOA-2012-BLG-505L b,MOA-2012-BLG-505L,2.48,0.221,6.7,0.0211,,,,0.9,,,,,0.1,Microlensing,2017.0,MOA,7210.0,Super-Earth
MOA-2013-BLG-220L b,MOA-2013-BLG-220L,13.2,1.18,871.0,2.74,,,,3.03,,,,,0.88,Microlensing,2014.0,MOA,6720.0,Gas Giant
MOA-2013-BLG-605L b,MOA-2013-BLG-605L,1.62,0.144,3.24,0.0102,,,,0.93,,,,,0.024,Microlensing,2016.0,MOA,850.0,Super-Earth
MOA-2015-BLG-337L b,MOA-2015-BLG-337L,6.42,0.572,33.7,0.106,,,,0.24,,,,,0.0094,Microlensing,2018.0,MOA,7100.0,Gas Giant
MOA-2016-BLG-227L b,MOA-2016-BLG-227L,13.2,1.18,890.0,2.8,,,,1.39,,,,,0.29,Microlensing,2017.0,MOA,6500.0,Gas Giant
MOA-2016-BLG-319L b,MOA-2016-BLG-319L,14.1,1.26,200.0,0.62,,,,0.95,,,,,0.15,Microlensing,2018.0,MOA,6800.0,Gas Giant
MOA-2016-BLG-526L b,MOA-2016-BLG-526L,3.97,0.354,14.93793513,0.047,,,,2.07,,,,,0.37,Microlensing,2024.0,MOA,6930.0,Neptunian
MOA-2020-BLG-135L b,MOA-2020-BLG-135L,3.37,0.301,11.3,0.03555378,,,,1.11,,,,,0.23,Microlensing,2022.0,MOA,7900.0,Neptunian
MOA-2020-BLG-208L b,MOA-2020-BLG-208L,7.71,0.688,46.0,0.14473219,,,,2.74,,,,,0.43,Microlensing,2023.0,MOA,7490.0,Gas Giant
MOA-2022-BLG-033L b,MOA-2022-BLG-033L,3.52,0.314,12.15,0.03822818,,,,2.15,,F7 V,,,0.51,Microlensing,2025.0,MOA,1840.0,Neptunian
MOA-2022-BLG-091L b,MOA-2022-BLG-091L,13.0,1.16,1141.00398113,3.59,,,,3.44,,G8 V,,,0.75,Microlensing,2025.0,MOA,4250.0,Gas Giant
MOA-2022-BLG-249L b,MOA-2022-BLG-249L,2.04,0.182,4.83,0.01519688,,,,1.63,,,,,0.18,Microlensing,2023.0,MOA,2000.0,Super-Earth
MOA-2022-BLG-563L b,MOA-2022-BLG-563L,14.0,1.25,127.1313628,0.4,,,,2.15,,,,,0.48,Microlensing,2024.0,MOA,6530.0,Gas Giant
MOA-bin-1L b,MOA-bin-1L,13.0,1.16,1200.0,3.7,,,,8.3,,,,,0.75,Microlensing,2012.0,MOA,5100.0,Gas Giant
MOA-bin-29 b,MOA-bin-29,14.1,1.26,190.0,0.6,,,,0.48,,,,,0.03,Microlensing,2019.0,MOA,7120.0,Gas Giant
MXB 1658-298 b,MXB 1658-298,12.0,1.07,7532.571,23.7,,,,1.613,760.0,,,,1.98,Eclipse Timing Variations,2017.0,Multiple Observatories,,Gas Giant
NGC 2682 Sand 1429 b,NGC 2682 Sand 1429,13.4,1.2,572.0911326,1.8,0.0,683.0,,0.384,77.48,F9.5 V,6000.0,2.13,1.26,Radial Velocity,2024.0,Multiple Observatories,852.793,Gas Giant
NGTS-1 b,NGTS-1,14.90797,1.33,258.07796,0.812,0.016,790.0,65.3,0.0326,2.647298,M0.5,3916.0,0.573,0.617,Transit,2017.0,Next-Generation Transit Survey (NGTS),218.121,Gas Giant
NGTS-10 b,NGTS-10,13.506845,1.205,687.14846,2.162,0.0,1332.0,,0.0143,0.7668944,K5 V,4600.0,0.697,0.696,Transit,2020.0,Next-Generation Transit Survey (NGTS),324.69865036,Gas Giant
NGTS-11 b,NGTS-11,9.157753,0.817,109.33352,0.344,0.13,435.0,9.242,0.201,35.45533,K,5050.0,0.832,0.862,Transit,2020.0,Transiting Exoplanet Survey Satellite (TESS),190.422,Gas Giant
NGTS-12 b,NGTS-12,11.747032,1.048,66.10864,0.208,0.0,1257.0,416.0,0.0757,7.532806,G,5690.0,1.589,1.021,Transit,2020.0,Next-Generation Transit Survey (NGTS),446.442,Gas Giant
NGTS-13 b,NGTS-13,12.800678,1.142,1538.2972,4.84,0.086,1605.0,1096.0,0.0549,4.119027,,5819.0,1.788,1.3,Transit,2021.0,Next-Generation Transit Survey (NGTS),647.595,Gas Giant
NGTS-14 A b,NGTS-14 A,4.976796,0.444,29.24036,0.092,0.0,1143.0,191.782,0.0403,3.5357173,K1 V,5187.0,0.842,0.898,Transit,2021.0,Next-Generation Transit Survey (NGTS),322.148,Neptunian
NGTS-15 b,NGTS-15,12.32987877,1.1,238.68913366,0.751,0.0,1146.0,425.0,0.0441,3.27623,G6 V,5600.0,0.954,0.995,Transit,2021.0,Next-Generation Transit Survey (NGTS),786.485,Gas Giant
NGTS-16 b,NGTS-16,14.57167491,1.3,211.99154747,0.667,0.0,1177.0,480.0,0.0523,4.84532,G7 V,5550.0,1.213,1.002,Transit,2021.0,Next-Generation Transit Survey (NGTS),898.168,Gas Giant
NGTS-17 b,NGTS-17,13.89913607,1.24,242.82090295,0.764,0.0,1457.0,1160.0,0.0391,3.24253,G4 V,5650.0,1.337,1.025,Transit,2021.0,Next-Generation Transit Survey (NGTS),1040.28,Gas Giant
NGTS-18 b,NGTS-18,13.56286665,1.21,129.99181846,0.409,0.0,1381.0,845.0,0.0448,3.05125,G5 V,5610.0,1.392,1.003,Transit,2021.0,Next-Generation Transit Survey (NGTS),1096.19,Gas Giant
NGTS-2 b,NGTS-2,17.878355,1.595,235.1942,0.74,0.0,1468.0,1085.35,0.063,4.511164,F5 V,6478.0,1.702,1.64,Transit,2018.0,Next-Generation Transit Survey (NGTS),356.391,Gas Giant
NGTS-20 b,NGTS-20,11.99360935,1.07,947.12865286,2.98,0.432,688.0,6.7645,0.313,54.18915,G1 IV,5980.0,1.78,1.47,Transit,2022.0,Transiting Exoplanet Survey Satellite (TESS),382.898,Gas Giant
NGTS-21 b,NGTS-21,14.90794433,1.33,750.07504052,2.36,0.0,1357.0,514.2853,0.0236,1.5433897,K3 V,4660.0,0.86,0.72,Transit,2022.0,Next-Generation Transit Survey (NGTS),592.891,Gas Giant
NGTS-23 b,NGTS-23,14.20177855,1.267,194.82881349,0.613,0.0,1327.0,,0.0504,4.0764326,F9 V,6057.0,1.24,1.01,Transit,2022.0,Next-Generation Transit Survey (NGTS),1074.95,Gas Giant
NGTS-24 b,NGTS-24,13.60770257,1.214,165.27077164,0.52,0.0,1499.0,391.83,0.0479,3.4678796,G2 IV,5820.0,1.64,1.26,Transit,2022.0,Next-Generation Transit Survey (NGTS),683.062,Gas Giant
NGTS-25 b,NGTS-25,11.46678726,1.023,203.09235207,0.639,0.0,1101.0,,0.0388,2.823093,K0 V,5321.0,0.86,0.91,Transit,2022.0,Next-Generation Transit Survey (NGTS),521.233,Gas Giant
NGTS-26 b,NGTS-26,14.88552637,1.328,92.80589484,0.292,0.0,1331.0,523.0,0.049,4.5199279,,5550.0,1.16,0.96,Transit,2024.0,Next-Generation Transit Survey (NGTS),1093.69,Gas Giant
NGTS-27 b,NGTS-27,15.64773706,1.396,188.47224535,0.593,0.0,1783.0,1680.0,0.0446,3.3704181,,5700.0,1.77,1.07,Transit,2024.0,Transiting Exoplanet Survey Satellite (TESS),942.122,Gas Giant
NGTS-3 A b,NGTS-3 A,16.58932,1.48,756.4354,2.38,,1434.44,1000.5679,0.023,1.6753728,G6 V,5600.0,0.93,1.017,Transit,2018.0,Next-Generation Transit Survey (NGTS),743.972,Gas Giant
NGTS-30 b,NGTS-30,10.40193409,0.928,305.11527072,0.96,0.294,500.0,172.857,0.408,98.29838,,5455.0,0.913,0.94,Transit,2024.0,Transiting Exoplanet Survey Satellite (TESS),238.377,Gas Giant
NGTS-31 b,NGTS-31,18.04645893,1.61,355.96781584,1.12,0.0,1410.0,643.0,0.064,4.162734,,5710.0,1.7,0.96,Transit,2025.0,Transiting Exoplanet Survey Satellite (TESS),497.376,Gas Giant
NGTS-32 b,NGTS-32,15.91675259,1.42,181.16219199,0.57,0.0,1750.0,1554.0,0.044,3.31211,,5680.0,1.85,1.07,Transit,2025.0,Next-Generation Transit Survey (NGTS),837.457,Gas Giant
NGTS-33 b,NGTS-33,18.38272835,1.64,1153.71711741,3.63,0.0,1991.0,2620.0,0.048,2.827972,,7437.0,1.47,1.6,Transit,2024.0,Transiting Exoplanet Survey Satellite (TESS),437.855,Gas Giant
NGTS-34 b,NGTS-34,3.65,0.32563175,19.1,0.06009532,,624.0,,0.257,43.12655,F8 V,6134.0,1.367,1.266,Transit,2025.0,Transiting Exoplanet Survey Satellite (TESS),120.475,Neptunian
NGTS-35 b,NGTS-35,10.9,0.97243454,152.0,0.47824548,0.192,451.0,9.8437,0.16,25.241192,K3.5 V,4717.0,0.753,0.789,Transit,2025.0,Transiting Exoplanet Survey Satellite (TESS),183.078,Gas Giant
NGTS-4 b,NGTS-4,3.18,0.2837006,20.6,0.06481452,0.0,1650.0,886.9841,0.019,1.3373508,,5143.0,0.84,0.75,Transit,2019.0,Next-Generation Transit Survey (NGTS),280.555,Neptunian
NGTS-5 b,NGTS-5,12.733424,1.136,72.78307,0.229,0.0,952.0,101.253,0.0382,3.3569866,K2 V,4987.0,0.739,0.661,Transit,2019.0,Next-Generation Transit Survey (NGTS),306.779,Gas Giant
NGTS-6 b,NGTS-6,14.863134,1.326,425.57437,1.339,0.0,1283.9,983.4246,0.01677,0.882059,,4730.0,0.754,0.767,Transit,2019.0,Next-Generation Transit Survey (NGTS),308.262,Gas Giant
NGTS-8 b,NGTS-8,12.21781,1.09,295.5819,0.93,0.01,1345.0,503.0,0.035,2.4997,K0 V,5241.0,0.98,0.89,Transit,2019.0,Next-Generation Transit Survey (NGTS),428.976,Gas Giant
NGTS-9 b,NGTS-9,11.99363,1.07,921.707,2.9,0.06,1448.0,729.0,0.058,4.43527,F8 V,6330.0,1.38,1.34,Transit,2019.0,Next-Generation Transit Survey (NGTS),609.128,Gas Giant
NN Ser c,NN Ser,12.6,1.13,2329.6,7.33,0.089,,,5.35,6987.0,WD,57000.0,,0.535,Eclipse Timing Variations,2010.0,Multiple Observatories,515.818,Gas Giant
NN Ser d,NN Ser,13.3,1.19,724.622,2.28,0.24,,,3.39,2880.0,WD,57000.0,,0.535,Eclipse Timing Variations,2010.0,Multiple Observatories,515.818,Gas Giant
NSVS 14256825 b,NSVS 14256825,12.3,1.1,4497.2945,14.15,0.12,,,3.12,3225.0,,40000.0,0.188,0.419,Eclipse Timing Variations,2019.0,Multiple Observatories,820.877,Gas Giant
NY Vir b,NY Vir,13.3,1.19,730.978,2.3,0.15,,,3.3,3160.0,,32780.0,0.151,0.459,Eclipse Timing Variations,2011.0,Multiple Observatories,544.024,Gas Giant
OGLE-2003-BLG-235L b,OGLE-2003-BLG-235L,13.2,1.18,830.0,2.6,,,,4.3,,K V,,,0.63,Microlensing,2004.0,OGLE,5800.0,Gas Giant
OGLE-2005-BLG-071L b,OGLE-2005-BLG-071L,13.0,1.16,1200.0,3.8,,55.0,,3.6,,,,,0.46,Microlensing,2005.0,OGLE,3200.0,Gas Giant
OGLE-2005-BLG-169L b,OGLE-2005-BLG-169L,3.84,0.343,14.1,0.0444,,,,3.5,,K5,,,0.69,Microlensing,2006.0,OGLE,4100.0,Neptunian
OGLE-2005-BLG-390L b,OGLE-2005-BLG-390L,2.21,0.197,5.5,0.017,,50.0,,2.6,3285.0,,,,0.22,Microlensing,2005.0,OGLE,6600.0,Super-Earth
OGLE-2006-BLG-109L b,OGLE-2006-BLG-109L,14.0,1.25,231.0,0.727,,82.0,,2.3,1788.5,,,,0.51,Microlensing,2008.0,OGLE,1510.0,Gas Giant
OGLE-2006-BLG-109L c,OGLE-2006-BLG-109L,11.1,0.994,86.0,0.27,0.15,59.0,,4.5,4927.5,,,,0.51,Microlensing,2008.0,OGLE,1510.0,Gas Giant
OGLE-2006-BLG-284L A b,OGLE-2006-BLG-284L A,14.3,1.27,144.0,0.45307467,,,,2.17,,,,,0.35,Microlensing,2020.0,OGLE,4000.0,Gas Giant
OGLE-2007-BLG-349L AB c,OGLE-2007-BLG-349L A,10.7,0.952,80.0,0.25170815,,,,2.59,2557.0,M,,,0.41,Microlensing,2016.0,OGLE,2760.0,Gas Giant
OGLE-2007-BLG-368L b,OGLE-2007-BLG-368L,4.72,0.421,20.0,0.06,,,,2.8,,,,,0.64,Microlensing,2009.0,OGLE,5900.0,Neptunian
OGLE-2008-BLG-092L b,OGLE-2008-BLG-092L,8.74,0.78,57.0,0.18,,,,15.0,,,,,0.71,Microlensing,2014.0,OGLE,8100.0,Gas Giant
OGLE-2008-BLG-355L b,OGLE-2008-BLG-355L,12.9,1.15,1500.0,4.6,,,,1.7,,,,,0.37,Microlensing,2014.0,OGLE,6800.0,Gas Giant
OGLE-2011-BLG-0173L b,OGLE-2011-BLG-0173L,9.01,0.804,60.0,0.19,,,,8.0,,,,,0.41,Microlensing,2018.0,OGLE,6100.0,Gas Giant
OGLE-2011-BLG-0251L b,OGLE-2011-BLG-0251L,14.2,1.27,170.0,0.53,,,,2.72,,M,,,0.26,Microlensing,2012.0,OGLE,2570.0,Gas Giant
OGLE-2011-BLG-0265L b,OGLE-2011-BLG-0265L,13.9,1.24,280.0,0.88,,,,1.89,,,,,0.211,Microlensing,2015.0,OGLE,4380.0,Gas Giant
OGLE-2012-BLG-0026L b,OGLE-2012-BLG-0026L,7.72,0.688,46.1,0.145,,,,4.0,,G5 V,,,1.06,Microlensing,2012.0,OGLE,4019.0,Gas Giant
OGLE-2012-BLG-0026L c,OGLE-2012-BLG-0026L,13.9,1.24,270.0,0.86,,,,4.8,,G5 V,,,1.06,Microlensing,2012.0,OGLE,4019.0,Gas Giant
OGLE-2012-BLG-0358L b,OGLE-2012-BLG-0358L,13.4,1.2,588.0,1.85,,,,0.87,,,,,0.022,Microlensing,2013.0,OGLE,1760.0,Gas Giant
OGLE-2012-BLG-0406L b,OGLE-2012-BLG-0406L,13.2,1.18,868.0,2.73,,,,3.45,,,,,0.44,Microlensing,2013.0,OGLE,4970.0,Gas Giant
OGLE-2012-BLG-0563L b,OGLE-2012-BLG-0563L,13.6,1.21,120.0,0.39,,,,0.74,,,,,0.34,Microlensing,2015.0,OGLE,1300.0,Gas Giant
OGLE-2012-BLG-0724L b,OGLE-2012-BLG-0724L,14.3,1.27,150.0,0.47,,,,1.6,,M V,,,0.29,Microlensing,2016.0,OGLE,6700.0,Gas Giant
OGLE-2012-BLG-0838L b,OGLE-2012-BLG-0838L,8.39,0.748,53.1,0.167,,,,4.43,,,,,0.4,Microlensing,2020.0,OGLE,6320.0,Gas Giant
OGLE-2012-BLG-0950L b,OGLE-2012-BLG-0950L,6.56,0.585,35.0,0.11,,,,2.6,,M V,,,0.57,Microlensing,2016.0,OGLE,2600.0,Gas Giant
OGLE-2013-BLG-0102L b,OGLE-2013-BLG-0102L,12.3,1.1,4100.0,13.0,,,,0.8,,,,,0.096,Microlensing,2014.0,OGLE,3040.0,Gas Giant
OGLE-2013-BLG-0132L b,OGLE-2013-BLG-0132L,11.6,1.03,92.0,0.29,,,,3.6,,,,,0.54,Microlensing,2017.0,OGLE,3900.0,Gas Giant
OGLE-2013-BLG-0341L B b,OGLE-2013-BLG-0341L B,1.16,0.104,1.66,0.00522,,,,0.702,,,,,0.1127,Microlensing,2014.0,OGLE,911.0,Terrestrial
OGLE-2013-BLG-0911L b,OGLE-2013-BLG-0911L,12.5,1.12,3020.0,9.51,,,,0.39,,,,,0.29,Microlensing,2019.0,OGLE,3220.0,Gas Giant
OGLE-2013-BLG-1721L b,OGLE-2013-BLG-1721L,14.1,1.26,200.0,0.64,,,,2.6,,,,,0.46,Microlensing,2017.0,OGLE,6300.0,Gas Giant
OGLE-2013-BLG-1761L b,OGLE-2013-BLG-1761L,13.2,1.18,860.0,2.7,,,,1.8,,,,,0.33,Microlensing,2018.0,OGLE,6900.0,Gas Giant
OGLE-2014-BLG-0124L b,OGLE-2014-BLG-0124L,14.1,1.25,206.58846455,0.65,,,,3.48,,,,,0.9,Microlensing,2015.0,OGLE,3500.0,Gas Giant
OGLE-2014-BLG-0221L b,OGLE-2014-BLG-0221L,12.9,1.15,1382.55357045,4.35,,,,3.76,,,,,0.69,Microlensing,2024.0,OGLE,3680.0,Gas Giant
OGLE-2014-BLG-0319L b,OGLE-2014-BLG-0319L,14.1,1.26,181.16219199,0.57,,,,3.49,,M,,,0.52,Microlensing,2022.0,OGLE,7730.0,Gas Giant
OGLE-2014-BLG-0676L b,OGLE-2014-BLG-0676L,13.0,1.16,1169.60853776,3.68,,,,4.53,,,,,0.73,Microlensing,2016.0,OGLE,2670.0,Gas Giant
OGLE-2014-BLG-1722L b,OGLE-2014-BLG-1722L,8.59,0.766,55.3,0.174,,,,1.5,,,,,0.4,Microlensing,2018.0,OGLE,6400.0,Gas Giant
OGLE-2014-BLG-1722L c,OGLE-2014-BLG-1722L,11.0,0.978,83.7,0.263,,,,1.7,,,,,0.4,Microlensing,2018.0,OGLE,6400.0,Gas Giant
OGLE-2014-BLG-1760L b,OGLE-2014-BLG-1760L,13.8,1.24,295.89824692,0.931,,,,1.887,,K,,,0.803,Microlensing,2016.0,OGLE,7056.0,Gas Giant
OGLE-2015-BLG-0051L b,OGLE-2015-BLG-0051L,14.0,1.25,230.0,0.72,,,,0.73,,,,,0.1,Microlensing,2016.0,OGLE,8200.0,Gas Giant
OGLE-2015-BLG-0954L b,OGLE-2015-BLG-0954L,13.1,1.17,1100.0,3.4,,,,1.6,,,,,0.3,Microlensing,2016.0,KMTNet,1200.0,Gas Giant
OGLE-2015-BLG-0966L b,OGLE-2015-BLG-0966L,4.86,0.433,21.0,0.066,,,,2.7,,,,,0.38,Microlensing,2016.0,OGLE,3300.0,Neptunian
OGLE-2015-BLG-1649L b,OGLE-2015-BLG-1649L,13.2,1.18,807.0,2.54,,,,2.07,,,,,0.34,Microlensing,2019.0,OGLE,4230.0,Gas Giant
OGLE-2015-BLG-1670L b,OGLE-2015-BLG-1670L,4.42,0.394,17.9,0.0563,,,,2.62,,,,,0.55,Microlensing,2019.0,OGLE,6700.0,Neptunian
OGLE-2015-BLG-1771L b,OGLE-2015-BLG-1771L,14.3,1.28,138.0,0.433,,,,0.85,,,,,0.077,Microlensing,2020.0,OGLE,7070.0,Gas Giant
OGLE-2016-BLG-0007L b,OGLE-2016-BLG-0007L,1.09,0.0972,1.32,0.00415318,,,,10.1,14200.0,,,,0.59,Microlensing,2025.0,OGLE,4300.0,Terrestrial
OGLE-2016-BLG-0263L b,OGLE-2016-BLG-0263L,13.0,1.16,1300.0,4.1,,,,5.4,,,,,0.13,Microlensing,2017.0,OGLE,6500.0,Gas Giant
OGLE-2016-BLG-0613L AB b,OGLE-2016-BLG-0613L AB,13.0,1.16,1330.0,4.18,,,,6.4,,,,,0.72,Microlensing,2017.0,OGLE,3410.0,Gas Giant
OGLE-2016-BLG-1067L b,OGLE-2016-BLG-1067L,14.3,1.28,140.0,0.43,,,,1.7,,,,,0.3,Microlensing,2019.0,OGLE,3730.0,Gas Giant
OGLE-2016-BLG-1093L b,OGLE-2016-BLG-1093L,14.0,1.25,225.65816897,0.71,,,,2.13,,,,,0.46,Microlensing,2022.0,OGLE,8120.0,Gas Giant
OGLE-2016-BLG-1190L b,OGLE-2016-BLG-1190L,12.3,1.1,4253.0,13.38,0.42,,,2.17,1220.0,,,,0.88,Microlensing,2017.0,OGLE,6770.0,Gas Giant
OGLE-2016-BLG-1195L b,OGLE-2016-BLG-1195L,1.11,0.0994,1.43,0.0045,,,,1.16,,,,,0.078,Microlensing,2017.0,OGLE,3910.0,Terrestrial
OGLE-2016-BLG-1227L b,OGLE-2016-BLG-1227L,13.9,1.24,250.0,0.79,,,,3.4,,,,,0.1,Microlensing,2020.0,OGLE,,Gas Giant
OGLE-2016-BLG-1266L b,OGLE-2016-BLG-1266L,12.4,1.1,3813.940884,12.0,,,,0.43,,,,,0.015,Microlensing,2018.0,OGLE,3080.0,Gas Giant
OGLE-2016-BLG-1598L b,OGLE-2016-BLG-1598L,13.6,1.21,120.77479466,0.38,,,,2.5,,,,,0.55,Microlensing,2024.0,OGLE,5910.0,Gas Giant
OGLE-2016-BLG-1800L b,OGLE-2016-BLG-1800L,13.2,1.18,823.17557413,2.59,,,,1.88,,,,,0.41,Microlensing,2024.0,OGLE,6480.0,Gas Giant
OGLE-2017-BLG-0173L b,OGLE-2017-BLG-0173L,1.62,0.145,3.269,0.01029,,,,3.913,,,,,0.396,Microlensing,2018.0,OGLE,4705.0,Super-Earth
OGLE-2017-BLG-0364L b,OGLE-2017-BLG-0364L,10.3,0.923,75.8,0.23849347,,,,3.79,,,,,0.49,Microlensing,2024.0,OGLE,7860.0,Gas Giant
OGLE-2017-BLG-0373L b,OGLE-2017-BLG-0373L,14.0,1.25,127.0,0.401,,,,2.424,,,,,0.248,Microlensing,2018.0,OGLE,5915.0,Gas Giant
OGLE-2017-BLG-0406L b,OGLE-2017-BLG-0406L,14.2,1.27,130.0,0.41,,,,3.5,,,,,0.56,Microlensing,2020.0,OGLE,5200.0,Gas Giant
OGLE-2017-BLG-0448L b,OGLE-2017-BLG-0448L,4.08,0.364,15.6,0.04908309,,,,5.75,,,,,0.5,Microlensing,2024.0,OGLE,7530.0,Neptunian
OGLE-2017-BLG-0482L b,OGLE-2017-BLG-0482L,2.95,0.263,9.0,0.028,,,,1.8,,,,,0.2,Microlensing,2018.0,OGLE,5800.0,Neptunian
OGLE-2017-BLG-0604L b,OGLE-2017-BLG-0604L,14.2,1.27,160.0,0.51,,,,4.06,,,,,0.7,Microlensing,2020.0,OGLE,3950.0,Gas Giant
OGLE-2017-BLG-0640L b,OGLE-2017-BLG-0640L,13.5,1.21,514.88201934,1.62,,,,1.14,,,,,0.32,Microlensing,2024.0,OGLE,6630.0,Gas Giant
OGLE-2017-BLG-1049L b,OGLE-2017-BLG-1049L,12.8,1.14,1760.0,5.53,,,,3.92,,,,,0.55,Microlensing,2020.0,OGLE,5670.0,Gas Giant
OGLE-2017-BLG-1099L b,OGLE-2017-BLG-1099L,13.1,1.17,959.84178914,3.02,,,,2.73,,,,,0.45,Microlensing,2021.0,OGLE,7250.0,Gas Giant
OGLE-2017-BLG-1140L b,OGLE-2017-BLG-1140L,13.5,1.21,505.0,1.59,,,,1.02,,,,,0.211,Microlensing,2018.0,OGLE,,Gas Giant
OGLE-2017-BLG-1237L b,OGLE-2017-BLG-1237L,13.0,1.16,1207.7479466,3.8,,,,2.53,,,,,0.46,Microlensing,2024.0,OGLE,6030.0,Gas Giant
OGLE-2017-BLG-1275L b,OGLE-2017-BLG-1275L,12.8,1.14,1875.1876013,5.9,,,,2.09,,,,,0.63,Microlensing,2024.0,OGLE,7690.0,Gas Giant
OGLE-2017-BLG-1375L b,OGLE-2017-BLG-1375L,12.4,1.11,3585.0,11.28,,,,3.04,,,,,0.81,Microlensing,2020.0,OGLE,3930.0,Gas Giant
OGLE-2017-BLG-1434L b,OGLE-2017-BLG-1434L,1.94,0.173,4.43,0.01393834,,,,1.18,,,,,0.234,Microlensing,2018.0,OGLE,860.0,Super-Earth
OGLE-2017-BLG-1522L b,OGLE-2017-BLG-1522L,14.0,1.25,240.0,0.75,,,,0.59,,,,,0.045,Microlensing,2018.0,OGLE,7490.0,Gas Giant
OGLE-2017-BLG-1691L b,OGLE-2017-BLG-1691L,3.92,0.35,14.62010672,0.046,,,,2.41,,,,,0.45,Microlensing,2022.0,OGLE,7290.0,Neptunian
OGLE-2017-BLG-1806L b,OGLE-2017-BLG-1806L,2.15,0.192,5.27,0.01658127,,,,1.75,,,,,0.38,Microlensing,2023.0,OGLE,6400.0,Super-Earth
OGLE-2018-BLG-0298L b,OGLE-2018-BLG-0298L,7.56,0.674,44.49597698,0.14,,,,2.86,,,,,0.69,Microlensing,2022.0,OGLE,6540.0,Gas Giant
OGLE-2018-BLG-0383L b,OGLE-2018-BLG-0383L,2.41,0.215,6.4,0.02013665,,,,1.8,,,,,0.1,Microlensing,2022.0,OGLE,7700.0,Super-Earth
OGLE-2018-BLG-0506L b,OGLE-2018-BLG-0506L,4.18,0.373,16.3,0.05128554,,,,3.0,,,,,0.63,Microlensing,2022.0,OGLE,5600.0,Neptunian
OGLE-2018-BLG-0516L b,OGLE-2018-BLG-0516L,4.73,0.422,20.1,0.06324167,,,,2.2,,,,,0.47,Microlensing,2022.0,OGLE,7000.0,Neptunian
OGLE-2018-BLG-0532L b,OGLE-2018-BLG-0532L,2.37,0.212,6.228,0.01959548,,,,1.064,,,,,0.195,Microlensing,2020.0,OGLE,773.0,Super-Earth
OGLE-2018-BLG-0567L b,OGLE-2018-BLG-0567L,12.3,1.1,101.70509024,0.32,,,,2.72,,,,,0.25,Microlensing,2021.0,OGLE,7060.0,Gas Giant
OGLE-2018-BLG-0596L b,OGLE-2018-BLG-0596L,3.81,0.34,13.93,0.04383,,,,0.97,,,,,0.231,Microlensing,2019.0,OGLE,5650.0,Neptunian
OGLE-2018-BLG-0677L b,OGLE-2018-BLG-0677L,1.82,0.162,3.96,0.0125,,,,0.63,,,,,0.12,Microlensing,2020.0,OGLE,7580.0,Super-Earth
OGLE-2018-BLG-0740L b,OGLE-2018-BLG-0740L,12.9,1.15,1500.0,4.8,0.0,,,5.0,5480.0,G V,5912.0,,1.0,Microlensing,2019.0,OGLE,3200.0,Gas Giant
OGLE-2018-BLG-0799L b,OGLE-2018-BLG-0799L,10.9,0.971,82.63538582,0.26,,,,1.28,,,,,0.093,Microlensing,2022.0,OGLE,4050.0,Gas Giant
OGLE-2018-BLG-0932L b,OGLE-2018-BLG-0932L,13.9,1.24,282.86728223,0.89,,,,1.75,,,,,0.72,Microlensing,2022.0,KMTNet,6620.0,Gas Giant
OGLE-2018-BLG-0962L b,OGLE-2018-BLG-0962L,13.6,1.22,425.89006538,1.34,,,,3.59,,,,,0.54,Microlensing,2021.0,OGLE,6500.0,Gas Giant
OGLE-2018-BLG-0977L b,OGLE-2018-BLG-0977L,2.41,0.215,6.4,0.02013665,,,,2.0,,,,,0.47,Microlensing,2022.0,OGLE,6500.0,Super-Earth
OGLE-2018-BLG-1011L b,OGLE-2018-BLG-1011L,13.5,1.2,570.0,1.8,,,,1.8,,,,,0.18,Microlensing,2019.0,OGLE,7100.0,Gas Giant
OGLE-2018-BLG-1011L c,OGLE-2018-BLG-1011L,13.2,1.18,890.0,2.8,,,,0.8,,,,,0.18,Microlensing,2019.0,OGLE,7100.0,Gas Giant
OGLE-2018-BLG-1119L b,OGLE-2018-BLG-1119L,13.9,1.24,289.22385037,0.91,,,,4.06,,,,,0.48,Microlensing,2022.0,OGLE,5760.0,Gas Giant
OGLE-2018-BLG-1126L b,OGLE-2018-BLG-1126L,4.41,0.393,17.79839079,0.056,,,,3.23,,,,,0.69,Microlensing,2022.0,KMTNet,5700.0,Neptunian
OGLE-2018-BLG-1185L b,OGLE-2018-BLG-1185L,2.83,0.253,8.4,0.02642936,,,,1.54,,,,,0.37,Microlensing,2021.0,OGLE,7400.0,Neptunian
OGLE-2018-BLG-1212L b,OGLE-2018-BLG-1212L,9.32,0.832,63.5656814,0.2,,,,1.68,,,,,0.16,Microlensing,2022.0,KMTNet,1550.0,Gas Giant
OGLE-2018-BLG-1269L b,OGLE-2018-BLG-1269L,14.1,1.25,210.0,0.67,,,,4.51,,,,,1.11,Microlensing,2020.0,OGLE,2510.0,Gas Giant
OGLE-2018-BLG-1367L b,OGLE-2018-BLG-1367L,13.8,1.23,301.93698665,0.95,,,,1.21,,,,,0.28,Microlensing,2022.0,KMTNet,5370.0,Gas Giant
OGLE-2018-BLG-1428L b,OGLE-2018-BLG-1428L,14.0,1.25,240.0,0.77,,,,3.3,,,,,0.43,Microlensing,2021.0,OGLE,6220.0,Gas Giant
OGLE-2018-BLG-1647L b,OGLE-2018-BLG-1647L,13.8,1.23,308.29355479,0.97,,,,1.36,,,,,0.092,Microlensing,2022.0,KMTNet,7880.0,Gas Giant
OGLE-2018-BLG-1700L b,OGLE-2018-BLG-1700L,12.9,1.15,1400.0,4.4,,,,2.8,,,,,0.42,Microlensing,2020.0,OGLE,7600.0,Gas Giant
OGLE-2019-BLG-0249L b,OGLE-2019-BLG-0249L,12.7,1.13,2262.93825784,7.12,,,,1.84,,,,,0.91,Microlensing,2023.0,OGLE,6370.0,Gas Giant
OGLE-2019-BLG-0299L b,OGLE-2019-BLG-0299L,12.7,1.14,1976.89269154,6.22,,,,2.8,,,,,0.59,Microlensing,2021.0,OGLE,5830.0,Gas Giant
OGLE-2019-BLG-0304L b,OGLE-2019-BLG-0304L,14.2,1.27,162.09248757,0.51,,,,1.23,,,,,0.27,Microlensing,2021.0,OGLE,6980.0,Gas Giant
OGLE-2019-BLG-0362L b,OGLE-2019-BLG-0362L,13.1,1.17,1036.12060682,3.26,,,,2.18,,,,,0.42,Microlensing,2022.0,OGLE,5830.0,Gas Giant
OGLE-2019-BLG-0468L b,OGLE-2019-BLG-0468L,13.1,1.17,1090.15143601,3.43,,,,3.29,,G,,,0.92,Microlensing,2022.0,OGLE,4400.0,Gas Giant
OGLE-2019-BLG-0468L c,OGLE-2019-BLG-0468L,12.5,1.11,3248.20631954,10.22,,,,2.77,,G,,,0.92,Microlensing,2022.0,OGLE,4400.0,Gas Giant
OGLE-2019-BLG-0679L b,OGLE-2019-BLG-0679L,13.1,1.17,1061.54687938,3.34,,,,6.99,,,,,0.66,Microlensing,2023.0,OGLE,5630.0,Gas Giant
OGLE-2019-BLG-0954L b,OGLE-2019-BLG-0954L,12.3,1.1,4513.1633794,14.2,,,,2.65,,,,,0.8,Microlensing,2021.0,OGLE,3630.0,Gas Giant
OGLE-2019-BLG-0960L b,OGLE-2019-BLG-0960L,1.39,0.124,2.5,0.00786588,,,,1.9,,,,,0.5,Microlensing,2021.0,OGLE,980.0,Terrestrial
OGLE-2019-BLG-1053L b,OGLE-2019-BLG-1053L,1.38,0.123,2.48,0.00780295,,,,3.4,,,,,0.61,Microlensing,2021.0,KMTNet,6800.0,Terrestrial
OGLE-2019-BLG-1180L b,OGLE-2019-BLG-1180L,13.5,1.2,555.24622703,1.747,,,,5.19,,,,,0.545,Microlensing,2023.0,OGLE,6070.0,Gas Giant
OGLE-2019-BLG-1470L AB c,OGLE-2019-BLG-1470L A,13.3,1.19,699.2224954,2.2,,,,3.2,,,,,0.57,Microlensing,2022.0,OGLE,5900.0,Gas Giant
OGLE-2019-BLG-1492L b,OGLE-2019-BLG-1492L,6.79,0.606,37.1,0.11672965,,,,2.7,,,,,0.68,Microlensing,2022.0,OGLE,5600.0,Gas Giant
OGLE-2023-BLG-0836L b,OGLE-2023-BLG-0836L,12.9,1.15,1385.73185452,4.36,,,,3.7,,,,,0.71,Microlensing,2024.0,OGLE,5120.0,Gas Giant
OGLE-TR-10 b,OGLE-TR-10,14.011,1.25,197.046,0.62,0.0,1702.0,,0.0434,3.101278,G2 V,5950.0,1.17,1.14,Transit,2004.0,OGLE,1344.97,Gas Giant
OGLE-TR-111 b,OGLE-TR-111,11.421971,1.019,174.799,0.55,0.0,1019.0,,0.0473,4.0144463,K2 V,5040.0,0.83,0.82,Transit,2004.0,OGLE,1068.33,Gas Giant
OGLE-TR-113 b,OGLE-TR-113,12.251,1.093,400.449,1.26,0.0,1342.0,528.4147,0.02289,1.4324752,K4 V,4790.0,0.774,0.779,Transit,2004.0,OGLE,566.459,Gas Giant
OGLE-TR-132 b,OGLE-TR-132,13.45,1.2,375.02,1.18,0.6,2013.0,,0.03035,1.689868,F5 V,6210.0,1.32,1.305,Transit,2004.0,OGLE,2012.62,Gas Giant
OGLE-TR-182 b,OGLE-TR-182,12.666,1.13,320.995,1.01,0.0,1550.0,,0.051,3.9791,,5924.0,1.14,1.14,Transit,2007.0,OGLE,2501.75,Gas Giant
OGLE-TR-211 b,OGLE-TR-211,15.244,1.36,327.351,1.03,0.0,1686.0,,0.051,3.67724,,6325.0,1.64,1.33,Transit,2007.0,OGLE,1515.26,Gas Giant
OGLE-TR-56 b,OGLE-TR-56,15.278,1.36301421,441.77,1.39,0.0,2212.0,,0.02383,1.2119189,F8 V,6050.0,1.363,1.228,Transit,2002.0,OGLE,282.83913869,Gas Giant
OGLE2-TR-L9 b,OGLE2-TR-L9,18.046,1.61,1430.175,4.5,,2034.0,4135.3642,0.0308,2.4855335,,6933.0,1.53,1.52,Transit,2008.0,OGLE,1627.63,Gas Giant
Oph 11 b,Oph 11,12.3,1.1,4449.62,14.0,,2175.0,,243.0,7300000.0,M9,2375.0,0.232692,0.016,Imaging,2006.0,Gemini Observatory,136.16559197,Gas Giant
PDS 70 b,PDS 70,21.96960217,1.96,1017.0509024,3.2,0.17,1392.0,,20.8,43500.0,K7,4109.0,1.26,0.982,Imaging,2018.0,Paranal Observatory,113.064,Gas Giant
PDS 70 c,PDS 70,22.19378179,1.98,2383.7130525,7.5,0.037,1054.0,,34.3,,K7,4109.0,1.26,0.982,Imaging,2019.0,European Southern Observatory,113.064,Gas Giant
PH1 b,PH1,6.18,0.551,169.0,0.531,0.0702,481.0,,0.652,138.317,F,6407.0,1.734,1.528,Transit,2012.0,Kepler,1033.16,Gas Giant
PH2 b,PH2,9.33708092,0.833,87.08498352,0.274,0.215,295.1,1.2,0.833,282.52542,G3,5734.0,0.949,0.966,Transit,2013.0,Kepler,343.863,Gas Giant
POTS-1 b,POTS-1,10.548,0.941,734.16,2.31,,,,0.03734,3.1606296,K5 V,4400.0,0.588,0.695,Transit,2013.0,La Silla Observatory,747.959,Gas Giant
PSR B0329+54 b,PSR B0329+54,1.22,0.109,1.97,0.00619828,0.236,,,10.26,10140.0,,,,1.44,Pulsar Timing,2017.0,Multiple Facilities,504.93312058,Terrestrial
PSR B1257+12 b,PSR B1257+12,0.338,0.0302,0.02,6.293e-05,0.0,,,0.19,25.262,,,,1.4,Pulsar Timing,1994.0,Arecibo Observatory,600.0,Terrestrial
PSR B1257+12 c,PSR B1257+12,1.91,0.17,4.3,0.01352925,0.0186,,,0.36,66.5419,,,,1.4,Pulsar Timing,1992.0,Arecibo Observatory,600.0,Super-Earth
PSR B1257+12 d,PSR B1257+12,1.8,0.161,3.9,0.01227071,0.0264,,,0.46,98.2114,,,,1.4,Pulsar Timing,1992.0,Arecibo Observatory,600.0,Super-Earth
PSR B1620-26 b,PSR B1620-26,13.3,1.18,794.575,2.5,,,,23.0,,,,,1.35,Pulsar Timing,2003.0,Hubble Space Telescope,,Gas Giant
PSR J2322-2650 b,PSR J2322-2650,13.9,1.24,252.643067,0.7949,0.0017,,,0.0102,0.322963997,,,,1.4,Pulsar Timing,2017.0,Parkes Observatory,230.0,Gas Giant
PZ Tel b,PZ Tel,11.9,1.07,8581.366989,27.0,0.52,,,27.0,44000.0,G9 IV,5169.0,1.25646,1.36,Imaging,2023.0,W. M. Keck Observatory,47.0648,Gas Giant
Pr0201 b,Pr0201,14.2,1.27,171.6282,0.54,0.0,,,0.06,4.4264,,6174.0,1.15,1.24,Radial Velocity,2012.0,Fred Lawrence Whipple Observatory,180.64,Gas Giant
Pr0211 b,Pr0211,13.4,1.2,597.5204,1.88,0.011,,,0.03176,2.1461,,5300.0,0.827,0.935,Radial Velocity,2012.0,Fred Lawrence Whipple Observatory,182.714,Gas Giant
Pr0211 c,Pr0211,12.6,1.12,2475.8957,7.79,0.71,,,5.5,4850.0,,5300.0,0.827,0.935,Radial Velocity,2016.0,Roque de los Muchachos Observatory,182.714,Gas Giant
Proxima Cen b,Proxima Cen,1.02,0.0913,1.055,0.0033194,0.0,218.0,0.641,0.04848,11.18465,M5.5 V,2900.0,0.141,0.1221,Radial Velocity,2016.0,European Southern Observatory,1.30119,Terrestrial
Proxima Cen d,Proxima Cen,0.692,0.0618,0.26,0.00081805,0.0,282.0,1.814,0.02881,5.12338,M5.5 V,2900.0,0.141,0.1221,Radial Velocity,2025.0,La Silla Observatory,1.30119,Terrestrial
Qatar-1 b,Qatar-1,12.811887,1.143,411.27202,1.294,0.0,1418.0,382.328,0.02332,1.4200242,,5013.0,0.803,0.838,Transit,2010.0,Qatar,185.615,Gas Giant
Qatar-10 b,Qatar-10,17.295487,1.543,233.92288,0.736,0.0,1955.0,1816.48,0.0286,1.645321,F7 V,6124.0,1.254,1.156,Transit,2019.0,Qatar,559.068,Gas Giant
Qatar-2 b,Qatar-2,14.056,1.254,792.635,2.494,0.0,1344.0,,0.02153,1.33711647,,4645.0,0.776,0.743,Transit,2011.0,Qatar,181.374,Gas Giant
Qatar-3 b,Qatar-3,12.285064,1.096,1369.8473,4.31,0.0,1681.0,1330.0,0.03783,2.5079204,G0 V,6007.0,1.272,1.145,Transit,2017.0,Qatar,735.601,Gas Giant
Qatar-4 b,Qatar-4,12.722215,1.135,1938.763,6.1,0.0,1385.0,614.0,0.02803,1.8053564,K1 V,5215.0,0.849,0.896,Transit,2017.0,Qatar,329.036,Gas Giant
Qatar-5 b,Qatar-5,12.408363,1.107,1373.0256,4.32,0.0,1415.0,669.0,0.04127,2.8792319,G2 V,5747.0,1.076,1.128,Transit,2017.0,Qatar,367.658,Gas Giant
Qatar-6 b,Qatar-6,11.903958,1.062,212.31044,0.668,0.0,1006.0,174.9015,0.0423,3.506195,K2 V,5052.0,0.722,0.822,Transit,2017.0,Qatar,100.848,Gas Giant
Qatar-7 b,Qatar-7,19.0553,1.7,597.5204,1.88,0.0,2053.0,2886.2922,0.0352,2.032046,F4 V,6387.0,1.564,1.409,Transit,2019.0,Qatar,705.981,Gas Giant
Qatar-8 b,Qatar-8,14.403565,1.285,117.91493,0.371,0.0,1457.0,698.148,0.0474,3.71495,G0 V,5738.0,1.315,1.029,Transit,2019.0,Qatar,281.498,Gas Giant
Qatar-9 b,Qatar-9,11.309881,1.009,378.2177,1.19,0.0,1134.0,210.669,0.0234,1.540731,K5 V,4309.0,0.696,0.719,Transit,2019.0,Qatar,213.771,Gas Giant
ROXs 12 b,ROXs 12,12.2,1.09,5085.0,16.0,0.83,,,210.0,,M0,3850.0,1.06627,0.87,Imaging,2013.0,W. M. Keck Observatory,136.65,Gas Giant
ROXs 42 B b,ROXs 42 B,12.5,1.12,2860.0,9.0,0.58,1975.0,,157.0,,M0,3433.0,1.33658,1.0,Imaging,2013.0,Multiple Observatories,143.59,Gas Giant
RR Cae b,RR Cae,13.0,1.16,1334.886,4.2,0.0,,,5.3,4343.5,M,3904.0,0.193119,0.44,Eclipse Timing Variations,2012.0,Leoncito Astronomical Complex,21.1916,Gas Giant
Ross 128 b,Ross 128,1.11,0.0988,1.4,0.00440487,0.116,301.0,1.38,0.0496,9.8658,M4,3192.0,0.1967,0.168,Radial Velocity,2017.0,La Silla Observatory,3.37454,Terrestrial
Ross 176 b,Ross 176,1.84,0.16415409,4.57,0.01437883,0.25,682.0,36.2,0.0464,5.0066338,K7 V,4041.0,0.569,0.577,Transit,2025.0,Transiting Exoplanet Survey Satellite (TESS),46.4488,Super-Earth
Ross 458 c,Ross 458,14.01125,1.25,1906.98,6.0,,,,1100.0,,M2,3965.42,0.562566,0.556419,Imaging,2010.0,Las Campanas Observatory,11.5094,Gas Giant
Ross 508 b,Ross 508,1.83,0.163,4.0,0.01258541,0.33,,,0.05366,10.77,M4.5 V,3071.0,0.2113,0.1774,Radial Velocity,2022.0,Subaru Telescope,11.2103,Super-Earth
SPECULOOS-3 b,SPECULOOS-3,0.977,0.08716225,0.894,0.00281,,553.0,15.54,0.00733,0.71912603,M6.5+/-0.5,2800.0,0.123,0.1009,Transit,2024.0,SPECULOOS Southern Observatory,,Terrestrial
SWEEPS-11 b,SWEEPS-11,12.666,1.13,3082.82,9.7,,,,0.03,1.796,,,1.45,1.1,Transit,2006.0,Hubble Space Telescope,8500.0,Gas Giant
SWEEPS-4 b,SWEEPS-4,9.079,0.81,1207.7,3.8,,,,0.055,4.2,,,1.18,1.24,Transit,2006.0,Hubble Space Telescope,8500.0,Gas Giant
TAP 26 b,TAP 26,13.5,1.2,527.5978,1.66,,,,0.0968,10.79,,4620.0,1.17,1.04,Radial Velocity,2017.0,Multiple Facilities,121.402,Gas Giant
TCP J05074264+2447555 b,TCP J05074264+2447555,4.72,0.421,20.0,0.06292704,,,,0.94,,,5805.0,1.42487,0.586,Microlensing,2018.0,Multiple Observatories,505.0,Neptunian
TIC 139270665 b,TIC 139270665,7.22979255,0.645,147.15455244,0.463,0.105,703.0,40.3,0.163,23.624,G2,5844.0,1.016,1.035,Transit,2024.0,Transiting Exoplanet Survey Satellite (TESS),189.875,Gas Giant
TIC 139270665 c,TIC 139270665,12.9,1.15,1554.18091023,4.89,0.566,200.0,0.21,2.0,1010.0,G2,5844.0,1.016,1.035,Radial Velocity,2024.0,Lick Observatory,189.875,Gas Giant
TIC 172900988 b,TIC 172900988 Aa,11.25,1.0036595,942.0,2.96386345,0.0271,,,0.90281,200.452,F9,6050.0,1.3842,1.2384,Transit,2021.0,Transiting Exoplanet Survey Satellite (TESS),250.956,Gas Giant
TIC 237913194 b,TIC 237913194,12.520453,1.117,617.22586,1.942,0.575,974.0,83.3856,0.1207,15.168865,G3,5788.0,1.088,1.026,Transit,2020.0,Transiting Exoplanet Survey Satellite (TESS),306.063,Gas Giant
TIC 241249530 b,TIC 241249530,13.29385111,1.186,1582.78546686,4.98,0.9412,,,0.641,165.7719,,6166.0,1.397,1.271,Transit,2024.0,Transiting Exoplanet Survey Satellite (TESS),324.448,Gas Giant
TIC 257060897 b,TIC 257060897,17.26183028,1.54,201.50321004,0.634,0.039,1775.0,1804.5549,0.04922,3.66003639,F,5993.0,1.863,1.187,Transit,2021.0,Transiting Exoplanet Survey Satellite (TESS),505.703,Gas Giant
TIC 279401253 b,TIC 279401253,11.2089807,1.0,1951.46641898,6.14,0.448,,,0.369,76.8,,5951.0,1.06,1.13,Transit,2023.0,Transiting Exoplanet Survey Satellite (TESS),285.584,Gas Giant
TIC 279401253 c,TIC 279401253,12.6,1.12,2548.98382414,8.02,0.254,,,0.591,155.3,,5951.0,1.06,1.13,Transit,2023.0,Multiple Observatories,285.584,Gas Giant
TIC 365102760 b,TIC 365102760,6.21,0.55402005,19.2,0.06040996,0.406,,,0.0622,4.21285367,,4900.0,3.13,1.17,Transit,2024.0,Transiting Exoplanet Survey Satellite (TESS),555.546,Gas Giant
TIC 393818343 b,TIC 393818343,12.18416202,1.087,1379.37528638,4.34,0.6058,805.5,2.28,0.1291,16.24921,G0,5756.0,1.086,1.082,Transit,2024.0,Transiting Exoplanet Survey Satellite (TESS),93.7345,Gas Giant
TIC 434398831 b,TIC 434398831,3.51,0.31314176,12.1,0.0381,0.04,1250.0,,0.04641,3.685504,G4 V,5638.0,0.909,0.992,Transit,2025.0,Transiting Exoplanet Survey Satellite (TESS),217.011,Neptunian
TIC 434398831 c,TIC 434398831,5.63,0.50227582,27.0,0.0849,0.013,1050.0,,0.06572,6.210291,G4 V,5638.0,0.909,0.992,Transit,2025.0,Transiting Exoplanet Survey Satellite (TESS),217.011,Neptunian
TIC 46432937 b,TIC 46432937,13.31626907,1.188,1017.0509024,3.2,0.009,872.0,,0.02065,1.44044527,,3572.0,0.5299,0.563,Transit,2024.0,Transiting Exoplanet Survey Satellite (TESS),90.5369,Gas Giant
TIC 4672985 b,TIC 4672985,11.5004142,1.026,4049.13390518,12.74,0.018,517.2,,0.33,69.048,,5757.0,1.15,1.01,Transit,2024.0,Transiting Exoplanet Survey Satellite (TESS),253.385,Gas Giant
TIC 88785435 b,TIC 88785435,5.03,0.44874732,22.3,0.0701,0.131,635.0,,0.08432,10.508843,K7 V,3998.0,0.911,0.724,Transit,2025.0,Transiting Exoplanet Survey Satellite (TESS),122.386,Neptunian
TOI-1052 b,TOI-1052,2.87,0.25604469,16.9,0.05317335,0.18,1135.0,246.0,0.09103,9.139703,,6146.0,1.264,1.204,Transit,2023.0,Transiting Exoplanet Survey Satellite (TESS),129.804,Neptunian
TOI-1052 c,TOI-1052,6.48,0.578,34.3,0.10791987,0.237,719.0,39.7,0.2263,35.806,,6146.0,1.264,1.204,Radial Velocity,2023.0,Multiple Observatories,129.804,Gas Giant
TOI-1062 b,TOI-1062,2.265,0.20207011,10.15,0.03193547,0.177,1077.0,232.0,0.052,4.11296,G9 V,5328.0,0.84,0.94,Transit,2021.0,Transiting Exoplanet Survey Satellite (TESS),82.1733,Super-Earth
TOI-1062 c,TOI-1062,3.1,0.276,9.78,0.03077132,0.14,859.0,95.0,0.08,7.972,G9 V,5328.0,0.84,0.94,Radial Velocity,2021.0,La Silla Observatory,82.1733,Neptunian
TOI-1064 b,TOI-1064,2.587,0.23079708,13.5,0.04247575,0.047,784.0,62.9,0.06152,6.443868,,4734.0,0.726,0.748,Transit,2022.0,Transiting Exoplanet Survey Satellite (TESS),68.0726,Neptunian
TOI-1064 c,TOI-1064,2.651,0.23650679,2.5,0.00786588,0.088,634.0,26.8,0.09429,12.226574,,4734.0,0.726,0.748,Transit,2022.0,Transiting Exoplanet Survey Satellite (TESS),68.0726,Neptunian
TOI-1075 b,TOI-1075,1.791,0.15978259,9.95,0.0313062,0.0,1323.0,509.2,0.01159,0.6047328,K9 V/M0 V,3875.0,0.581,0.604,Transit,2022.0,Transiting Exoplanet Survey Satellite (TESS),61.4592,Super-Earth
TOI-1080 b,TOI-1080,1.2,0.10705701,10.7,0.03366596,,368.0,4.35,0.0272,3.9652482,M4.0&plusmn;1.0,3065.0,0.2019,0.1667,Transit,2026.0,Transiting Exoplanet Survey Satellite (TESS),25.559,Terrestrial
TOI-1107 b,TOI-1107,14.57167491,1.3,1064.72516345,3.35,0.025,1728.0,532.0,0.0561,4.0782387,F6 V,6311.0,1.81,1.35,Transit,2022.0,Transiting Exoplanet Survey Satellite (TESS),281.314,Gas Giant
TOI-1117 b,TOI-1117,2.46,0.21946688,8.9,0.02800253,0.0,1538.0,928.0,0.033,2.22816,G5 V,5635.0,1.05,0.97,Transit,2025.0,Transiting Exoplanet Survey Satellite (TESS),167.598,Super-Earth
TOI-1117 c,TOI-1117,2.91,0.259,8.78,0.02762497,0.0,1210.0,355.0,0.0534,4.579,G5 V,5635.0,1.05,0.97,Radial Velocity,2025.0,La Silla Observatory,167.598,Neptunian
TOI-1117 d,TOI-1117,3.27,0.291,10.71,0.03369743,0.0,978.0,152.0,0.0817,8.665,G5 V,5635.0,1.05,0.97,Radial Velocity,2025.0,La Silla Observatory,167.598,Neptunian
TOI-1130 b,TOI-1130,3.66,0.32652389,19.8,0.06229777,0.052162,825.0,78.1,0.0453,4.074554,K6-K7,4360.0,0.697,0.745,Transit,2020.0,Transiting Exoplanet Survey Satellite (TESS),58.2609,Neptunian
TOI-1130 c,TOI-1130,13.0,1.15978431,336.0,1.05717423,0.0398,650.0,30.0,0.0731,8.3501898,K6-K7,4360.0,0.697,0.745,Transit,2020.0,Transiting Exoplanet Survey Satellite (TESS),58.2609,Gas Giant
TOI-1135 b,TOI-1135,9.34085,0.83243188,51.42,0.162,0.0,1074.28,254.894,0.082337403,8.0277283,G0,5962.7,1.15,1.156039,Transit,2024.0,Transiting Exoplanet Survey Satellite (TESS),114.048,Gas Giant
TOI-1136 b,TOI-1136,1.9,0.16950694,3.5,0.01101223,0.027,1216.0,,0.05106,4.1727,,5770.0,0.968,1.022,Transit,2022.0,Transiting Exoplanet Survey Satellite (TESS),84.5362,Super-Earth
TOI-1136 c,TOI-1136,2.879,0.25684762,6.32,0.01988494,0.11,1062.0,232.392,0.0669,6.2574,,5770.0,0.968,1.022,Transit,2022.0,Transiting Exoplanet Survey Satellite (TESS),84.5362,Neptunian
TOI-1136 d,TOI-1136,4.627,0.412794,8.35,0.02627204,0.042,843.0,626.362,0.1062,12.5199,,5770.0,0.968,1.022,Transit,2022.0,Transiting Exoplanet Survey Satellite (TESS),84.5362,Neptunian
TOI-1136 e,TOI-1136,2.639,0.23543622,6.07,0.01909836,0.0425,737.0,48.4771,0.14,18.801,,5770.0,0.968,1.022,Transit,2022.0,Transiting Exoplanet Survey Satellite (TESS),84.5362,Neptunian
TOI-1136 f,TOI-1136,3.73591482,0.33329657,9.7,0.03051961,0.001,658.0,26.4328,0.174,26.321,,5770.0,0.968,1.022,Transit,2022.0,Transiting Exoplanet Survey Satellite (TESS),84.5362,Neptunian
TOI-1136 g,TOI-1136,2.53,0.22571187,5.6,0.01761957,0.04,574.0,,0.229,39.545,,5770.0,0.968,1.022,Transit,2022.0,Transiting Exoplanet Survey Satellite (TESS),84.5362,Neptunian
TOI-1173 b,TOI-1173,9.19,0.8198783,27.4,0.08621004,0.023,868.0,132.0,0.0696,7.06466,G9,5350.0,0.934,0.911,Transit,2024.0,Transiting Exoplanet Survey Satellite (TESS),132.353,Gas Giant
TOI-1174 b,TOI-1174,2.562,0.22856672,32.0,0.10068326,0.0,713.83,52.02,0.07994,8.953487683,,5030.0,0.76,0.85,Transit,2024.0,Transiting Exoplanet Survey Satellite (TESS),94.6375,Neptunian
TOI-1180 b,TOI-1180,3.072,0.27406595,10.0,0.03146352,0.0,638.18,36.97,0.080799,9.686760378,,4738.0,0.73,0.75,Transit,2024.0,Transiting Exoplanet Survey Satellite (TESS),72.0238,Neptunian
TOI-1181 b,TOI-1181,17.02644168,1.519,374.71969185,1.179,0.011,1942.12,14140.0,0.0364,2.103189,F9 IV,6054.0,1.961,1.467,Transit,2022.0,Transiting Exoplanet Survey Satellite (TESS),302.819,Gas Giant
TOI-1184 b,TOI-1184,2.39,0.21322189,6.8,0.02139519,0.0,715.47,57.54,0.056027,5.748433803,,4534.0,0.69,0.71,Transit,2024.0,Transiting Exoplanet Survey Satellite (TESS),58.5946,Super-Earth
TOI-1194 b,TOI-1194,8.71664516,0.77764833,120.0,0.37756222,0.0,1264.29,203.685,0.034,2.3106446,,5394.0,0.9608,0.9835,Transit,2023.0,Transiting Exoplanet Survey Satellite (TESS),149.667,Gas Giant
TOI-1199 b,TOI-1199,10.5140239,0.938,75.96098927,0.239,0.03,1486.0,324.114,0.04988,3.671463,,5710.0,1.45,1.23,Transit,2024.0,Transiting Exoplanet Survey Satellite (TESS),248.427,Gas Giant
TOI-1201 b,TOI-1201,2.415,0.21545224,6.28,0.01975909,0.0,703.0,40.6,0.0287,2.4919863,M2.0 V,3476.0,0.508,0.512,Transit,2021.0,Transiting Exoplanet Survey Satellite (TESS),37.8871,Super-Earth
TOI-1203 b,TOI-1203,1.52,0.13560555,3.51,0.0110437,0.067,1361.2,572.2,0.04869,4.1572888,G3 V,5737.0,1.179,0.886,Radial Velocity,2025.0,La Silla Observatory,64.9943,Super-Earth
TOI-1203.01,TOI-1203,2.918,0.26032697,7.39,0.02325154,0.032,743.6,51.0,0.1632,25.502672,G3 V,5737.0,1.179,0.886,Transit,2021.0,Transiting Exoplanet Survey Satellite (TESS),64.9943,Neptunian
TOI-122 b,TOI-122,2.72,0.24266215,7.85,0.0247,0.0,471.0,8.8,0.0392,5.07803,M3 V,3403.0,0.334,0.312,Transit,2020.0,Transiting Exoplanet Survey Satellite (TESS),62.118,Neptunian
TOI-1221 b,TOI-1221,2.91,0.25961326,1112.3994245,3.5,0.21,440.0,6.06,0.387,91.68278,,5592.0,1.031,0.93,Transit,2023.0,Transiting Exoplanet Survey Satellite (TESS),138.411,Neptunian
TOI-1224 b,TOI-1224,2.104,0.18770663,5.08,0.016,,541.0,13.9295,0.0355,4.1782745,,3326.0,0.404,0.4,Transit,2024.0,Transiting Exoplanet Survey Satellite (TESS),37.3312,Super-Earth
TOI-1227 b,TOI-1227,9.57246952,0.854,66.5,0.209,,243.77,3.21,0.0886,27.36397,M4.5V-M5V,3072.0,0.56,0.17,Transit,2022.0,Transiting Exoplanet Survey Satellite (TESS),100.641,Gas Giant
TOI-1231 b,TOI-1231,3.65,0.32563175,15.4,0.04845382,0.087,329.6,1.93,0.1288,24.245586,M3 V,3553.0,0.476,0.485,Transit,2021.0,Transiting Exoplanet Survey Satellite (TESS),27.6227,Neptunian
TOI-1233.01,HD 108236,2.539,0.22651441,6.98,0.022,0.055,708.0,53.8795,0.1074,14.175685,G3 V,5660.0,0.877,0.869,Transit,2021.0,Transiting Exoplanet Survey Satellite (TESS),64.5978,Neptunian
TOI-1235 b,TOI-1235,1.69,0.15077196,6.69,0.02104909,0.049,775.0,60.3,0.03845,3.444714,M0.5 V,3997.0,0.619,0.63,Transit,2020.0,Transiting Exoplanet Survey Satellite (TESS),39.6345,Super-Earth
TOI-1238 b,TOI-1238,1.21,0.10794916,3.76,0.01183028,0.25,1133.0,442.0,0.0139,0.764597,K7/M0,4089.0,0.58,0.59,Transit,2022.0,Transiting Exoplanet Survey Satellite (TESS),70.7145,Terrestrial
TOI-1238 c,TOI-1238,2.11,0.18824192,8.32,0.02617765,0.15,695.0,63.0,0.037,3.294736,K7/M0,4089.0,0.58,0.59,Transit,2022.0,Transiting Exoplanet Survey Satellite (TESS),70.7145,Super-Earth
TOI-1244 b,TOI-1244,2.467,0.22009138,6.6,0.02076592,0.0,714.86,56.63,0.060694,6.400316483,,4599.0,0.721,0.73,Transit,2024.0,Transiting Exoplanet Survey Satellite (TESS),102.551,Super-Earth
TOI-1246 b,TOI-1246,3.01,0.26853468,8.1,0.02548545,,955.0,196.0,0.049,4.30744,K V,5151.0,0.86,0.87,Transit,2022.0,Transiting Exoplanet Survey Satellite (TESS),169.422,Neptunian
TOI-1246 c,TOI-1246,2.45109846,0.21867273,9.1,0.0286318,0.0,862.49,129.0,0.061,5.904137,K V,5213.0,0.8649,0.8889,Transit,2022.0,Transiting Exoplanet Survey Satellite (TESS),169.422,Super-Earth
TOI-1246 d,TOI-1246,3.43139739,0.3061293,5.4,0.0169903,0.0,587.77,28.0,0.132,18.654874,K V,5213.0,0.8649,0.8889,Transit,2022.0,Transiting Exoplanet Survey Satellite (TESS),169.422,Neptunian
TOI-1246 e,TOI-1246,3.5141875,0.31351535,14.5,0.0456221,0.0,463.98,11.0,0.212,37.92548,K V,5213.0,0.8649,0.8889,Transit,2022.0,Transiting Exoplanet Survey Satellite (TESS),169.422,Neptunian
TOI-1248 b,TOI-1248,6.8084859,0.60741347,27.4,0.08621004,0.0,952.09,202.0739,0.051,4.3601561,,5205.0,0.8686,0.9042,Transit,2024.0,Transiting Exoplanet Survey Satellite (TESS),168.735,Gas Giant
TOI-1249 b,TOI-1249,3.2710301,0.29182226,11.9,0.03744159,0.0,726.89,48.6058,0.109,13.079151,,5497.0,0.9785,1.0062,Transit,2024.0,Transiting Exoplanet Survey Satellite (TESS),139.49,Neptunian
TOI-125 b,TOI-125,2.726,0.24319743,9.5,0.02989019,0.194,1037.0,185.0,0.05186,4.65382,K0 V,5320.0,0.848,0.859,Transit,2019.0,Transiting Exoplanet Survey Satellite (TESS),111.059,Neptunian
TOI-125 c,TOI-125,2.759,0.24614149,6.63,0.02086021,0.066,827.8,77.59,0.0814,9.15059,K0 V,5320.0,0.848,0.859,Transit,2019.0,Transiting Exoplanet Survey Satellite (TESS),111.059,Neptunian
TOI-125 d,TOI-125,2.93,0.26139709,13.6,0.04279017,0.168,638.1,26.7,0.137,19.98,K0 V,5320.0,0.848,0.859,Transit,2020.0,Transiting Exoplanet Survey Satellite (TESS),111.059,Neptunian
TOI-1259 A b,TOI-1259 A,11.45557828,1.022,140.16232749,0.441,0.0,963.0,153.1389,0.0407,3.477978,,4775.0,0.711,0.744,Transit,2021.0,Transiting Exoplanet Survey Satellite (TESS),118.106,Gas Giant
TOI-1260 b,TOI-1260,2.41,0.21500617,8.56,0.02693277,0.0,871.0,95.58,0.0367,3.127463,K6 V,4227.0,0.672,0.679,Transit,2021.0,Transiting Exoplanet Survey Satellite (TESS),73.5977,Super-Earth
TOI-1260 c,TOI-1260,2.76,0.24623113,13.2,0.04153184,0.0,651.0,29.81,0.0657,7.493134,K6 V,4227.0,0.672,0.679,Transit,2021.0,Transiting Exoplanet Survey Satellite (TESS),73.5977,Neptunian
TOI-1260 d,TOI-1260,3.12,0.27834824,11.84,0.03725281,0.0,499.0,10.32,0.1116,16.608164,K6 V,4227.0,0.672,0.679,Transit,2022.0,Transiting Exoplanet Survey Satellite (TESS),73.5977,Neptunian
TOI-1266 b,TOI-1266,2.52,0.22481973,4.46,0.01403273,0.039,415.0,4.72,0.073,10.8945,M2,3563.0,0.4232,0.437,Transit,2020.0,Transiting Exoplanet Survey Satellite (TESS),36.0118,Neptunian
TOI-1266 c,TOI-1266,1.98,0.17664407,3.17,0.00997394,0.071,346.0,2.42,0.105,18.8027,M2,3563.0,0.4232,0.437,Transit,2020.0,Transiting Exoplanet Survey Satellite (TESS),36.0118,Super-Earth
TOI-1266 d,TOI-1266,1.74,0.155,3.68,0.01157857,0.087,288.0,1.3,0.1513,32.509,M2,3563.0,0.4232,0.437,Transit Timing Variations,2025.0,Transiting Exoplanet Survey Satellite (TESS),36.0118,Super-Earth
TOI-1268 b,TOI-1268,9.1,0.81184902,96.4,0.30330832,0.105,918.9,91.0972,0.0711,8.1577094,K1-K2,5300.0,0.92,0.96,Transit,2022.0,Transiting Exoplanet Survey Satellite (TESS),109.557,Gas Giant
TOI-1269 b,TOI-1269,2.40144286,0.21424275,6.4,0.02013665,0.0,1004.9,231.2034,0.0496,4.2529913,,5499.0,0.8521,0.9027,Transit,2024.0,Transiting Exoplanet Survey Satellite (TESS),172.138,Super-Earth
TOI-1272 b,TOI-1272,4.13204907,0.36863736,27.0,0.0849515,0.35,975.0,120.595,0.0417,3.31599,,5065.0,0.7934,0.8772,Transit,2022.0,Transiting Exoplanet Survey Satellite (TESS),137.572,Neptunian
TOI-1272 c,TOI-1272,4.95,0.442,21.7,0.06827584,0.12,697.0,,0.079,8.6811,,5065.0,0.7934,0.8772,Radial Velocity,2022.0,W. M. Keck Observatory,137.572,Neptunian
TOI-1273 b,TOI-1273,11.09689089,0.99,70.55790635,0.222,0.055,1211.0,225.013,0.0549,4.631296,,5690.0,1.06,1.06,Transit,2024.0,Transiting Exoplanet Survey Satellite (TESS),177.118,Gas Giant
TOI-1278 b,TOI-1278,12.21778896,1.09,5879.8255295,18.5,0.013,407.87,6.5402,0.095,14.47567,M0 V,3799.0,0.573,0.54,Transit,2021.0,Transiting Exoplanet Survey Satellite (TESS),75.5759,Gas Giant
TOI-1279 b,TOI-1279,2.66146528,0.23744044,10.6,0.03335133,0.0,759.0,74.7359,0.085,9.61419,,5457.0,0.8426,0.8784,Transit,2024.0,Transiting Exoplanet Survey Satellite (TESS),107.055,Neptunian
TOI-128.01,TOI-128,2.21898,0.19774964,5.56,0.0175,,1344.51,182.406,0.05381019,4.9404681,,6086.0,1.13,0.851969,Transit,2024.0,Transiting Exoplanet Survey Satellite (TESS),68.4727,Super-Earth
TOI-1288 b,TOI-1288,4.96846551,0.44325757,44.1,0.13875412,0.0,1203.44,1198.41,0.0374,2.6998279,G V,5388.0,0.9583,0.9552,Transit,2022.0,Transiting Exoplanet Survey Satellite (TESS),114.865,Neptunian
TOI-1288 c,TOI-1288,11.1,0.992,85.7,0.26964235,0.0,,,1.07,416.0,G V,5388.0,0.9583,0.9552,Radial Velocity,2022.0,Multiple Observatories,114.865,Gas Giant
TOI-1294 b,TOI-1294,10.12369881,0.90317747,63.9,0.20105188,0.0,1392.74,311.498,0.051,3.915292,,5718.0,1.5566,1.1578,Transit,2024.0,Transiting Exoplanet Survey Satellite (TESS),332.648,Gas Giant
TOI-1294 c,TOI-1294,14.3,1.27,147.0,0.46251372,0.0,,,0.61,159.9,,5718.0,1.5566,1.1578,Radial Velocity,2024.0,W. M. Keck Observatory,332.648,Gas Giant
TOI-1295 b,TOI-1295,15.69257298,1.4,451.31633794,1.42,0.024,2360.0,1800.0,0.047,3.1968838,F,6280.0,1.7,1.38,Transit,2024.0,Transiting Exoplanet Survey Satellite (TESS),388.227,Gas Giant
TOI-1296 b,TOI-1296,14.11645916,1.2593883,95.3,0.29984733,0.0,1414.84,1078.5987,0.051,3.9443736,,5567.0,1.7031,1.1576,Transit,2021.0,Transiting Exoplanet Survey Satellite (TESS),323.265,Gas Giant
TOI-1298 b,TOI-1298,9.65807033,0.86163681,99.0,0.31148883,0.0,1278.0,732.0077,0.057,4.537143,,5752.0,1.4536,1.2187,Transit,2021.0,Transiting Exoplanet Survey Satellite (TESS),319.036,Gas Giant
TOI-1301.01,TOI-1301,2.477,0.22098352,6.7,0.0211,,737.36,72.55,0.059866,6.096407209,,4820.0,0.732,0.77,Transit,2024.0,Transiting Exoplanet Survey Satellite (TESS),90.8693,Super-Earth
TOI-132 b,TOI-132,3.42,0.30511196,22.4,0.07047793,0.059,1395.0,860.0,0.026,2.1097019,G8 V,5397.0,0.9,0.97,Transit,2020.0,Transiting Exoplanet Survey Satellite (TESS),163.678,Neptunian
TOI-1333 b,TOI-1333,15.647764,1.396,753.2571,2.37,0.073,1679.0,1112.85,0.0626,4.720219,,6274.0,1.925,1.464,Transit,2021.0,Transiting Exoplanet Survey Satellite (TESS),200.492,Gas Giant
TOI-1338 b,TOI-1338 A,7.661,0.6835,11.3,0.0355,0.0331,254.65,0.9938,0.4607,95.4001,F8,5723.2,1.313,1.0936,Transit,2020.0,Transiting Exoplanet Survey Satellite (TESS),399.017,Gas Giant
TOI-1338 c,TOI-1338 A,10.3,0.92,75.4,0.23723493,0.037,,,0.794,215.79,F8,5723.2,1.313,1.0936,Radial Velocity,2023.0,Multiple Observatories,399.017,Gas Giant
TOI-1347 b,TOI-1347,1.8,0.16058552,11.1,0.03492451,0.0,1400.0,1876.1315,0.0171,0.84742346,,5464.0,0.83,0.913,Transit,2024.0,Transiting Exoplanet Survey Satellite (TESS),147.476,Super-Earth
TOI-1347 c,TOI-1347,1.6,0.14274268,6.4,0.02013665,0.0,1000.0,183.6642,0.0546,4.841962,,5464.0,0.83,0.913,Transit,2024.0,Transiting Exoplanet Survey Satellite (TESS),147.476,Super-Earth
TOI-1386 b,TOI-1386,6.2163865,0.55458981,45.8,0.14410292,0.0,615.03,34.68,0.173,25.8401,G5V,5735.0,1.0235,1.0363,Transit,2024.0,Transiting Exoplanet Survey Satellite (TESS),146.858,Gas Giant
TOI-1386 c,TOI-1386,10.3,0.918,75.2,0.23660566,0.38,327.4,1.771,0.75,232.0,G5V,5735.0,1.0235,1.0363,Radial Velocity,2024.0,W. M. Keck Observatory,146.858,Gas Giant
TOI-1408 b,TOI-1408,25.0,2.23035445,593.0,1.86578665,0.0023,1293.0,465.179,0.05778,4.42587,F8 V,6117.0,1.53,1.312,Transit,2023.0,Transiting Exoplanet Survey Satellite (TESS),139.484,Gas Giant
TOI-1408 c,TOI-1408,2.22,0.19805548,7.6,0.02391227,0.1353,1864.0,2005.35,0.03587,2.1664,F8 V,6117.0,1.53,1.312,Transit Timing Variations,2024.0,Transiting Exoplanet Survey Satellite (TESS),139.484,Super-Earth
TOI-1410 c,TOI-1410,5.63,0.502,27.0,0.0849515,0.0,,,0.239,47.56,,4635.0,0.7558,0.7941,Radial Velocity,2024.0,W. M. Keck Observatory,72.7512,Neptunian
TOI-1410.01,TOI-1410,3.10083009,0.27663801,12.5,0.0393294,0.0,1236.7,565.5415,0.0207,1.21687,,4635.0,0.7558,0.7941,Transit,2024.0,Transiting Exoplanet Survey Satellite (TESS),72.7512,Neptunian
TOI-1411 b,TOI-1411,1.19880592,0.10695049,2.0,0.0062927,0.0,976.4,266.85,0.02122,1.4520527,,4115.0,0.614,0.6045,Transit,2022.0,Transiting Exoplanet Survey Satellite (TESS),32.4778,Terrestrial
TOI-1416 b,TOI-1416,1.62,0.14452697,3.48,0.0109493,0.0,1517.0,883.0,0.019,1.0697568,G9 V,4884.0,0.793,0.798,Transit,2023.0,Transiting Exoplanet Survey Satellite (TESS),55.0135,Super-Earth
TOI-1420 b,TOI-1420,11.89,1.06075658,25.1,0.07897343,0.17,957.0,139.0,0.071,6.9561063,,5510.0,0.923,0.987,Transit,2023.0,Transiting Exoplanet Survey Satellite (TESS),201.918,Gas Giant
TOI-1422 b,TOI-1422,3.83,0.3416903,9.5,0.02989034,0.2,870.0,90.5151,0.107,12.99894,G2 V,5840.0,1.019,0.9903,Transit,2022.0,Transiting Exoplanet Survey Satellite (TESS),155.141,Neptunian
TOI-1422 c,TOI-1422,2.61,0.232849,14.0,0.04404893,0.2,628.0,,0.205,34.5633,G2 V,5840.0,1.019,0.9903,Radial Velocity,2025.0,Roque de los Muchachos Observatory,155.141,Neptunian
TOI-1431 b,TOI-1431,16.70138124,1.49,991.62462984,3.12,0.0022,2370.0,5300.0,0.046,2.650237,Am C,7690.0,1.92,1.9,Transit,2021.0,Transiting Exoplanet Survey Satellite (TESS),148.925,Gas Giant
TOI-1437 b,TOI-1437,2.24,0.19983976,9.6,0.03020498,0.17,794.23,82.0,0.14,18.840942,,6008.0,1.17,1.1,Transit,2024.0,Transiting Exoplanet Survey Satellite (TESS),103.297,Super-Earth
TOI-1438 b,TOI-1438,3.04,0.2712111,9.4,0.02957571,0.0,971.0,145.0,0.0553,5.13967,K0 V,5230.0,0.82,0.876,Transit,2025.0,Transiting Exoplanet Survey Satellite (TESS),110.513,Neptunian
TOI-1438 c,TOI-1438,2.75,0.24533899,10.6,0.03335133,0.0,794.0,65.0,0.083,9.428089,K0 V,5230.0,0.82,0.876,Transit,2025.0,Transiting Exoplanet Survey Satellite (TESS),110.513,Neptunian
TOI-1439 b,TOI-1439,4.2427861,0.37851667,38.5,0.12113455,0.157,748.4,68.4355,0.192,27.644,,5841.0,1.6184,1.2313,Transit,2024.0,Transiting Exoplanet Survey Satellite (TESS),230.306,Neptunian
TOI-1442 b,TOI-1442,1.17,0.10438059,1.71,0.00537,,1072.0,207.0242,0.0071,0.4090677,,3330.0,0.31,0.29,Transit,2022.0,Transiting Exoplanet Survey Satellite (TESS),41.1659,Terrestrial
TOI-1443 b,TOI-1443,2.30381001,0.20553252,30.0,0.09439056,0.0,520.66,16.8576,0.147,23.540678,,5224.0,0.7511,0.7663,Transit,2024.0,Transiting Exoplanet Survey Satellite (TESS),85.8034,Super-Earth
TOI-1444 b,TOI-1444,1.41792246,0.12649879,3.58,0.01126394,0.0,2130.02,5028.6263,0.0116,0.4702743,G,5460.0,0.9105,0.9513,Transit,2021.0,Transiting Exoplanet Survey Satellite (TESS),125.463,Terrestrial
TOI-1448 b,TOI-1448,2.749,0.24524978,19.5,0.06135386,0.36,426.0,5.45,0.0567,8.112245,,3412.0,0.38,0.372,Transit,2024.0,Transiting Exoplanet Survey Satellite (TESS),73.3345,Neptunian
TOI-1451 b,TOI-1451,2.61143902,0.23297739,15.2,0.04782455,0.0,723.33,53.0216,0.127,16.537944,,5801.0,1.0162,1.0022,Transit,2024.0,Transiting Exoplanet Survey Satellite (TESS),91.9362,Neptunian
TOI-1452 b,TOI-1452,1.672,0.14916611,4.82,0.01516542,0.0,326.0,1.8,0.061,11.06201,M4 +/- 0.5 V,3185.0,0.275,0.249,Transit,2022.0,Transiting Exoplanet Survey Satellite (TESS),30.5212,Super-Earth
TOI-1467 b,TOI-1467,1.92,0.17129122,9.0,0.02831717,0.0,506.07,18.13,0.050748,5.97114713,,3834.0,0.491,0.489,Transit,2024.0,Transiting Exoplanet Survey Satellite (TESS),37.4418,Super-Earth
TOI-1468 b,TOI-1468,1.401,0.12498906,3.04,0.00956491,0.0099,683.5,36.4,0.02107,1.8805201,M3.0 V,3376.0,0.3714,0.3527,Transit,2022.0,Transiting Exoplanet Survey Satellite (TESS),24.7399,Terrestrial
TOI-1468 c,TOI-1468,2.126,0.18966934,4.1,0.01290004,0.111,338.1,2.13,0.08608,15.532477,M3.0 V,3376.0,0.3714,0.3527,Transit,2022.0,Transiting Exoplanet Survey Satellite (TESS),24.7399,Super-Earth
TOI-1470 b,TOI-1470,2.18,0.19448691,7.32,0.0230313,0.3,734.0,46.3,0.0285,2.527093,M1.5 V,3709.0,0.469,0.471,Transit,2023.0,Transiting Exoplanet Survey Satellite (TESS),51.9503,Super-Earth
TOI-1470 c,TOI-1470,2.47,0.22035902,7.24,0.02277959,0.5,373.0,3.35,0.106,18.08816,M1.5 V,3709.0,0.469,0.471,Transit,2023.0,Transiting Exoplanet Survey Satellite (TESS),51.9503,Super-Earth
TOI-1472 b,TOI-1472,4.058,0.362,18.05,0.057,0.041,891.0,110.0201,0.064,6.36338574,,5100.0,0.84,0.87,Transit,2024.0,Transiting Exoplanet Survey Satellite (TESS),121.84,Neptunian
TOI-1472 c,TOI-1472,3.334,0.298,21.13,0.067,0.172,662.0,,0.116,15.5381747,,5100.0,0.84,0.87,Radial Velocity,2025.0,Multiple Observatories,121.84,Neptunian
TOI-1478 b,TOI-1478,11.99360935,1.07,279.68899816,0.88,0.055,918.0,261.013,0.0818,10.1802117,,5597.0,1.048,0.947,Transit,2021.0,Transiting Exoplanet Survey Satellite (TESS),152.892,Gas Giant
TOI-150.01,TOI-150,14.067295,1.255,797.7533,2.51,0.262,1404.5,750.922,0.07037,5.857487,F,6255.0,1.526,1.351,Transit,2019.0,Transiting Exoplanet Survey Satellite (TESS),336.267,Gas Giant
TOI-1518 b,TOI-1518,21.05046575,1.878,581.62598481,1.83,0.01,2546.0,7010.0,0.03712,1.90261131,F0,7299.0,1.942,1.88,Transit,2021.0,Multiple Observatories,225.888,Gas Giant
TOI-157 b,TOI-157,14.414774,1.286,375.0394,1.18,0.0,1588.0,1062.0,0.03138,2.0845435,G9 IV,5404.0,1.167,0.948,Transit,2020.0,Transiting Exoplanet Survey Satellite (TESS),355.683,Gas Giant
TOI-1601 b,TOI-1601,14.19902343,1.2667542,387.0,1.21763817,0.0,1493.97,1071.42,0.069,5.33175,,5982.0,2.195,1.5055,Transit,2021.0,Transiting Exoplanet Survey Satellite (TESS),336.608,Gas Giant
TOI-163 b,TOI-163,16.690201,1.489,387.7526,1.22,0.0,1669.0,1489.1126,0.058,4.231306,F,6495.0,1.648,1.4352,Transit,2019.0,Transiting Exoplanet Survey Satellite (TESS),411.719,Gas Giant
TOI-1630.01,TOI-1630,2.417,0.21563067,6.42,0.0202,,584.0,55.58,0.101151,12.055734733,,5504.0,0.83,0.95,Transit,2024.0,Transiting Exoplanet Survey Satellite (TESS),66.0929,Super-Earth
TOI-1634 b,TOI-1634,1.773,0.15817674,7.57,0.02381788,0.0,924.0,121.0,0.01545,0.9893455,M2,3472.0,0.45,0.451,Transit,2021.0,Transiting Exoplanet Survey Satellite (TESS),35.2736,Super-Earth
TOI-1648 b,TOI-1648,2.54,0.227,7.4,0.0233,0.178,799.0,27.4026,0.0694,7.331602,,4850.0,0.81,0.83,Transit,2025.0,Transiting Exoplanet Survey Satellite (TESS),69.835,Neptunian
TOI-1659.01,TOI-1659,2.255,0.20117797,5.71,0.018,,1031.14,268.44,0.065757,5.877556328,,5977.0,1.006,1.1,Transit,2024.0,Transiting Exoplanet Survey Satellite (TESS),122.494,Super-Earth
TOI-1669 b,TOI-1669,14.1,1.26,191.0,0.60095321,0.0,,,1.27,500.0,,5497.0,1.0561,0.9867,Radial Velocity,2023.0,W. M. Keck Observatory,111.276,Gas Giant
TOI-1669 c,TOI-1669,2.2963977,0.20487123,13.0,0.04090257,0.0,1285.16,342.997,0.0376,2.6800535,,5497.0,1.0561,0.9867,Transit,2024.0,Transiting Exoplanet Survey Satellite (TESS),111.276,Super-Earth
TOI-1670 b,TOI-1670,2.06,0.18378121,41.31769291,0.13,0.59,1062.0,196.694,0.103,10.98462,F7 V,6170.0,1.316,1.21,Transit,2022.0,Transiting Exoplanet Survey Satellite (TESS),168.067,Super-Earth
TOI-1670 c,TOI-1670,11.06326395,0.987,200.23189641,0.63,0.09,684.0,14.5514,0.249,40.74976,F7 V,6170.0,1.316,1.21,Transit,2022.0,Transiting Exoplanet Survey Satellite (TESS),168.067,Gas Giant
TOI-1680 b,TOI-1680,1.466,0.13078799,2.75,0.00865,,404.0,4.41,0.03144,4.8026345,M4.5+/-0.5,3225.0,0.2106,0.1798,Transit,2023.0,Transiting Exoplanet Survey Satellite (TESS),37.2209,Terrestrial
TOI-1683.01,TOI-1683,2.6382,0.23510942,7.45,0.0235,,929.25,163.056,0.036507593,3.0575356,,4402.0,0.7,0.694661,Transit,2024.0,Transiting Exoplanet Survey Satellite (TESS),51.1884,Neptunian
TOI-1685 b,TOI-1685,1.421,0.12677335,3.07,0.0096593,0.0,1000.0,213.0,0.01164,0.66913923,M3 V,3470.0,0.462,0.466,Transit,2021.0,Transiting Exoplanet Survey Satellite (TESS),37.6153,Terrestrial
TOI-169 b,TOI-169,12.172974,1.086,251.40353,0.791,0.0,1715.0,1443.0,0.03524,2.2554477,G1 V,5880.0,1.288,1.147,Transit,2020.0,Transiting Exoplanet Survey Satellite (TESS),407.84,Gas Giant
TOI-1691 b,TOI-1691,3.66,0.32652389,14.6,0.04593674,0.0,703.49,59.13,0.129365,16.736888935,,5759.0,1.0,1.03,Transit,2024.0,Transiting Exoplanet Survey Satellite (TESS),111.445,Neptunian
TOI-1693 b,TOI-1693,1.41,0.12579199,2.57,0.00809,,764.0,57.0208,0.0226,1.7666957,,3499.0,0.46,0.49,Transit,2022.0,Transiting Exoplanet Survey Satellite (TESS),30.7947,Terrestrial
TOI-1694 b,TOI-1694,5.3422266,0.47660235,31.3,0.09848081,0.0,943.19,195.2882,0.045,3.770107,,5058.0,0.8036,0.853,Transit,2023.0,Transiting Exoplanet Survey Satellite (TESS),124.68,Neptunian
TOI-1694 c,TOI-1694,13.8,1.23,297.0,0.9344665,0.0,,,0.1,393.1,,5058.0,0.8036,0.853,Radial Velocity,2023.0,W. M. Keck Observatory,124.68,Gas Giant
TOI-1695 b,TOI-1695,1.9,0.16950694,6.36,0.0200108,0.097,698.0,39.0,0.033548,3.1342791,M1 V,3690.0,0.515,0.513,Transit,2022.0,Transiting Exoplanet Survey Satellite (TESS),45.1309,Super-Earth
TOI-1696 b,TOI-1696,3.09,0.27567181,48.8,0.15354197,0.0,489.0,13.5,0.0229,2.500311,M5V,3185.0,0.2775,0.255,Transit,2022.0,Transiting Exoplanet Survey Satellite (TESS),64.9172,Neptunian
TOI-1710 b,TOI-1710,5.20315158,0.46419489,22.4,0.07047828,0.0,602.99,33.0,0.166,24.283377,G5 V,5684.0,0.9574,1.0258,Transit,2022.0,Transiting Exoplanet Survey Satellite (TESS),81.2271,Neptunian
TOI-1716.01,TOI-1716,3.143,0.28040016,10.0,0.0316,,959.0,254.83,0.080496,8.082376554,,5879.0,1.24,1.07,Transit,2024.0,Transiting Exoplanet Survey Satellite (TESS),104.158,Neptunian
TOI-172 b,TOI-172,10.816685,0.965,1722.6386,5.42,0.3806,1198.0,299.0,0.0914,9.47725,,5645.0,1.777,1.128,Transit,2019.0,Transiting Exoplanet Survey Satellite (TESS),342.831,Gas Giant
TOI-1723 b,TOI-1723,3.435,0.3064507,10.4,0.03272206,0.0,782.98,92.36,0.113496,13.727012643,,5777.0,1.09,1.04,Transit,2024.0,Transiting Exoplanet Survey Satellite (TESS),100.727,Neptunian
TOI-1728 b,TOI-1728,5.05,0.45053082,26.78,0.08425888,0.057,767.0,57.78,0.0391,3.49151,M0,3980.0,0.6243,0.646,Transit,2020.0,Transiting Exoplanet Survey Satellite (TESS),60.798,Neptunian
TOI-1736 b,TOI-1736,3.18175535,0.28385769,12.3,0.03870013,0.0,1099.79,329.6,0.073,7.073076,,5636.0,1.4286,1.0373,Transit,2023.0,Transiting Exoplanet Survey Satellite (TESS),88.9482,Neptunian
TOI-1736 c,TOI-1736,12.5,1.12,2800.0,8.7,0.3685,249.0,0.9,1.37,571.25,,5636.0,1.4286,1.0373,Radial Velocity,2023.0,Haute-Provence Observatory,88.9482,Gas Giant
TOI-1739 b,TOI-1739,1.946,0.17361079,4.45,0.014,,755.55,53.91,0.073872,8.303341406,,4814.0,0.781,0.78,Transit,2024.0,Transiting Exoplanet Survey Satellite (TESS),70.9819,Super-Earth
TOI-1742 b,TOI-1742,2.36507598,0.21099831,9.7,0.03051961,0.3,694.09,58.618,0.154,21.269084,,5815.0,1.131,1.0861,Transit,2024.0,Transiting Exoplanet Survey Satellite (TESS),72.8871,Super-Earth
TOI-1743 b,TOI-1743,1.83,0.16326195,4.01,0.0126,,485.0,10.8837,0.03589,4.266046,M4 V,3277.0,0.338,0.339,Transit,2025.0,Transiting Exoplanet Survey Satellite (TESS),41.2758,Super-Earth
TOI-1744.01,TOI-1744,2.68,0.239094,7.65,0.0241,,598.0,63.31,0.164086,22.341702927,,6179.0,1.14,1.18,Transit,2024.0,Transiting Exoplanet Survey Satellite (TESS),114.39,Neptunian
TOI-1749 b,TOI-1749,1.39,0.12400771,57.0,0.17934206,0.14,831.0,83.8379,0.0291,2.38839,M0 V,3985.0,0.55,0.58,Transit,2021.0,Transiting Exoplanet Survey Satellite (TESS),99.5561,Terrestrial
TOI-1749 c,TOI-1749,2.12,0.18913406,14.0,0.04404893,0.019,673.0,36.1539,0.0443,4.4929,M0 V,3985.0,0.55,0.58,Transit,2021.0,Transiting Exoplanet Survey Satellite (TESS),99.5561,Super-Earth
TOI-1749 d,TOI-1749,2.52,0.22481973,15.0,0.04719528,0.062,533.0,14.2074,0.0707,9.0497,M0 V,3985.0,0.55,0.58,Transit,2021.0,Transiting Exoplanet Survey Satellite (TESS),99.5561,Neptunian
TOI-1751 b,TOI-1751,2.9507845,0.26325181,19.5,0.06135386,0.327,651.64,192.521,0.215,37.46852,,5970.0,1.3137,0.9382,Transit,2024.0,Transiting Exoplanet Survey Satellite (TESS),113.335,Neptunian
TOI-1753 b,TOI-1753,2.47852533,0.2211196,16.6,0.05222944,0.0,1005.43,237.996,0.059,5.3846104,,5621.0,0.9715,0.9483,Transit,2024.0,Transiting Exoplanet Survey Satellite (TESS),226.671,Super-Earth
TOI-1758 b,TOI-1758,3.62,0.32295532,6.9,0.02170983,0.0,551.44,21.05,0.141409,20.705074685,,5169.0,0.81,0.88,Transit,2024.0,Transiting Exoplanet Survey Satellite (TESS),96.6215,Neptunian
TOI-1759 b,TOI-1759,3.14,0.28013252,10.8,0.0339806,0.0,443.0,6.39,0.1177,18.85019,M0.0 V,4065.0,0.597,0.606,Transit,2022.0,Transiting Exoplanet Survey Satellite (TESS),40.0654,Neptunian
TOI-1768.01,TOI-1768,3.453,0.30805656,11.8,0.037,,1566.0,240.87,0.076381,7.337703649,,5994.0,1.1,1.1,Transit,2024.0,Transiting Exoplanet Survey Satellite (TESS),157.597,Neptunian
TOI-1772.01,TOI-1772,2.905,0.25916719,8.78,0.0276,,877.67,140.93,0.078375,8.054246874,,5583.0,0.995,0.99,Transit,2024.0,Transiting Exoplanet Survey Satellite (TESS),97.7562,Neptunian
TOI-1775 b,TOI-1775,8.04728896,0.71793227,96.0,0.30204978,0.0,707.89,55.4426,0.08,10.2405549,,5284.0,0.8288,0.9218,Transit,2024.0,Transiting Exoplanet Survey Satellite (TESS),149.234,Gas Giant
TOI-1776 b,TOI-1776,1.21612741,0.10849581,1.4,0.00440489,0.0,1269.21,560.3349,0.0378,2.799868,,5785.0,0.9356,0.9196,Transit,2024.0,Transiting Exoplanet Survey Satellite (TESS),44.647,Terrestrial
TOI-1777.01,TOI-1777,2.246,0.20037504,5.67,0.0178,,580.0,71.34,0.119466,14.650111974,,5859.0,0.98,1.06,Transit,2024.0,Transiting Exoplanet Survey Satellite (TESS),79.7665,Super-Earth
TOI-178 b,TOI-178,1.2,0.10705701,0.96,0.0030205,,1040.0,,0.02607,1.9145601,K,4316.0,0.662,0.647,Transit,2021.0,Transiting Exoplanet Survey Satellite (TESS),62.699,Terrestrial
TOI-178 c,TOI-178,1.754,0.15648167,4.64,0.01459907,0.00032,873.0,97.6159,0.037,3.238486,K,4316.0,0.662,0.647,Transit,2021.0,Transiting Exoplanet Survey Satellite (TESS),62.699,Super-Earth
TOI-178 d,TOI-178,2.695,0.24043221,5.2,0.01636103,0.0068,690.0,24.9125,0.0592,6.557569,K,4316.0,0.662,0.647,Transit,2021.0,Transiting Exoplanet Survey Satellite (TESS),62.699,Neptunian
TOI-178 e,TOI-178,2.301,0.20528182,3.48,0.0109493,0.00038,600.0,21.8202,0.0783,9.96318,K,4316.0,0.662,0.647,Transit,2021.0,Transiting Exoplanet Survey Satellite (TESS),62.699,Super-Earth
TOI-178 f,TOI-178,2.417,0.21563067,5.63,0.01771396,0.00045,521.0,0.6071,0.1039,15.23335,K,4316.0,0.662,0.647,Transit,2021.0,Multiple Observatories,62.699,Super-Earth
TOI-178 g,TOI-178,2.939,0.26220047,4.4,0.01384395,0.00043,470.0,19.4978,0.1275,20.71663,K,4316.0,0.662,0.647,Transit,2021.0,Transiting Exoplanet Survey Satellite (TESS),62.699,Neptunian
TOI-1782.01,TOI-1782,2.368,0.21125917,6.2,0.0195,,697.84,56.25,0.05024,4.987641028,,4336.0,0.669,0.68,Transit,2024.0,Transiting Exoplanet Survey Satellite (TESS),95.2649,Super-Earth
TOI-1782.02,TOI-1782,1.839,0.16406487,4.04,0.0127,,974.95,214.17,0.025739,1.829024227,,4336.0,0.669,0.68,Transit,2024.0,Transiting Exoplanet Survey Satellite (TESS),95.2649,Super-Earth
TOI-1789 b,TOI-1789,16.14093221,1.44,222.4798849,0.7,,1927.0,2300.0,0.04882,3.208664,F,5991.0,2.168,1.507,Transit,2021.0,Transiting Exoplanet Survey Satellite (TESS),229.067,Gas Giant
TOI-1794 b,TOI-1794,3.29701268,0.29414028,8.7,0.02737326,0.0,992.91,228.913,0.082,8.765528,,5631.0,1.3162,0.9698,Transit,2024.0,Transiting Exoplanet Survey Satellite (TESS),155.791,Neptunian
TOI-1798.01,TOI-1798,2.448,0.21839631,6.5,0.02045129,0.0,734.31,69.26,0.074984,8.021522331,,5165.0,0.78,0.87,Transit,2024.0,Transiting Exoplanet Survey Satellite (TESS),113.181,Super-Earth
TOI-1798.02,TOI-1798,1.464,0.13060956,5.6,0.01761957,0.0,1935.83,3345.44,0.010789,0.437811822,,5165.0,0.78,0.87,Transit,2024.0,Transiting Exoplanet Survey Satellite (TESS),113.181,Terrestrial
TOI-1799 b,TOI-1799,1.642,0.14648968,4.0,0.01258541,0.0,922.72,164.26,0.072502,7.094570865,,5690.0,0.957,1.01,Transit,2024.0,Transiting Exoplanet Survey Satellite (TESS),62.1274,Super-Earth
TOI-1801 b,TOI-1801,2.079,0.186,5.738,0.01805377,0.0,493.7,10.7276,0.075,10.64387,M0.5+/-0.5 V,3863.0,0.547,0.556,Transit,2023.0,Transiting Exoplanet Survey Satellite (TESS),30.6796,Super-Earth
TOI-1803 b,TOI-1803,2.99,0.26675039,10.32,0.03247035,0.0,747.0,58.0,0.06,6.293287,,4687.0,0.715,0.756,Transit,2025.0,Transiting Exoplanet Survey Satellite (TESS),119.24,Neptunian
TOI-1803 c,TOI-1803,4.29,0.38272882,8.0,0.02517081,0.0,588.0,22.0,0.097,12.885779,,4687.0,0.715,0.756,Transit,2025.0,Transiting Exoplanet Survey Satellite (TESS),119.24,Neptunian
TOI-1806.01,TOI-1806,3.4095367,0.30384891,11.5,0.0362,,337.47,2.1473,0.087735044,15.1454693,,3272.0,0.401575,0.392935,Transit,2024.0,Transiting Exoplanet Survey Satellite (TESS),55.5211,Neptunian
TOI-1807 b,TOI-1807,1.49681583,0.13353719,2.44,0.0076771,0.0,1694.1,1407.22,0.0122,0.54937097,,4914.0,0.746,0.8048,Transit,2021.0,Transiting Exoplanet Survey Satellite (TESS),42.5775,Terrestrial
TOI-181 b,TOI-181,6.9559,0.6339,46.1687,0.1452,0.1543,895.1,102.43,0.0539,4.532,K,4994.0,0.745,0.822,Transit,2023.0,Transiting Exoplanet Survey Satellite (TESS),96.2338,Gas Giant
TOI-1811 b,TOI-1811,11.14172682,0.994,308.9292116,0.972,0.052,962.2,55.9743,0.04389,3.7130765,,4766.0,0.769,0.817,Transit,2023.0,Transiting Exoplanet Survey Satellite (TESS),128.23,Gas Giant
TOI-1820 b,TOI-1820,12.778238,1.14,731.0053361,2.3,0.043,1375.0,292.245,0.061,4.860674,,5734.0,1.51,1.04,Transit,2022.0,Transiting Exoplanet Survey Satellite (TESS),248.504,Gas Giant
TOI-1823 b,TOI-1823,7.5406241,0.67273058,67.4,0.21206412,0.0,423.63,9.2972,0.212,38.8,,4927.0,0.8049,0.8414,Transit,2024.0,Transiting Exoplanet Survey Satellite (TESS),71.6456,Gas Giant
TOI-1824 b,TOI-1824,2.7438269,0.24478826,16.0,0.05034163,0.0,528.67,14.6287,0.151,22.808533,,5165.0,0.8123,0.8801,Transit,2024.0,Transiting Exoplanet Survey Satellite (TESS),59.4314,Neptunian
TOI-1836 b,TOI-1836,8.00321222,0.714,38.45723725,0.121,0.0,966.0,153.5185,0.1597,20.380799,,6380.0,1.577,1.307,Transit,2024.0,Transiting Exoplanet Survey Satellite (TESS),191.649,Gas Giant
TOI-1836 c,TOI-1836,2.59987579,0.23194578,8.0,0.02517081,0.0,2007.6,2981.98,0.03089,1.7727471,,6237.0,1.6454,1.2518,Transit,2024.0,Transiting Exoplanet Survey Satellite (TESS),191.649,Neptunian
TOI-1842 b,TOI-1842,12.3485023,1.10166148,89.4,0.28128386,0.276,1199.55,354.639,0.1,9.5739181,,6039.0,2.032,1.4643,Transit,2021.0,Transiting Exoplanet Survey Satellite (TESS),223.465,Gas Giant
TOI-1846 b,TOI-1846,1.792,0.15987181,3.87,0.0122,,568.1,17.35,0.03646,3.9306737,,3568.0,0.397,0.418,Transit,2025.0,Transiting Exoplanet Survey Satellite (TESS),47.2496,Super-Earth
TOI-1853 b,TOI-1853,3.46,0.30868106,73.2,0.23031296,0.03,1479.0,435.33,0.0213,1.2436258,K2.5 V,4985.0,0.808,0.837,Transit,2023.0,Transiting Exoplanet Survey Satellite (TESS),165.105,Neptunian
TOI-1855 b,TOI-1855,18.49481816,1.65,360.09958513,1.133,0.033,1701.0,852.162,0.02398,1.36414864,,5359.0,1.041,0.987,Transit,2024.0,Transiting Exoplanet Survey Satellite (TESS),176.833,Gas Giant
TOI-1859 b,TOI-1859,9.75181321,0.87,68.6,0.216,0.57,615.0,23.786,0.337,63.48347,,6341.0,1.36,1.287,Transit,2023.0,Transiting Exoplanet Survey Satellite (TESS),224.385,Gas Giant
TOI-1860 b,TOI-1860,1.31,0.11687057,2.27,0.00714,,1885.0,876.703,0.0204,1.0662107,G V,5752.0,0.94,0.99,Transit,2022.0,Transiting Exoplanet Survey Satellite (TESS),45.864,Terrestrial
TOI-1883 b,TOI-1883,5.65,0.50406011,27.2,0.0854,,524.92,17.9436,0.0468,4.50638,M,3477.0,0.494,0.492,Transit,2024.0,Transiting Exoplanet Survey Satellite (TESS),115.369,Neptunian
TOI-1898 b,TOI-1898,9.39553231,0.83821469,129.0,0.40587939,0.485,674.54,51.0074,0.269,45.52234,,6241.0,1.6131,1.2484,Transit,2024.0,Transiting Exoplanet Survey Satellite (TESS),79.6682,Gas Giant
TOI-1899 b,TOI-1899,11.09689089,0.99,212.94503269,0.67,0.044,378.0,3.4,0.1525,29.090312,M0,3926.0,0.607,0.632,Transit,2020.0,Transiting Exoplanet Survey Satellite (TESS),128.438,Gas Giant
TOI-1937 A b,TOI-1937 A,13.97759893,1.247,638.83509807,2.01,0.0,2097.0,3230.0,0.01932,0.94667944,,5814.0,1.08,1.072,Transit,2023.0,Transiting Exoplanet Survey Satellite (TESS),415.135,Gas Giant
TOI-198 b,TOI-198,1.44,0.12846842,2.67,0.00839,,368.0,7.4193,0.1,10.2152,M0 V,3650.0,0.441,0.467,Transit,2023.0,Transiting Exoplanet Survey Satellite (TESS),23.7262,Terrestrial
TOI-199 b,TOI-199,9.07927437,0.81,54.03082919,0.17,0.09,358.0,2.7528,0.4254,104.854,G9 V,5255.0,0.82,0.936,Transit,2023.0,Transiting Exoplanet Survey Satellite (TESS),102.27,Gas Giant
TOI-199 c,TOI-199,11.4,1.01,88.99195396,0.28,0.096,,,0.807,273.69,G9 V,5255.0,0.82,0.936,Transit Timing Variations,2023.0,Multiple Observatories,102.27,Gas Giant
TOI-1994 b,TOI-1994,13.67495645,1.22,7024.0077947,22.1,0.341,2290.0,1910.26,0.0613,4.0337142,,7700.0,2.3,1.86,Transit,2024.0,Transiting Exoplanet Survey Satellite (TESS),515.603,Gas Giant
TOI-2000 b,TOI-2000,2.7,0.241,11.0,0.0347,0.0,1488.0,628.0,0.04271,3.09833,,5611.0,1.134,1.082,Transit,2023.0,Transiting Exoplanet Survey Satellite (TESS),175.713,Neptunian
TOI-2000 c,TOI-2000,8.14,0.727,81.7,0.257,0.063,1038.0,149.0,0.0878,9.127055,,5611.0,1.134,1.082,Transit,2023.0,Transiting Exoplanet Survey Satellite (TESS),175.713,Gas Giant
TOI-2005 b,TOI-2005,11.99360935,1.07,2034.1018048,6.4,0.597,1221.39,525.9409,0.16,17.305904,,7130.0,2.02,1.59,Transit,2025.0,Transiting Exoplanet Survey Satellite (TESS),328.475,Gas Giant
TOI-201 b,TOI-201,11.82547464,1.055,184.34047606,0.58,0.318,759.0,30.2653,0.3026,52.977946,F6 V,6394.0,1.339,1.316,Transit,2021.0,Transiting Exoplanet Survey Satellite (TESS),113.825,Gas Giant
TOI-201 c,TOI-201,11.13051784,0.993,4513.1633794,14.2,0.643,,,4.28,2800.0,F6 V,6394.0,1.339,1.316,Transit Timing Variations,2025.0,Transiting Exoplanet Survey Satellite (TESS),113.825,Gas Giant
TOI-2010 b,TOI-2010,11.81426566,1.054,408.7273314,1.286,0.212,400.2,4.09,0.5516,141.834025,F0,5929.0,1.079,1.112,Transit,2023.0,Transiting Exoplanet Survey Satellite (TESS),109.19,Gas Giant
TOI-2015 b,TOI-2015,3.309,0.29520972,9.2,0.02894644,0.0789,530.9,13.185,0.029322,3.348237,M4 +/- 0.5,3297.0,0.3273,0.3041,Transit,2023.0,Transiting Exoplanet Survey Satellite (TESS),47.3444,Neptunian
TOI-2015 c,TOI-2015,2.93,0.261,8.91,0.028034,0.00033,448.0,6.68,0.041232,5.582796,M4 +/- 0.5,3297.0,0.3273,0.3041,Transit Timing Variations,2025.0,Multiple Observatories,47.3444,Neptunian
TOI-2019 b,TOI-2019,5.33275337,0.47575721,34.4,0.1082345,0.0,917.46,126.052,0.128,15.3444,,5626.0,1.7457,1.1832,Transit,2024.0,Transiting Exoplanet Survey Satellite (TESS),198.007,Neptunian
TOI-2025 b,TOI-2025,11.89272852,1.061,1144.1822652,3.6,0.394,1166.0,343.7178,0.0892,8.8720982,,5977.0,1.459,1.199,Transit,2022.0,Transiting Exoplanet Survey Satellite (TESS),335.985,Gas Giant
TOI-2031 A b,TOI-2031 A,14.20177855,1.267,254.2627256,0.8,0.076,1358.0,567.0,0.066,5.71548654,,6490.0,1.241,1.174,Transit,2025.0,Transiting Exoplanet Survey Satellite (TESS),276.105,Gas Giant
TOI-206 b,TOI-206,1.3,0.11597843,2.24,0.00705,,910.0,117.7582,0.0112,0.7363104,,3383.0,0.35,0.35,Transit,2022.0,Transiting Exoplanet Survey Satellite (TESS),47.7465,Terrestrial
TOI-2068 b,TOI-2068,1.821,0.16245902,3.97,0.0125,,520.62,12.23,0.0632,7.768915,,3710.0,0.535,0.559,Transit,2024.0,Transiting Exoplanet Survey Satellite (TESS),52.9328,Super-Earth
TOI-2076 b,TOI-2076,2.39,0.21322189,16.1,0.05065626,0.0,738.0,49.4,0.0682,10.355235,K,5201.0,0.774,0.883,Transit,2021.0,Transiting Exoplanet Survey Satellite (TESS),41.9091,Super-Earth
TOI-2076 c,TOI-2076,3.69441587,0.32959428,55.0,0.17304935,0.0,543.16,32.7,0.142,21.015327,K,5192.0,0.796,0.8557,Transit,2021.0,Transiting Exoplanet Survey Satellite (TESS),41.9091,Neptunian
TOI-2076 d,TOI-2076,3.43087751,0.30608292,29.0,0.0912442,0.0,457.68,16.5,0.199,35.125686,K,5192.0,0.796,0.8557,Transit,2021.0,Transiting Exoplanet Survey Satellite (TESS),41.9091,Neptunian
TOI-2076 e,TOI-2076,1.355,0.1209,2.4,0.00757,,1138.0,,0.0385,3.0223445,K,5192.0,0.796,0.8557,Transit,2025.0,Transiting Exoplanet Survey Satellite (TESS),41.9091,Terrestrial
TOI-2081 b,TOI-2081,2.04,0.18199692,4.82,0.0152,,488.0,8.1,0.0752,10.50534,M1.0,3800.0,0.534,0.54,Transit,2022.0,Transiting Exoplanet Survey Satellite (TESS),62.3446,Super-Earth
TOI-2084 b,TOI-2084,2.47,0.22035902,6.66,0.021,,527.0,12.8,0.05006,6.0784247,M2+/-0.5,3551.0,0.475,0.453,Transit,2023.0,Transiting Exoplanet Survey Satellite (TESS),114.549,Super-Earth
TOI-2088 b,TOI-2088,3.6831179,0.32858634,37.0,0.11641502,0.0,300.33,1.7338,0.472,124.72997,,5081.0,0.8481,0.9027,Transit,2024.0,Transiting Exoplanet Survey Satellite (TESS),126.46,Neptunian
TOI-2093 b,TOI-2093,3.25,0.29,10.6,0.03335133,0.0,535.0,,0.097,12.836,K5 V,4426.0,0.729,0.745,Radial Velocity,2025.0,Calar Alto Observatory,82.7982,Neptunian
TOI-2093 c,TOI-2093,2.3,0.20519261,15.8,0.04971236,0.0,329.0,3.0647,0.257,53.81149,K5 V,4426.0,0.729,0.745,Transit,2025.0,Transiting Exoplanet Survey Satellite (TESS),82.7982,Super-Earth
TOI-2094 b,TOI-2094,1.9,0.16950694,4.27,0.0134,,276.0,0.98,0.136,18.793193,M3 V,3435.0,0.384,0.425,Transit,2026.0,Transiting Exoplanet Survey Satellite (TESS),50.0248,Super-Earth
TOI-2095 b,TOI-2095,1.25,0.11151772,4.1,0.01290004,0.0,347.0,3.43,0.101,17.66484,M2.5 V,3759.0,0.44,0.44,Transit,2023.0,Transiting Exoplanet Survey Satellite (TESS),41.9176,Terrestrial
TOI-2095 c,TOI-2095,1.33,0.11865486,7.4,0.023283,0.0,297.0,1.84,0.137,28.17232,M2.5 V,3759.0,0.44,0.44,Transit,2023.0,Transiting Exoplanet Survey Satellite (TESS),41.9176,Terrestrial
TOI-2096 b,TOI-2096,1.243,0.11089322,2.08,0.00653,0.15,445.0,9.4,0.025,3.1190633,M4,3300.0,0.235,0.231,Transit,2023.0,Transiting Exoplanet Survey Satellite (TESS),48.4809,Terrestrial
TOI-2096 c,TOI-2096,1.914,0.17075594,4.32,0.0136,0.1,349.0,3.7,0.04,6.38784,M4,3300.0,0.235,0.231,Transit,2023.0,Transiting Exoplanet Survey Satellite (TESS),48.4809,Super-Earth
TOI-2107 b,TOI-2107,13.57407563,1.211,263.79757781,0.83,0.033,1397.0,508.468,0.03515,2.4545467,,5627.0,0.932,0.961,Transit,2024.0,Transiting Exoplanet Survey Satellite (TESS),236.705,Gas Giant
TOI-2109 b,TOI-2109,15.098497,1.347,1595.49860314,5.02,,3646.0,14429.0,0.01791,0.67247414,F,6540.0,1.698,1.453,Transit,2021.0,Transiting Exoplanet Survey Satellite (TESS),262.041,Gas Giant
TOI-2120 b,TOI-2120,2.122,0.18931249,6.8,0.02139519,0.32,384.0,3.61,0.0377,5.7998164,,3131.0,0.245,0.211,Transit,2024.0,Transiting Exoplanet Survey Satellite (TESS),32.1755,Super-Earth
TOI-2128 b,TOI-2128,2.08874836,0.18634597,4.5,0.01415858,0.0,780.53,86.2315,0.127,16.34136,,5968.0,1.1174,1.0251,Transit,2024.0,Transiting Exoplanet Survey Satellite (TESS),36.578,Super-Earth
TOI-2133 b,TOI-2133,2.37,0.2114376,6.21,0.0195,,798.0,81.1072,0.041,3.8266472,,4250.0,0.62,0.644,Transit,2026.0,Transiting Exoplanet Survey Satellite (TESS),75.1973,Super-Earth
TOI-2134 b,TOI-2134,2.69,0.23998614,9.13,0.02872619,0.06,666.0,32.0,0.078,9.2292005,K5 V,4580.0,0.709,0.744,Transit,2023.0,Transiting Exoplanet Survey Satellite (TESS),22.6202,Neptunian
TOI-2134 c,TOI-2134,7.27,0.64858707,41.89,0.13180068,0.67,306.0,1.4,0.371,95.5,K5 V,4580.0,0.709,0.744,Transit,2023.0,Transiting Exoplanet Survey Satellite (TESS),22.6202,Gas Giant
TOI-2136 b,TOI-2136,2.19,0.19537905,6.37,0.02004226,0.0,395.0,4.0,0.057,7.851928,M4.5 V,3342.0,0.34,0.34,Transit,2022.0,Transiting Exoplanet Survey Satellite (TESS),33.3631,Super-Earth
TOI-2141 b,TOI-2141,3.147,0.28075702,20.1,0.06324167,0.21,728.0,47.3,0.1322,18.261608,,5635.0,0.95,0.896,Transit,2023.0,Transiting Exoplanet Survey Satellite (TESS),77.682,Neptunian
TOI-2141 c,TOI-2141,2.35,0.21,6.14,0.0193186,,1095.0,241.0,0.0585,5.4624,,5635.0,0.95,0.896,Radial Velocity,2025.0,Roque de los Muchachos Observatory,77.682,Super-Earth
TOI-2141 d,TOI-2141,3.97,0.354,14.9,0.04688064,,491.4,9.8,0.2906,60.45,,5635.0,0.95,0.896,Radial Velocity,2025.0,Roque de los Muchachos Observatory,77.682,Neptunian
TOI-2145 b,TOI-2145,12.24020692,1.092,1805.26535176,5.68,0.214,1484.0,515.939,0.1117,10.261128,,6206.0,2.75,1.71,Transit,2023.0,Transiting Exoplanet Survey Satellite (TESS),224.731,Gas Giant
TOI-2152 A b,TOI-2152,14.35870428,1.281,899.45439181,2.83,0.057,1802.0,2195.7879,0.05064,3.3773512,F4 V,6630.0,1.612,1.516,Transit,2023.0,Transiting Exoplanet Survey Satellite (TESS),303.006,Gas Giant
TOI-2154 b,TOI-2154,16.28664896,1.453,292.40213444,0.92,0.117,1580.0,1005.8946,0.0513,3.8240801,,6280.0,1.396,1.233,Transit,2023.0,Transiting Exoplanet Survey Satellite (TESS),296.46,Gas Giant
TOI-2158 b,TOI-2158,10.76062147,0.96,260.61929374,0.82,0.07,1188.0,81.4989,0.075,8.60077,,5673.0,1.41,1.12,Transit,2022.0,Transiting Exoplanet Survey Satellite (TESS),198.473,Gas Giant
TOI-216.01,TOI-216,10.1,0.9010632,177.98390792,0.56,0.0046,497.0,10.1,0.2069,34.525528,,5026.0,0.748,0.77,Transit,2019.0,Transiting Exoplanet Survey Satellite (TESS),177.945,Gas Giant
TOI-216.02,TOI-216,8.0,0.71371342,18.75187601,0.059,0.16,628.0,25.9,0.1293,17.16073,,5026.0,0.748,0.77,Transit,2019.0,Transiting Exoplanet Survey Satellite (TESS),177.945,Gas Giant
TOI-2169 A b,TOI-2169 A,12.50922246,1.116,329.58805806,1.037,0.045,1364.0,577.0,0.0896,8.2148282,,6270.0,1.82,1.42,Transit,2025.0,Transiting Exoplanet Survey Satellite (TESS),351.487,Gas Giant
TOI-2180 b,TOI-2180,11.32107051,1.01,875.61726129,2.755,0.3683,348.0,2.71,0.828,260.79,G5,5695.0,1.636,1.111,Transit,2022.0,Transiting Exoplanet Survey Satellite (TESS),116.685,Gas Giant
TOI-2193 A b,TOI-2193 A,19.83989584,1.77,298.75870258,0.94,0.0,1763.0,1600.0,0.03319,2.1225735,,5966.0,1.248,1.082,Transit,2022.0,Transiting Exoplanet Survey Satellite (TESS),337.064,Gas Giant
TOI-2196 b,TOI-2196,3.51,0.31314176,26.0,0.08180515,0.0,1860.0,2000.0,0.02234,1.1947268,G V,5634.0,1.043,1.032,Transit,2022.0,Transiting Exoplanet Survey Satellite (TESS),259.947,Neptunian
TOI-220 b,TOI-220,3.03,0.27031896,13.8,0.04341966,0.032,805.0,137.7252,0.08911,10.695264,K0 V,5298.0,0.858,0.825,Transit,2021.0,Transiting Exoplanet Survey Satellite (TESS),90.7402,Neptunian
TOI-2202 b,TOI-2202,10.95117414,0.977,287.31687993,0.904,0.022,652.07,42.7254,0.09564,11.9126075,K8 V,5169.0,0.808,0.841,Transit,2021.0,Transiting Exoplanet Survey Satellite (TESS),235.933,Gas Giant
TOI-2202 c,TOI-2202,13.4,1.19,117.27868218,0.369,0.0622,,,0.15544,24.6744,K8 V,5144.0,0.794,0.823,Transit Timing Variations,2021.0,Multiple Observatories,235.933,Gas Giant
TOI-2207 b,TOI-2207,11.1529358,0.995,203.41018048,0.64,0.174,1259.0,406.0,0.0854,8.001968,,6101.0,1.564,1.296,Transit,2022.0,Transiting Exoplanet Survey Satellite (TESS),373.345,Gas Giant
TOI-2211.01,TOI-2211,1.561,0.13926333,3.06,0.00962,,1056.92,296.13,0.04011,3.092686757,,5253.0,0.834,0.9,Transit,2024.0,Transiting Exoplanet Survey Satellite (TESS),70.2932,Super-Earth
TOI-2236 b,TOI-2236,14.36991326,1.282,502.16888306,1.58,0.0,1688.0,1356.0,0.05009,3.5315902,,6248.0,1.573,1.343,Transit,2022.0,Transiting Exoplanet Survey Satellite (TESS),355.59,Gas Giant
TOI-2257 b,TOI-2257,2.194,0.19573591,5.45,0.0171,0.496,256.0,0.6703,0.145,35.189346,M3,3430.0,0.313,0.328,Transit,2021.0,Transiting Exoplanet Survey Satellite (TESS),57.7911,Super-Earth
TOI-2260 b,TOI-2260,1.62,0.14452697,3.26,0.0102,,2609.0,1844.98,0.0097,0.3524728,G V,5534.0,0.94,0.99,Transit,2022.0,Transiting Exoplanet Survey Satellite (TESS),101.251,Super-Earth
TOI-2266 b,TOI-2266,1.54,0.13738983,2.99,0.0094,,550.0,13.0,0.02,2.326318,M5.0+0.5-0.5,3200.0,0.24,0.23,Transit,2024.0,Transiting Exoplanet Survey Satellite (TESS),51.6004,Super-Earth
TOI-2267 b,TOI-2267 A,1.0,0.08921418,0.972,0.00306,,424.0,8.4,0.0205,2.28909,M5 V,3030.0,0.2075,0.171,Transit,2025.0,Transiting Exoplanet Survey Satellite (TESS),22.55,Terrestrial
TOI-2267 c,TOI-2267 A,1.14,0.10170416,1.55,0.00489,,374.0,4.7,0.0263,3.4950412,M5 V,3030.0,0.2075,0.171,Transit,2025.0,Transiting Exoplanet Survey Satellite (TESS),22.55,Terrestrial
TOI-2267 d,TOI-2267 B,1.77,0.1579091,3.78,0.0119,,422.0,5.3,0.0145,2.0344671,M6 V,3022.0,0.13,0.0989,Transit,2025.0,Transiting Exoplanet Survey Satellite (TESS),22.55,Super-Earth
TOI-2274 b,TOI-2274,2.45,0.21857474,6.57,0.0207,,771.46,83.7078,0.05,2.67963,M,3943.0,0.631,0.612,Transit,2024.0,Transiting Exoplanet Survey Satellite (TESS),48.876,Super-Earth
TOI-2285 b,TOI-2285,1.77,0.1579091,19.5,0.06135386,0.3,358.0,3.91,0.1363,13.635109,,3491.0,0.464,0.454,Transit,2021.0,Transiting Exoplanet Survey Satellite (TESS),42.409,Super-Earth
TOI-2295 b,TOI-2295,16.47720163,1.47,278.09985612,0.875,0.334,747.0,42.0912,0.1992,30.033302,,5730.0,1.459,1.168,Transit,2024.0,Transiting Exoplanet Survey Satellite (TESS),126.279,Gas Giant
TOI-2295 c,TOI-2295,12.8,1.14,1783.01736327,5.61,0.194,234.9,,2.018,966.5,,5730.0,1.459,1.168,Radial Velocity,2024.0,Haute-Provence Observatory,126.279,Gas Giant
TOI-2322 b,TOI-2322,0.994,0.08867889,2.31,0.00726807,0.0,603.1,22.04,0.0924,11.30717,K4,4664.0,0.662,0.703,Transit,2025.0,Transiting Exoplanet Survey Satellite (TESS),59.861,Terrestrial
TOI-2322 c,TOI-2322,1.874,0.16718737,18.1,0.05694897,0.0,496.8,10.15,0.1362,20.225528,K4,4664.0,0.662,0.703,Transit,2025.0,Transiting Exoplanet Survey Satellite (TESS),59.861,Super-Earth
TOI-2328 b,TOI-2328,9.97599282,0.89,50.85254512,0.16,0.057,842.0,20.0982,0.127,17.10197,,5525.0,0.9,0.95,Transit,2025.0,Transiting Exoplanet Survey Satellite (TESS),231.782,Gas Giant
TOI-2338 b,TOI-2338,11.2089807,1.0,1900.61387386,5.98,0.676,799.0,13.8485,0.158,22.65398,,5581.0,1.05,0.99,Transit,2023.0,Transiting Exoplanet Survey Satellite (TESS),313.996,Gas Giant
TOI-2345 b,TOI-2345,1.504,0.13417812,3.49,0.01098077,,1478.0,791.0,0.01705,1.0528573,K,4687.0,0.729,0.727,Transit,2025.0,Transiting Exoplanet Survey Satellite (TESS),81.6541,Super-Earth
TOI-2345 c,TOI-2345,2.451,0.21866395,7.27,0.02287398,,544.0,14.57,0.1257,21.064302,K,4687.0,0.729,0.727,Transit,2025.0,Transiting Exoplanet Survey Satellite (TESS),81.6541,Super-Earth
TOI-2346 b,TOI-2346,16.11851425,1.438,394.10722468,1.24,0.086,1689.0,1360.0,0.0473,3.3312029,,6480.0,1.38,1.271,Transit,2025.0,Transiting Exoplanet Survey Satellite (TESS),437.484,Gas Giant
TOI-2364 b,TOI-2364,8.60849718,0.768,71.51139158,0.225,0.0,1091.0,237.0,0.04871,4.0197517,,5306.0,0.886,0.954,Transit,2023.0,Transiting Exoplanet Survey Satellite (TESS),219.614,Gas Giant
TOI-2368 b,TOI-2368,10.83908434,0.967,206.58846455,0.65,0.061,1000.0,162.7267,0.05649,5.1750073,,5360.0,0.846,0.897,Transit,2024.0,Transiting Exoplanet Survey Satellite (TESS),210.915,Gas Giant
TOI-237 b,TOI-237,1.44,0.1284682,2.67,0.00839,0.0,388.0,3.7,0.0341,5.436098,M4.5 V,3212.0,0.211,0.179,Transit,2020.0,Transiting Exoplanet Survey Satellite (TESS),38.0749,Terrestrial
TOI-2373 b,TOI-2373,10.42435205,0.93,2955.8041851,9.3,0.112,860.0,69.8726,0.112,13.33668,,5651.0,1.102,1.041,Transit,2023.0,Transiting Exoplanet Survey Satellite (TESS),508.686,Gas Giant
TOI-2374 b,TOI-2374,6.81,0.60754855,56.64,0.17820937,0.13,885.0,132.5691,0.0471,4.31361,,4802.0,0.69,0.75,Transit,2024.0,Transiting Exoplanet Survey Satellite (TESS),134.655,Gas Giant
TOI-2379 b,TOI-2379,11.72459381,1.046,1830.69162432,5.76,0.342,624.0,25.3,0.05263,5.4693827,,3707.0,0.622,0.645,Transit,2024.0,Transiting Exoplanet Survey Satellite (TESS),211.247,Gas Giant
TOI-238 b,TOI-238,1.559,0.1390849,3.37,0.01060321,0.18,1378.0,753.1,0.0212,1.273099,K2 V,5059.0,0.756,0.781,Transit,2024.0,Transiting Exoplanet Survey Satellite (TESS),80.5407,Super-Earth
TOI-238 c,TOI-238,2.18,0.19448691,6.7,0.02108056,0.36,696.0,58.3,0.0749,8.465651,K2V,5059.0,0.733,0.79,Radial Velocity,2024.0,Multiple Observatories,80.5407,Super-Earth
TOI-2382 b,TOI-2382,12.25141591,1.093,235.19302118,0.74,0.18,1426.0,689.0,0.059,4.6612061,,6033.0,1.417,1.26,Transit,2025.0,Transiting Exoplanet Survey Satellite (TESS),434.92,Gas Giant
TOI-2384 b,TOI-2384,11.48920522,1.025,624.85064816,1.966,0.0,889.7,104.3,0.02793,2.13570304,,3943.0,0.6113,0.635,Transit,2024.0,Transiting Exoplanet Survey Satellite (TESS),191.51,Gas Giant
TOI-2406 b,TOI-2406,2.86,0.25515255,15.6,0.04908309,0.17,449.0,6.69,0.02267,3.0766891,M4 V,3100.0,0.204,0.166,Transit,2021.0,Transiting Exoplanet Survey Satellite (TESS),55.419,Neptunian
TOI-2407 b,TOI-2407,4.26,0.3800524,16.8,0.0529,0.08,705.0,41.0,0.033,2.702969,,3530.0,0.567,0.548,Transit,2025.0,Transiting Exoplanet Survey Satellite (TESS),92.4366,Neptunian
TOI-2411 b,TOI-2411,1.68,0.14987982,3.46,0.0109,,1355.0,1051.1379,0.0144,0.7826942,,4099.0,0.68,0.65,Transit,2022.0,Transiting Exoplanet Survey Satellite (TESS),59.5362,Super-Earth
TOI-2416 b,TOI-2416,9.86390302,0.88,953.485221,3.0,0.32,1080.0,130.93,0.0831,8.275479,,5808.0,1.236,1.118,Transit,2023.0,Transiting Exoplanet Survey Satellite (TESS),557.733,Gas Giant
TOI-2420 b,TOI-2420,15.02003414,1.34,294.62693329,0.927,0.055,1571.6,1017.0,0.0684,5.842641,,5707.0,2.369,1.158,Transit,2024.0,Transiting Exoplanet Survey Satellite (TESS),435.174,Gas Giant
TOI-2421 b,TOI-2421,10.36830715,0.925,105.83685953,0.333,0.0,1534.0,923.6,0.0543,4.3474032,,5607.0,1.75,1.131,Transit,2022.0,Transiting Exoplanet Survey Satellite (TESS),327.927,Gas Giant
TOI-2427 b,TOI-2427,1.8,0.16058552,3.89,0.0123,,1117.0,62.7136,0.0202,1.3060011,,4072.0,0.65,0.64,Transit,2022.0,Transiting Exoplanet Survey Satellite (TESS),28.5147,Super-Earth
TOI-244 b,TOI-244,1.52,0.13560555,2.68,0.00843222,,458.0,7.3,0.0559,7.397225,M2.5 V,3433.0,0.426,0.428,Transit,2023.0,Transiting Exoplanet Survey Satellite (TESS),22.0337,Super-Earth
TOI-2443 b,TOI-2443,2.363,0.2108131,4.8,0.01510249,0.301,519.0,13.2931,0.105,15.66858,K5 V,4375.0,0.631,0.642,Transit,2023.0,Transiting Exoplanet Survey Satellite (TESS),23.9258,Super-Earth
TOI-2445 b,TOI-2445,1.25,0.11151772,2.1,0.0066,,1060.0,204.4874,0.0064,0.3711281,,3333.0,0.27,0.25,Transit,2022.0,Transiting Exoplanet Survey Satellite (TESS),48.582,Terrestrial
TOI-2447 b,TOI-2447,9.60609646,0.857,124.90656395,0.393,0.17,414.0,44.5933,0.347,69.33684,,5730.0,1.006,1.034,Transit,2024.0,Transiting Exoplanet Survey Satellite (TESS),148.987,Gas Giant
TOI-2449 b,TOI-2449,11.24,1.002,222.0,0.7,0.098,400.0,362.642,0.45,106.14468,G,6021.0,1.065,1.079,Transit,2025.0,Transiting Exoplanet Survey Satellite (TESS),156.786,Gas Giant
TOI-2458 b,TOI-2458,2.83,0.25247612,13.31,0.04187794,0.087,1509.4,865.0,0.0482,3.73659,F9-F9.5,6005.0,1.31,1.05,Transit,2024.0,Transiting Exoplanet Survey Satellite (TESS),112.958,Neptunian
TOI-2458 c,TOI-2458,3.18,0.283,10.22,0.03215572,0.29,,,0.129,16.553,F9-F9.5,6005.0,1.31,1.05,Radial Velocity,2024.0,La Silla Observatory,112.958,Neptunian
TOI-2485 b,TOI-2485,12.1393261,1.083,766.60211768,2.412,0.0341,1134.0,275.6,0.1093,11.23479,,6016.4,1.72,1.163,Transit,2024.0,Transiting Exoplanet Survey Satellite (TESS),397.953,Gas Giant
TOI-2497 b,TOI-2497,11.14172682,0.994,1531.93292174,4.82,0.195,1595.0,997.8085,0.1166,10.655669,,7360.0,2.36,1.859,Transit,2023.0,Transiting Exoplanet Survey Satellite (TESS),285.289,Gas Giant
TOI-2498 b,TOI-2498,6.06,0.54063792,34.62,0.1089267,0.089,1443.0,790.4759,0.0491,3.738252,,5905.0,1.26,1.12,Transit,2023.0,Transiting Exoplanet Survey Satellite (TESS),275.265,Gas Giant
TOI-251 b,TOI-251,2.74,0.24444643,317.83,1.0,0.0,1041.19,277.7462,0.05741,4.93777,,5875.0,0.881,1.036,Transit,2021.0,Transiting Exoplanet Survey Satellite (TESS),99.523,Neptunian
TOI-2524 b,TOI-2524,11.2089807,1.0,203.41018048,0.64,0.0,1100.0,210.609,0.073,7.18585,,5831.0,1.119,1.007,Transit,2023.0,Transiting Exoplanet Survey Satellite (TESS),438.842,Gas Giant
TOI-2525 b,TOI-2525,8.67575106,0.774,26.69758619,0.084,0.17,512.97,16.3643,0.1511,23.2856,K8 V,5096.0,0.785,0.849,Transit,2023.0,Transiting Exoplanet Survey Satellite (TESS),395.398,Gas Giant
TOI-2525 c,TOI-2525,10.13291855,0.904,208.8132634,0.657,0.157,399.96,6.0478,0.249,49.2519,K8 V,5096.0,0.785,0.849,Transit,2023.0,Transiting Exoplanet Survey Satellite (TESS),395.398,Gas Giant
TOI-2529 b,TOI-2529,11.54525012,1.03,743.71847238,2.34,0.021,636.0,70.9731,0.327,64.5949,,5802.0,1.7,1.11,Transit,2024.0,Transiting Exoplanet Survey Satellite (TESS),296.271,Gas Giant
TOI-2537 b,TOI-2537,11.25381662,1.004,415.40172795,1.307,0.364,338.0,7.4445,0.3715,94.1022,,4870.0,0.771,0.771,Transit,2024.0,Transiting Exoplanet Survey Satellite (TESS),184.986,Gas Giant
TOI-2537 c,TOI-2537,12.7,1.13,2297.89938261,7.23,0.287,123.1,,2.78,1920.0,,4870.0,0.771,0.771,Radial Velocity,2024.0,Multiple Observatories,184.986,Gas Giant
TOI-2567 b,TOI-2567,10.92875618,0.975,63.88350981,0.201,0.0,1352.0,558.0,0.0672,5.983944,,5611.0,1.686,1.13,Transit,2022.0,Transiting Exoplanet Survey Satellite (TESS),504.775,Gas Giant
TOI-257 b,TOI-257,7.16253867,0.639,43.86032017,0.138,0.0,1027.0,186.0,0.1528,18.38818,,6095.0,1.867,1.407,Transit,2021.0,Transiting Exoplanet Survey Satellite (TESS),76.9028,Gas Giant
TOI-2570 b,TOI-2570,13.64132951,1.217,260.61929374,0.82,0.0,1431.0,699.0,0.04145,2.9887615,,5771.0,1.095,1.063,Transit,2022.0,Transiting Exoplanet Survey Satellite (TESS),361.857,Gas Giant
TOI-2580 b,TOI-2580,17.37392009,1.55,200.23189641,0.63,0.08,2410.0,1730.0,0.048,3.39775,F,6120.0,1.81,1.33,Transit,2024.0,Transiting Exoplanet Survey Satellite (TESS),379.253,Gas Giant
TOI-2583 A b,TOI-2583 A,14.4595851,1.29,79.45710175,0.25,0.0,1456.0,750.9,0.0571,4.5207265,,5936.0,1.477,1.215,Transit,2023.0,Transiting Exoplanet Survey Satellite (TESS),566.189,Gas Giant
TOI-2587 A b,TOI-2587 A,12.07207221,1.077,69.28659273,0.218,0.0,1445.0,728.0,0.0635,5.45664,,5760.0,1.726,1.15,Transit,2023.0,Transiting Exoplanet Survey Satellite (TESS),373.675,Gas Giant
TOI-2589 b,TOI-2589,12.10569916,1.08,1112.3994245,3.5,0.522,592.0,21.7464,0.3,61.6277,,5579.0,1.07,0.93,Transit,2023.0,Transiting Exoplanet Survey Satellite (TESS),200.273,Gas Giant
TOI-260 b,TOI-260,1.71,0.15255624,4.23,0.01330907,0.0,493.0,10.1838,0.0943,13.475853,K8 V,4026.0,0.607,0.616,Transit,2024.0,Transiting Exoplanet Survey Satellite (TESS),20.1852,Super-Earth
TOI-261.01,TOI-261,3.0449863,0.27136114,9.51,0.0299,,1722.49,874.7956,0.034792189,3.3639254,,5890.3,1.28018,0.496728,Transit,2021.0,Transiting Exoplanet Survey Satellite (TESS),114.495,Neptunian
TOI-262 b,TOI-262,2.07,0.18467335,4.94,0.0155,,584.0,56.9133,0.163,11.14529,K0 V,5310.0,0.853,0.913,Transit,2023.0,Transiting Exoplanet Survey Satellite (TESS),43.932,Super-Earth
TOI-2641 b,TOI-2641,18.10250383,1.615,122.6817651,0.386,0.18,1387.0,602.0,0.0607,4.880974,F9 V,6100.0,1.336,1.16,Transit,2023.0,Transiting Exoplanet Survey Satellite (TESS),344.045,Gas Giant
TOI-269 b,TOI-269,2.77,0.24712327,8.8,0.0276879,0.425,531.0,19.0,0.0345,3.6977104,M2 V,3514.0,0.398,0.3917,Transit,2021.0,Transiting Exoplanet Survey Satellite (TESS),57.0225,Neptunian
TOI-270 b,TOI-270,1.28,0.11419415,1.48,0.0046566,0.0167,600.0,131.7935,0.03197,3.35992,M,3506.0,0.38,0.386,Transit,2019.0,Transiting Exoplanet Survey Satellite (TESS),22.4793,Terrestrial
TOI-270 c,TOI-270,2.33,0.20786903,6.2,0.01950738,0.0044,489.0,9.9407,0.04526,5.66051,M,3506.0,0.38,0.386,Transit,2019.0,Transiting Exoplanet Survey Satellite (TESS),22.4793,Super-Earth
TOI-270 d,TOI-270,2.0,0.17842836,4.2,0.01321468,0.0066,383.0,9.2135,0.0721,11.38194,M3 V,3506.0,0.38,0.386,Transit,2019.0,Transiting Exoplanet Survey Satellite (TESS),22.4793,Super-Earth
TOI-2714 b,TOI-2714,13.72,1.22401852,228.0,0.71736822,0.164,1603.0,945.55,0.036,2.499387,,5665.0,1.25,1.07,Transit,2024.0,Transiting Exoplanet Survey Satellite (TESS),597.873,Gas Giant
TOI-2768 b,TOI-2768,2.63,0.23463329,7.41,0.0233,,855.0,89.0458,0.027,1.50801,M,4008.0,0.657,0.63,Transit,2024.0,Transiting Exoplanet Survey Satellite (TESS),78.4525,Neptunian
TOI-277 b,TOI-277,2.65,0.23641757,7.51,0.0236,,587.92,28.236,0.0269,3.994,,4031.0,0.362,0.16,Transit,2022.0,Transiting Exoplanet Survey Satellite (TESS),64.6692,Neptunian
TOI-2796 b,TOI-2796,17.26183028,1.54,139.84449908,0.44,0.0,1205.0,352.0,0.0569,4.8084983,,5764.0,1.069,1.063,Transit,2023.0,Transiting Exoplanet Survey Satellite (TESS),350.343,Gas Giant
TOI-2803 A b,TOI-2803 A,18.11371281,1.616,309.88269682,0.975,0.0,1893.0,2150.0,0.03185,1.96229325,,6280.0,1.245,1.118,Transit,2023.0,Transiting Exoplanet Survey Satellite (TESS),494.818,Gas Giant
TOI-2818 b,TOI-2818,15.27784069,1.363,225.65816897,0.71,0.0,1376.0,598.0,0.0493,4.039709,,5721.0,1.229,0.977,Transit,2023.0,Transiting Exoplanet Survey Satellite (TESS),312.674,Gas Giant
TOI-283 b,TOI-283,2.34,0.20876118,6.54,0.02057714,0.0,661.0,30.4,0.123,17.61745,K,5213.0,0.85,0.8,Transit,2025.0,Transiting Exoplanet Survey Satellite (TESS),82.7013,Super-Earth
TOI-2842 b,TOI-2842,12.84549188,1.146,117.59651059,0.37,0.0,1471.0,781.8,0.0475,3.5514058,,5910.0,1.265,1.135,Transit,2023.0,Transiting Exoplanet Survey Satellite (TESS),460.995,Gas Giant
TOI-286 b,TOI-286,1.42,0.12668413,4.53,0.01425297,0.0,979.0,86.7681,0.0503,4.5117244,K3 V,5152.0,0.78,0.832,Transit,2024.0,Transiting Exoplanet Survey Satellite (TESS),59.2293,Terrestrial
TOI-286 c,TOI-286,1.88,0.16772265,3.72,0.01170443,0.0,475.0,22.4437,0.213,39.361826,K3 V,5152.0,0.78,0.832,Transit,2024.0,Transiting Exoplanet Survey Satellite (TESS),59.2293,Super-Earth
TOI-2876 b,TOI-2876,9.6397234,0.86,54.03082919,0.17,0.13,929.0,124.2,0.0654,6.2996431,,5271.0,0.873,0.939,Transit,2025.0,Transiting Exoplanet Survey Satellite (TESS),225.744,Gas Giant
TOI-2886 b,TOI-2886,18.6405349,1.663,444.9597698,1.4,0.11,1978.0,2560.0,0.02871,1.60200105,,6240.0,1.241,1.229,Transit,2025.0,Transiting Exoplanet Survey Satellite (TESS),413.673,Gas Giant
TOI-2969 b,TOI-2969,12.32987877,1.1,368.68095212,1.16,0.0,1186.0,382.0,0.0261,1.8237146,K3 V,4738.0,0.7,0.71,Transit,2025.0,Transiting Exoplanet Survey Satellite (TESS),163.996,Gas Giant
TOI-2977 b,TOI-2977,13.15934334,1.174,533.95172376,1.68,0.0,1544.0,947.8,0.03386,2.3505614,,5691.0,1.073,0.936,Transit,2023.0,Transiting Exoplanet Survey Satellite (TESS),,Gas Giant
TOI-2981 b,TOI-2981,13.4,1.19546999,638.0,2.00737249,0.035,1358.0,556.616,0.048,3.601501,,5940.0,1.08,1.03,Transit,2024.0,Transiting Exoplanet Survey Satellite (TESS),527.789,Gas Giant
TOI-2986 b,TOI-2986,9.292245,0.829,96.61983573,0.304,0.14,1622.0,1156.0,0.04489,3.2783662,,5906.0,1.458,1.122,Transit,2025.0,Transiting Exoplanet Survey Satellite (TESS),563.149,Gas Giant
TOI-2989 b,TOI-2989,12.55405838,1.12,953.485221,3.0,0.0,1001.0,124.0,0.0384,3.122832,K4 V,4672.0,0.76,0.77,Transit,2025.0,Transiting Exoplanet Survey Satellite (TESS),195.795,Gas Giant
TOI-2992 b,TOI-2992,13.75341932,1.227,1058.36859531,3.33,0.089,1726.0,1484.0,0.0434,3.007812,,6000.0,1.545,1.21,Transit,2025.0,Transiting Exoplanet Survey Satellite (TESS),542.026,Gas Giant
TOI-3023 b,TOI-3023,16.43236571,1.466,197.05361234,0.62,0.0,1596.0,1084.0,0.0505,3.9014971,,5760.0,1.668,1.12,Transit,2023.0,Transiting Exoplanet Survey Satellite (TESS),389.916,Gas Giant
TOI-3071 b,TOI-3071,7.16,0.63877351,68.2,0.2145812,0.09,2155.0,2579.61,0.0249,1.266938,,6177.0,1.31,1.29,Transit,2024.0,Transiting Exoplanet Survey Satellite (TESS),485.219,Gas Giant
TOI-3135 b,TOI-3135,13.65253849,1.218,327.36325921,1.03,0.24,1292.0,464.0,0.04756,3.7065585,,5890.0,0.985,1.044,Transit,2025.0,Transiting Exoplanet Survey Satellite (TESS),221.673,Gas Giant
TOI-3160 A b,TOI-3160 A,13.7646283,1.228,378.21580433,1.19,0.18,1539.0,933.0,0.0505,3.971281,,6190.0,1.346,1.088,Transit,2025.0,Transiting Exoplanet Survey Satellite (TESS),567.678,Gas Giant
TOI-3235 b,TOI-3235,11.39953337,1.017,211.35589065,0.665,0.029,604.0,13.8883,0.02709,2.59261842,M V,3388.8,0.3697,0.3939,Transit,2023.0,Transiting Exoplanet Survey Satellite (TESS),72.811,Gas Giant
TOI-3261 b,TOI-3261,3.82,0.34079816,30.3,0.09533446,0.0,1722.0,1466.0,0.01714,0.8831331,K1.5+/-1,5068.0,0.849,0.861,Transit,2024.0,Transiting Exoplanet Survey Satellite (TESS),300.141,Neptunian
TOI-3288 b,TOI-3288,11.2089807,1.0,670.61793877,2.11,0.0,1059.0,239.0,0.0215,1.4338635,K9 V,3933.0,0.67,0.64,Transit,2025.0,Transiting Exoplanet Survey Satellite (TESS),200.5,Gas Giant
TOI-329 b,TOI-329,4.94057819,0.44076962,40.4,0.12711262,0.39,1213.02,576.8749,0.0638,5.70439,,5614.0,1.5326,1.0678,Transit,2024.0,Transiting Exoplanet Survey Satellite (TESS),284.388,Neptunian
TOI-332 b,TOI-332,3.2,0.28548537,57.2,0.17997133,0.0,1871.0,4180.32,0.0159,0.777038,K0 V,5251.0,0.87,0.88,Transit,2023.0,Transiting Exoplanet Survey Satellite (TESS),222.852,Neptunian
TOI-3321 b,TOI-3321,15.55806521,1.388,176.07693748,0.554,0.054,1616.0,967.919,0.047,3.6525145,,5850.0,1.549,1.041,Transit,2024.0,Transiting Exoplanet Survey Satellite (TESS),285.895,Gas Giant
TOI-333 b,TOI-333,4.26,0.3800524,20.1,0.06324167,0.0,1445.0,650.4959,0.049,3.7852503,,6241.0,1.1,1.2,Transit,2025.0,Transiting Exoplanet Survey Satellite (TESS),352.269,Neptunian
TOI-3331 A b,TOI-3331 A,12.97999965,1.158,721.47048389,2.27,0.0,1488.0,818.5,0.03144,2.0180231,,5609.0,0.952,1.016,Transit,2022.0,Transiting Exoplanet Survey Satellite (TESS),217.193,Gas Giant
TOI-3353.01,TOI-3353,2.6667555,0.23765421,7.59,0.0239,,1264.36,313.0426,0.060118218,4.6657965,,6365.0,1.0207,1.332089,Transit,2024.0,Transiting Exoplanet Survey Satellite (TESS),78.7577,Neptunian
TOI-3362 b,TOI-3362,12.80065596,1.142,1598.3590588,5.029,0.815,688.0,37.2117,0.153,18.09547,,6532.0,1.83,1.445,Transit,2021.0,Transiting Exoplanet Survey Satellite (TESS),366.987,Gas Giant
TOI-3364 b,TOI-3364,12.22899794,1.091,530.77343969,1.67,0.0,1264.0,425.0,0.0675,5.8768918,,5706.0,1.419,1.186,Transit,2023.0,Transiting Exoplanet Survey Satellite (TESS),277.899,Gas Giant
TOI-3464 b,TOI-3464,13.7646283,1.228,397.28550875,1.25,0.25,1693.0,1370.0,0.0515,3.6515568,,6370.0,1.56,1.363,Transit,2025.0,Transiting Exoplanet Survey Satellite (TESS),597.774,Gas Giant
TOI-3474 b,TOI-3474,14.67255574,1.309,193.87532827,0.61,0.13,1451.0,740.0,0.0502,3.8795105,,6020.0,1.256,1.121,Transit,2025.0,Transiting Exoplanet Survey Satellite (TESS),420.123,Gas Giant
TOI-3486 b,TOI-3486,10.5700688,0.943,99.16246298,0.312,0.078,1190.0,334.0,0.03138,2.21778105,,4930.0,0.788,0.837,Transit,2025.0,Transiting Exoplanet Survey Satellite (TESS),154.715,Gas Giant
TOI-3523 A b,TOI-3523 A,15.9727975,1.425,435.42491759,1.37,0.047,1984.0,2590.0,0.03559,2.30458952,,6450.0,1.448,1.131,Transit,2025.0,Transiting Exoplanet Survey Satellite (TESS),645.294,Gas Giant
TOI-3540 A b,TOI-3540 A,23.53885947,2.1,375.03752026,1.18,0.0,1498.0,841.3,0.04289,3.119999,,5810.0,1.228,1.081,Transit,2022.0,Transiting Exoplanet Survey Satellite (TESS),,Gas Giant
TOI-3568 b,TOI-3568,5.3,0.483,26.4,0.083,0.035,899.0,130.1481,0.0485,4.417965,,4969.0,0.719,0.78,Transit,2024.0,Transiting Exoplanet Survey Satellite (TESS),197.906,Neptunian
TOI-3593 b,TOI-3593,11.02963701,0.984,565.73456446,1.78,0.105,1170.0,308.0,0.0481,3.8212867,,5550.0,0.918,1.015,Transit,2025.0,Transiting Exoplanet Survey Satellite (TESS),226.63,Gas Giant
TOI-3629 b,TOI-3629,8.29464572,0.74,82.63538582,0.26,0.05,690.0,39.0,0.043,3.936551,M1,3870.0,0.6,0.63,Transit,2022.0,Transiting Exoplanet Survey Satellite (TESS),130.091,Gas Giant
TOI-3682 b,TOI-3682,12.80065596,1.142,69.28659273,0.218,0.22,1657.0,1258.0,0.048,3.3462406,,5703.0,1.735,1.32,Transit,2025.0,Transiting Exoplanet Survey Satellite (TESS),404.211,Gas Giant
TOI-3688 A b,TOI-3688 A,13.08088048,1.167,311.47183886,0.98,0.0,1534.0,924.3,0.0456,3.246075,,5950.0,1.302,1.199,Transit,2023.0,Transiting Exoplanet Survey Satellite (TESS),396.378,Gas Giant
TOI-3693 b,TOI-3693,12.59889431,1.124,324.18497514,1.02,0.0,801.0,68.6,0.0813,9.088516,,5321.0,0.791,0.867,Transit,2022.0,Transiting Exoplanet Survey Satellite (TESS),176.436,Gas Giant
TOI-3714 b,TOI-3714,11.32107051,1.01,222.4798849,0.7,0.03,750.0,54.0,0.027,2.154849,M2,3660.0,0.51,0.53,Transit,2022.0,Transiting Exoplanet Survey Satellite (TESS),112.71,Gas Giant
TOI-375 b,TOI-375,10.77183045,0.961,236.78216321,0.745,0.087,1373.0,593.3,0.099,9.45469,,5259.9,2.9,1.441,Transit,2026.0,Transiting Exoplanet Survey Satellite (TESS),396.213,Gas Giant
TOI-375 c,TOI-375,13.4,1.19,669.34662514,2.106,,596.0,21.07,0.524,115.5,,5259.9,2.9,1.441,Radial Velocity,2026.0,Multiple Observatories,396.213,Gas Giant
TOI-375 d,TOI-375,13.6,1.21,445.59542661,1.402,,434.0,5.96,0.984,297.9,,5259.9,2.9,1.441,Radial Velocity,2026.0,Multiple Observatories,396.213,Gas Giant
TOI-3757 b,TOI-3757,12.0,1.07057014,85.3,0.26838381,0.14,759.0,55.4,0.03845,3.438753,M0 V,3913.0,0.62,0.64,Transit,2022.0,Transiting Exoplanet Survey Satellite (TESS),181.139,Gas Giant
TOI-3785 b,TOI-3785,5.14,0.45856088,14.95,0.04703796,0.11,582.0,19.1,0.043,4.6747373,M2 V,3576.0,0.5,0.52,Transit,2023.0,Transiting Exoplanet Survey Satellite (TESS),79.7634,Neptunian
TOI-3807 b,TOI-3807,18.49481816,1.65,330.54154328,1.04,0.0,1646.0,1230.0,0.0421,2.8989727,,5772.0,1.468,1.181,Transit,2023.0,Transiting Exoplanet Survey Satellite (TESS),421.745,Gas Giant
TOI-3819 b,TOI-3819,13.13692538,1.172,352.78953177,1.11,0.0,1633.0,1186.0,0.04611,3.2443141,,5859.0,1.538,1.242,Transit,2023.0,Transiting Exoplanet Survey Satellite (TESS),558.141,Gas Giant
TOI-3837 b,TOI-3837,10.87271128,0.97,187.51876013,0.59,0.221,1178.0,138.065,0.099,11.88865,,5905.0,1.2,0.89,Transit,2025.0,Transiting Exoplanet Survey Satellite (TESS),311.705,Gas Giant
TOI-3856 b,TOI-3856,13.59649359,1.213,171.62733978,0.54,0.083,1544.0,949.0,0.0325,2.04360352,,5622.0,1.055,1.096,Transit,2025.0,Transiting Exoplanet Survey Satellite (TESS),314.443,Gas Giant
TOI-3862 b,TOI-3862,5.53,0.493,53.7,0.1688,0.0232,1539.0,358.839,0.02539,1.55745774,,5300.0,0.92,0.9,Transit,2026.0,Transiting Exoplanet Survey Satellite (TESS),249.02,Neptunian
TOI-3877 b,TOI-3877,11.67975789,1.042,99.7981198,0.314,0.22,1445.0,729.0,0.0529,4.123596,,5731.0,1.445,1.16,Transit,2025.0,Transiting Exoplanet Survey Satellite (TESS),493.77,Gas Giant
TOI-3884 b,TOI-3884,6.43,0.57364716,32.59,0.10253961,0.06,441.0,6.29,0.0361,4.5445828,M4,3180.0,0.302,0.298,Transit,2022.0,Transiting Exoplanet Survey Satellite (TESS),43.1448,Gas Giant
TOI-3894 b,TOI-3894,15.27784069,1.363,260.61929374,0.82,0.05,1531.0,546.903,0.05354,4.33454,,6000.0,1.502,1.138,Transit,2024.0,Transiting Exoplanet Survey Satellite (TESS),417.365,Gas Giant
TOI-3912 b,TOI-3912,14.28024141,1.274,129.03833324,0.406,0.0,1512.0,872.2,0.0463,3.4936264,,5725.0,1.392,1.088,Transit,2023.0,Transiting Exoplanet Survey Satellite (TESS),465.992,Gas Giant
TOI-3919 b,TOI-3919,12.31866979,1.099,1233.17421916,3.88,0.259,1198.0,184.322,0.0795,7.433234,,6100.0,1.319,1.208,Transit,2024.0,Transiting Exoplanet Survey Satellite (TESS),604.591,Gas Giant
TOI-3976 A b,TOI-3976 A,12.27383387,1.095,55.61997123,0.175,0.0,1295.0,469.0,0.0743,6.607662,,5975.0,1.501,1.254,Transit,2023.0,Transiting Exoplanet Survey Satellite (TESS),516.087,Gas Giant
TOI-3980 b,TOI-3980,14.4595851,1.29,187.51876013,0.59,0.16,1621.0,1153.0,0.0494,3.6089254,,5840.0,1.626,1.24,Transit,2025.0,Transiting Exoplanet Survey Satellite (TESS),486.721,Gas Giant
TOI-3984 A b,TOI-3984 A,7.9,0.71,44.0,0.14,0.23,563.0,16.7,0.041,4.353326,M4+/-0.5,3476.0,0.47,0.49,Transit,2023.0,Transiting Exoplanet Survey Satellite (TESS),108.883,Gas Giant
TOI-4010 b,TOI-4010,3.02,0.26942682,11.0,0.03460987,0.03,1441.0,714.0,0.0229,1.348335,K V,4960.0,0.83,0.88,Transit,2023.0,Transiting Exoplanet Survey Satellite (TESS),177.504,Neptunian
TOI-4010 c,TOI-4010,5.93,0.52904008,20.31,0.06390241,0.03,907.0,112.0,0.058,5.414654,K V,4960.0,0.83,0.88,Transit,2023.0,Transiting Exoplanet Survey Satellite (TESS),177.504,Neptunian
TOI-4010 d,TOI-4010,6.18,0.55134362,38.15,0.12003332,0.07,650.0,30.0,0.113,14.70886,K V,4960.0,0.83,0.88,Transit,2023.0,Transiting Exoplanet Survey Satellite (TESS),177.504,Gas Giant
TOI-4010 e,TOI-4010,13.3,1.19,692.0,2.17727549,0.26,174.0,0.15,1.57,762.0,K V,4960.0,0.83,0.88,Radial Velocity,2023.0,Roque de los Muchachos Observatory,177.504,Gas Giant
TOI-406 c,TOI-406,1.32,0.11776272,2.08,0.00654441,0.032,584.0,19.0,0.0322,3.307441,M3,3392.0,0.41,0.408,Transit,2024.0,Transiting Exoplanet Survey Satellite (TESS),31.0597,Terrestrial
TOI-406.01,TOI-406,2.08,0.18556549,6.57,0.02067153,0.056,368.0,3.0,0.0809,13.175682,M3,3392.0,0.41,0.408,Transit,2024.0,Transiting Exoplanet Survey Satellite (TESS),31.0597,Super-Earth
TOI-4087 b,TOI-4087,13.04725353,1.164,232.01473711,0.73,0.0,1458.0,753.9,0.04469,3.1774835,,6060.0,1.112,1.178,Transit,2023.0,Transiting Exoplanet Survey Satellite (TESS),301.676,Gas Giant
TOI-411 b,HD 22946,1.362,0.12150971,13.71,0.04313648,0.126,1241.0,495.139,0.05727,4.040295,F7/F8V,6169.0,1.117,1.098,Transit,2022.0,Transiting Exoplanet Survey Satellite (TESS),62.7792,Terrestrial
TOI-411 c,HD 22946,2.328,0.20769061,9.72,0.03058254,0.16,931.0,156.75,0.1017,9.573083,F7/F8V,6169.0,1.117,1.098,Transit,2022.0,Transiting Exoplanet Survey Satellite (TESS),62.7792,Super-Earth
TOI-4127 b,TOI-4127,12.28504285,1.096,731.0053361,2.3,0.7471,605.1,22.3,0.3081,56.39879,F V,6096.0,1.293,1.23,Transit,2023.0,Transiting Exoplanet Survey Satellite (TESS),319.632,Gas Giant
TOI-4137 b,TOI-4137,13.57407563,1.211,457.67290608,1.44,0.0,1570.0,1013.0,0.05222,3.8016122,,6202.0,1.438,1.313,Transit,2022.0,Transiting Exoplanet Survey Satellite (TESS),334.993,Gas Giant
TOI-4145 A b,TOI-4145 A,13.30506009,1.187,136.66621501,0.43,0.0,1074.0,223.0,0.04823,4.0664428,,5281.0,0.859,0.905,Transit,2023.0,Transiting Exoplanet Survey Satellite (TESS),205.387,Gas Giant
TOI-4153 b,TOI-4153,16.11851425,1.438,365.50266805,1.15,0.039,1669.0,1212.0072,0.06311,4.6174141,,6860.0,1.605,1.572,Transit,2024.0,Transiting Exoplanet Survey Satellite (TESS),423.84,Gas Giant
TOI-4184 b,TOI-4184,2.43,0.21679045,6.48,0.0204,,412.0,4.8,0.0336,4.9019804,M5.5+/-0.5,3238.0,0.2347,0.2109,Transit,2023.0,Transiting Exoplanet Survey Satellite (TESS),69.3649,Super-Earth
TOI-4201 b,TOI-4201,13.67495645,1.22,788.21444936,2.48,0.041,725.0,45.2,0.04,3.5819194,M1.0+/-0.5,3794.0,0.63,0.61,Transit,2023.0,Transiting Exoplanet Survey Satellite (TESS),189.011,Gas Giant
TOI-421 b,TOI-421,2.64,0.23552543,6.7,0.02108056,0.13,922.0,154.57,0.0554,5.197576,G9 V,5291.0,0.866,0.833,Transit,2020.0,Transiting Exoplanet Survey Satellite (TESS),74.7969,Neptunian
TOI-421 c,TOI-421,5.09,0.45410017,14.1,0.04436356,0.19,635.0,34.32,0.117,16.067541,G9 V,5291.0,0.866,0.833,Transit,2020.0,Transiting Exoplanet Survey Satellite (TESS),74.7969,Neptunian
TOI-4214 b,TOI-4214,10.68215861,0.953,165.27077164,0.52,0.17,1642.0,1210.0,0.05018,3.4913885,,6370.0,1.434,1.382,Transit,2025.0,Transiting Exoplanet Survey Satellite (TESS),346.881,Gas Giant
TOI-431 b,TOI-431,1.28,0.11419415,3.07,0.0096593,0.0,1862.0,2120.4475,0.0113,0.490047,,4850.0,0.731,0.78,Transit,2021.0,Transiting Exoplanet Survey Satellite (TESS),32.5686,Terrestrial
TOI-431 c,TOI-431,1.49,0.133,2.83,0.00890418,0.0,867.0,,0.052,4.8494,,4850.0,0.731,0.78,Radial Velocity,2021.0,La Silla Observatory,32.5686,Terrestrial
TOI-431 d,TOI-431,3.29,0.29351465,9.9,0.03114888,0.0,633.0,28.3588,0.098,12.46103,,4850.0,0.731,0.78,Transit,2021.0,Transiting Exoplanet Survey Satellite (TESS),32.5686,Neptunian
TOI-4336 A b,TOI-4336 A,2.137,0.1906507,3.33,0.01047735,0.0,309.4,1.53,0.0849,16.336351,M3.5 V,3307.0,0.326,0.306,Transit,2024.0,Transiting Exoplanet Survey Satellite (TESS),22.5455,Super-Earth
TOI-4336 A c,TOI-4336 A,1.251,0.11160694,1.55,0.00487685,0.0,399.5,4.24,0.05092,7.587266,M3.5 V,3307.0,0.326,0.306,Transit,2026.0,Multiple Observatories,22.5455,Terrestrial
TOI-4342 b,TOI-4342,2.329,0.20777982,7.3,0.02296837,0.0,639.0,27.8,0.0519,5.5382592,M0 V,3866.0,0.598,0.587,Transit,2023.0,Transiting Exoplanet Survey Satellite (TESS),61.5204,Super-Earth
TOI-4342 c,TOI-4342,2.349,0.2095641,4.8,0.01510249,0.0,514.0,11.6,0.0804,10.688662,M0 V,3866.0,0.598,0.587,Transit,2023.0,Transiting Exoplanet Survey Satellite (TESS),61.5204,Super-Earth
TOI-4364 b,TOI-4364,2.01,0.1793205,4.7,0.0148,0.29,488.0,13.3328,0.04753,5.424019,M4 V,3528.0,0.4684,0.487,Transit,2025.0,Transiting Exoplanet Survey Satellite (TESS),43.9662,Super-Earth
TOI-4377 b,TOI-4377,15.10970598,1.348,304.1617855,0.957,0.045,1162.08,430.9826,0.0579,4.378081,,4974.0,3.52,1.36,Transit,2023.0,Transiting Exoplanet Survey Satellite (TESS),455.82,Gas Giant
TOI-4406 b,TOI-4406,11.2089807,1.0,95.3485221,0.3,0.15,904.0,58.0054,0.201,30.08364,,6219.0,1.29,1.19,Transit,2023.0,Transiting Exoplanet Survey Satellite (TESS),261.834,Gas Giant
TOI-4438 b,TOI-4438,2.52,0.22481973,5.4,0.0169903,0.14,435.0,6.0,0.0534,7.44628,M3.5 V,3422.0,0.372,0.368,Transit,2024.0,Transiting Exoplanet Survey Satellite (TESS),30.0346,Neptunian
TOI-444 b,TOI-444,2.77,0.24712327,8.1,0.0255,,609.0,23.4694,0.133,17.9636,K1/2 V,5225.0,0.779,0.96,Transit,2023.0,Transiting Exoplanet Survey Satellite (TESS),57.3973,Neptunian
TOI-4443.01,TOI-4443,1.7193265,0.15322184,3.6,0.0113,,1638.82,1194.2104,0.029962645,1.8498567,,5834.0,1.01733,1.049133,Transit,2024.0,Transiting Exoplanet Survey Satellite (TESS),56.0739,Super-Earth
TOI-4463 A b,TOI-4463 A,13.26022417,1.183,252.35575516,0.794,0.0,1395.0,633.0,0.04036,2.8807198,,5640.0,1.062,1.056,Transit,2023.0,Transiting Exoplanet Survey Satellite (TESS),173.117,Gas Giant
TOI-4465 b,TOI-4465,14.01122587,1.25,1872.00931723,5.89,0.24,427.0,130.528,0.416,101.94054,G V,5545.0,1.014,0.93,Transit,2025.0,Transiting Exoplanet Survey Satellite (TESS),121.139,Gas Giant
TOI-4479 b,TOI-4479,2.82,0.25158398,8.35,0.0263,,861.0,92.5,0.0164,1.1589,M3.0,3400.0,0.451,0.452,Transit,2022.0,Transiting Exoplanet Survey Satellite (TESS),80.6532,Neptunian
TOI-4487 A b,TOI-4487 A,14.60530185,1.303,397.28550875,1.25,0.083,1639.0,1203.0,0.05448,3.9540709,,6206.0,1.634,1.378,Transit,2025.0,Transiting Exoplanet Survey Satellite (TESS),479.145,Gas Giant
TOI-4495 b,TOI-4495,2.483,0.2215188,7.7,0.02422691,0.078,1735.0,1001.28,0.03957,2.56699,,6210.0,1.309,1.247,Transit,2026.0,Transiting Exoplanet Survey Satellite (TESS),132.214,Super-Earth
TOI-4495 c,TOI-4495,4.03,0.35953314,23.2,0.07299536,0.023,1365.0,346.626,0.06323,5.18553,,6210.0,1.309,1.247,Transit,2024.0,Transiting Exoplanet Survey Satellite (TESS),132.214,Neptunian
TOI-4504 b,TOI-4504,2.691,0.24007535,7.71,0.0243,0.0,1234.03,548.0544,0.03392,2.42614,K1 V,5315.0,0.92,0.89,Transit,2024.0,Transiting Exoplanet Survey Satellite (TESS),342.605,Neptunian
TOI-4504 c,TOI-4504,11.09689089,0.99,1197.32317485,3.7672,0.032,182.8,0.2639,0.3569,82.97213,K1 V,5315.0,0.92,0.89,Transit,2024.0,Transiting Exoplanet Survey Satellite (TESS),342.605,Gas Giant
TOI-4504 d,TOI-4504,13.6,1.21,450.23572136,1.4166,0.0445,,,0.2219,40.5634,K1 V,5315.0,0.92,0.89,Transit Timing Variations,2024.0,Multiple Observatories,342.605,Gas Giant
TOI-4507 b,TOI-4507,8.2,0.73155626,20.0,0.06292704,0.09,562.01,23.5778,0.456,104.61611,F,6260.0,1.04,1.11,Transit,2025.0,Transiting Exoplanet Survey Satellite (TESS),178.26,Gas Giant
TOI-451 b,TOI-451,1.84,0.16415409,4.7,0.01478785,0.0,1474.0,786.0,0.0274,1.8587033,G8 V,5490.0,0.85,0.93,Transit,2020.0,Transiting Exoplanet Survey Satellite (TESS),123.739,Super-Earth
TOI-451 c,TOI-451,2.93,0.26139754,3.7,0.0116415,0.0,865.0,93.0,0.0795,9.192463,G8 V,5490.0,0.85,0.93,Transit,2020.0,Transiting Exoplanet Survey Satellite (TESS),123.739,Neptunian
TOI-451 d,TOI-451,3.93,0.35061172,10.2,0.03209279,0.0,714.0,43.2,0.1168,16.364962,G8 V,5490.0,0.85,0.93,Transit,2020.0,Transiting Exoplanet Survey Satellite (TESS),123.739,Neptunian
TOI-4515 b,TOI-4515,12.17,1.086,637.0,2.005,0.461,705.0,42.2987,0.118,15.266446,G8/G9,5433.0,0.86,0.949,Transit,2024.0,Transiting Exoplanet Survey Satellite (TESS),193.499,Gas Giant
TOI-4527.01,TOI-4527,0.9086617,0.08097753,0.689,0.00217,,1362.93,571.5072,0.008332353,0.3994445,M2V:,3702.0,0.485948,0.483901,Transit,2024.0,Transiting Exoplanet Survey Satellite (TESS),18.1037,Terrestrial
TOI-4551 b,TOI-4551,11.85910158,1.058,473.56432643,1.49,0.101,1655.0,1247.74,0.0994,9.95581,,4896.0,3.55,1.31,Transit,2023.0,Transiting Exoplanet Survey Satellite (TESS),215.986,Gas Giant
TOI-4559 b,TOI-4559,1.415,0.12623806,2.59,0.00814,,554.16,15.77,0.0359,3.965991,,3558.0,0.374,0.392,Transit,2024.0,Transiting Exoplanet Survey Satellite (TESS),31.6354,Terrestrial
TOI-4562 b,TOI-4562,12.53,1.118,732.0,2.3,0.76,318.0,3.2011,0.768,225.1064,F7 V,6096.0,1.152,1.192,Transit,2023.0,Transiting Exoplanet Survey Satellite (TESS),339.605,Gas Giant
TOI-4562 c,TOI-4562,12.8,1.14,1833.86990839,5.77,0.122,,,5.219,3990.0,F7 V,6096.0,1.152,1.192,Transit Timing Variations,2024.0,Multiple Observatories,339.605,Gas Giant
TOI-4600 b,TOI-4600,6.8,0.607,959.84178914,3.02,0.25,347.0,3.3159,0.349,82.6869,K V,5170.0,0.81,0.89,Transit,2023.0,Transiting Exoplanet Survey Satellite (TESS),216.056,Gas Giant
TOI-4600 c,TOI-4600,9.42,0.841,2946.26933289,9.27,0.21,191.0,48.3867,1.152,482.8191,K V,5170.0,0.81,0.89,Transit,2023.0,Transiting Exoplanet Survey Satellite (TESS),216.056,Gas Giant
TOI-4602.01,TOI-4602,2.550449,0.22728928,7.04,0.0221,,1380.27,603.6935,0.05099712,3.9812091,,6011.9,1.15664,1.116795,Transit,2024.0,Transiting Exoplanet Survey Satellite (TESS),63.0637,Neptunian
TOI-4603 b,TOI-4603,11.67975789,1.042,4096.80816623,12.89,0.325,1677.0,1192.0,0.0888,7.24599,F,6264.0,2.738,1.765,Transit,2023.0,Transiting Exoplanet Survey Satellite (TESS),225.643,Gas Giant
TOI-4633 c,TOI-4633,3.2,0.28548537,123.0,0.38700128,0.117,268.57,1.56,0.847,271.9445,G V,5800.0,1.05,1.1,Transit,2024.0,Transiting Exoplanet Survey Satellite (TESS),95.2016,Neptunian
TOI-4638.01,TOI-4638,2.933,0.26166518,8.92,0.0281,,779.83,87.81,0.093013,10.283918787,,5700.0,0.895,1.02,Transit,2024.0,Transiting Exoplanet Survey Satellite (TESS),168.248,Neptunian
TOI-4641 b,TOI-4641,8.18255591,0.73,1229.99593509,3.87,0.074,950.11,192.5802,0.173,22.09341,,6560.0,1.72,1.41,Transit,2023.0,Transiting Exoplanet Survey Satellite (TESS),86.3501,Gas Giant
TOI-4666 b,TOI-4666,12.44196858,1.11,222.4798849,0.7,0.0,713.0,54.0,0.0333,2.9089168,M2.5 V,3512.0,0.59,0.58,Transit,2025.0,Transiting Exoplanet Survey Satellite (TESS),154.749,Gas Giant
TOI-469.01,TOI-469,3.41,0.30422035,9.1,0.0286318,0.0,716.0,74.7,0.111,13.6308205,,5289.0,0.98,0.901,Transit,2021.0,Transiting Exoplanet Survey Satellite (TESS),68.192,Neptunian
TOI-470 b,TOI-470,4.34,0.38718953,17.4,0.0546,,660.0,44.7551,0.119,12.19148,G,5190.0,0.831,0.87,Transit,2023.0,Transiting Exoplanet Survey Satellite (TESS),130.46,Neptunian
TOI-4734 b,TOI-4734,10.9175472,0.974,61.65871096,0.194,0.12,1468.0,775.0,0.074,6.235633,,6070.0,1.857,1.391,Transit,2025.0,Transiting Exoplanet Survey Satellite (TESS),563.068,Gas Giant
TOI-4773 b,TOI-4773,15.22179579,1.358,1687.66884117,5.31,0.024,2255.0,3879.8071,0.03216,1.7452851,,6740.0,1.55,1.452,Transit,2025.0,Transiting Exoplanet Survey Satellite (TESS),492.888,Gas Giant
TOI-4791 b,TOI-4791,12.44196858,1.11,734.18362017,2.31,0.0,1472.0,783.2,0.0555,4.28088,,6058.0,1.409,1.242,Transit,2023.0,Transiting Exoplanet Survey Satellite (TESS),328.802,Gas Giant
TOI-4794 b,TOI-4794,14.35870428,1.281,308.29355479,0.97,0.1,1673.0,1310.0,0.0492,3.5658116,,6390.0,1.451,1.25,Transit,2025.0,Transiting Exoplanet Survey Satellite (TESS),543.008,Gas Giant
TOI-480 b,TOI-480,2.85372018,0.2545923,20.8,0.06544412,0.0,1198.94,531.521,0.077,6.866196,,6174.0,1.4877,1.2793,Transit,2024.0,Transiting Exoplanet Survey Satellite (TESS),54.5306,Neptunian
TOI-481 b,TOI-481,11.09691,0.99,486.2799,1.53,0.153,1370.0,253.126,0.097,10.33111,G,5735.0,1.66,1.14,Transit,2020.0,Transiting Exoplanet Survey Satellite (TESS),179.366,Gas Giant
TOI-4860 b,TOI-4860,8.7,0.77,86.7,0.273,0.008,694.0,42.5,0.01808,1.5227591,M3.5 V,3260.0,0.358,0.34,Transit,2023.0,Transiting Exoplanet Survey Satellite (TESS),80.1423,Gas Giant
TOI-4914 b,TOI-4914,12.87,1.14818647,227.0,0.71422187,0.408,894.0,18.1082,0.098,10.60057,,5805.0,1.0,1.03,Transit,2024.0,Transiting Exoplanet Survey Satellite (TESS),299.89,Gas Giant
TOI-4940 b,TOI-4940,6.61,0.58970572,89.0,0.28002532,,643.0,40.4612,0.165,25.867811,G8 V,5504.0,1.163,1.012,Transit,2025.0,Transiting Exoplanet Survey Satellite (TESS),345.659,Gas Giant
TOI-4961 b,TOI-4961,12.34108775,1.101,572.0911326,1.8,0.182,919.0,115.0,0.0726,7.479182,,5380.0,0.912,0.912,Transit,2025.0,Transiting Exoplanet Survey Satellite (TESS),213.073,Gas Giant
TOI-4994 b,TOI-4994,8.54124329,0.762,88.99195396,0.28,0.319,717.6,40.0,0.1515,21.491984,,5640.0,1.055,1.005,Transit,2024.0,Transiting Exoplanet Survey Satellite (TESS),329.304,Gas Giant
TOI-500 b,TOI-500,1.166,0.10402373,1.42,0.00446782,0.063,1617.0,1138.0,0.01189,0.548177,K6 V,4440.0,0.678,0.74,Transit,2022.0,Transiting Exoplanet Survey Satellite (TESS),47.3924,Terrestrial
TOI-5005 b,TOI-5005,6.25,0.558,32.7,0.103,,1040.0,226.0,0.06614,6.3085044,G2 V,5749.0,0.93,0.97,Transit,2024.0,Transiting Exoplanet Survey Satellite (TESS),207.891,Gas Giant
TOI-5027 b,TOI-5027,10.76062147,0.96,642.01338214,2.02,0.385,1056.0,190.912,0.093,10.24368,,5909.0,0.92,1.02,Transit,2025.0,Transiting Exoplanet Survey Satellite (TESS),204.429,Gas Giant
TOI-5076 b,TOI-5076,3.48935569,0.3113,16.14568308,0.0508,0.0,550.0,12.8373,0.1481,23.443162,K2 V,4780.0,0.844,0.789,Transit,2024.0,Transiting Exoplanet Survey Satellite (TESS),82.857,Neptunian
TOI-5082.01,TOI-5082,2.54811,0.22708083,7.03,0.0221,,1164.91,254.588,0.051204842,4.240122,,5670.0,0.93,0.99665,Transit,2024.0,Transiting Exoplanet Survey Satellite (TESS),43.1406,Neptunian
TOI-5108 b,TOI-5108,6.6,0.58881358,32.0,0.10068326,,1180.0,122.785,0.073,6.753581,,5808.0,1.29,1.1,Transit,2025.0,Transiting Exoplanet Survey Satellite (TESS),130.919,Gas Giant
TOI-5110 b,TOI-5110,11.98240037,1.069,921.7023803,2.9,0.745,976.0,15.1027,0.2157,30.158577,,6160.0,2.333,1.469,Transit,2024.0,Transiting Exoplanet Survey Satellite (TESS),392.259,Gas Giant
TOI-5126 b,TOI-5126,4.74,0.4228752,20.2,0.0634,0.0,1442.0,467.0,0.06519,5.4588385,F V,6150.0,1.241,1.24,Transit,2023.0,Transiting Exoplanet Survey Satellite (TESS),160.414,Neptunian
TOI-5126 c,TOI-5126,3.86,0.34436673,14.2,0.0447,0.0,971.0,96.0,0.1439,17.8999,F V,6150.0,1.241,1.24,Transit,2023.0,Transiting Exoplanet Survey Satellite (TESS),160.414,Neptunian
TOI-5143 c,TOI-5143,16.25302201,1.45,,,,904.48,158.1646,0.05602,5.2097118,K V,5183.0,0.852,0.864,Transit,2025.0,Transiting Exoplanet Survey Satellite (TESS),181.38,Gas Giant
TOI-5153 b,TOI-5153,11.88151954,1.06,1036.12060682,3.26,0.091,906.0,49.5559,0.158,20.33003,F8 V,6300.0,1.4,1.24,Transit,2022.0,Transiting Exoplanet Survey Satellite (TESS),390.484,Gas Giant
TOI-5181 A b,TOI-5181 A,13.34989601,1.191,330.54154328,1.04,0.15,1585.0,1053.0,0.0522,3.8922295,,6060.0,1.53,1.25,Transit,2025.0,Transiting Exoplanet Survey Satellite (TESS),480.155,Gas Giant
TOI-519 b,TOI-519,11.54525012,1.03,147.15455244,0.463,0.33,687.0,54.0,0.0159,1.2652328,M V,3322.0,0.35,0.335,Transit,2021.0,Transiting Exoplanet Survey Satellite (TESS),115.557,Gas Giant
TOI-5205 b,TOI-5205,11.6,1.03,343.0,1.08,0.02,737.0,49.0,0.0199,1.630757,M4.0,3430.0,0.394,0.392,Transit,2023.0,Transiting Exoplanet Survey Satellite (TESS),86.4493,Gas Giant
TOI-521 b,TOI-521,1.98,0.17664407,5.3,0.01667566,0.0,794.0,66.0,0.0195,1.54285047,M3,3544.0,0.421,0.42,Transit,2025.0,Transiting Exoplanet Survey Satellite (TESS),60.9425,Super-Earth
TOI-5210 b,TOI-5210,10.72699453,0.957,81.99972901,0.258,0.066,1286.0,456.0,0.0557,4.5661061,,5723.0,1.209,1.105,Transit,2025.0,Transiting Exoplanet Survey Satellite (TESS),302.086,Gas Giant
TOI-5218 b,TOI-5218,9.86,0.879,657.0,2.06715317,0.0,783.0,62.0,0.0469,4.291452,,4230.0,0.708,0.739,Transit,2024.0,Transiting Exoplanet Survey Satellite (TESS),377.483,Gas Giant
TOI-5232 b,TOI-5232,12.778238,1.14,743.71847238,2.34,0.035,1772.0,1193.86,0.05593,4.0966692,,6500.0,1.785,1.389,Transit,2024.0,Transiting Exoplanet Survey Satellite (TESS),609.388,Gas Giant
TOI-5261 b,TOI-5261,11.60129502,1.035,3651.84839643,11.49,0.1585,1244.0,159.592,0.05134,4.1509768,,5790.0,1.021,1.037,Transit,2025.0,Transiting Exoplanet Survey Satellite (TESS),377.054,Gas Giant
TOI-5293 A b,TOI-5293 A,11.9,1.06,170.4,0.54,0.38,675.0,34.6,0.034,2.930289,M3+/-1,3586.0,0.52,0.54,Transit,2023.0,Transiting Exoplanet Survey Satellite (TESS),162.229,Gas Giant
TOI-530 b,TOI-530,9.30345398,0.83,127.1313628,0.4,0.0,565.0,14.259,0.052,6.387597,M0.5 V,3659.0,0.54,0.53,Transit,2021.0,Transiting Exoplanet Survey Satellite (TESS),148.762,Gas Giant
TOI-5300 b,TOI-5300,9.86390302,0.88,190.6970442,0.6,0.0,1043.0,198.0,0.0295,2.262196,K4 V,4610.0,0.65,0.67,Transit,2025.0,Transiting Exoplanet Survey Satellite (TESS),162.51,Gas Giant
TOI-5301 b,TOI-5301,13.09208946,1.168,1182.32167404,3.72,0.33,1648.0,429.794,0.073,5.858858,,6240.0,2.19,1.483,Transit,2024.0,Transiting Exoplanet Survey Satellite (TESS),629.161,Gas Giant
TOI-5319 b,TOI-5319,2.83,0.25247612,8.4,0.0264,,695.0,38.7885,0.0506,4.07853,M,3580.0,0.485,0.5,Transit,2024.0,Transiting Exoplanet Survey Satellite (TESS),61.171,Neptunian
TOI-532 b,TOI-532,5.82,0.51922652,61.5,0.19350064,0.0,867.0,94.1,0.0296,2.3266508,,3927.0,0.612,0.639,Transit,2021.0,Transiting Exoplanet Survey Satellite (TESS),135.047,Neptunian
TOI-5322 b,TOI-5322,16.6117094,1.482,184.02264765,0.579,0.055,1350.0,554.0,0.0604,5.4233207,,5692.0,1.462,0.998,Transit,2025.0,Transiting Exoplanet Survey Satellite (TESS),476.899,Gas Giant
TOI-5340 b,TOI-5340,15.07607904,1.345,270.15414595,0.85,0.13,1566.0,1004.0,0.0628,4.9394392,,5990.0,1.842,1.35,Transit,2025.0,Transiting Exoplanet Survey Satellite (TESS),532.629,Gas Giant
TOI-5344 b,TOI-5344,10.60369574,0.946,130.94530368,0.412,0.054,689.0,38.0,0.04041,3.792622,,3747.0,0.588,0.612,Transit,2023.0,Transiting Exoplanet Survey Satellite (TESS),138.367,Gas Giant
TOI-5349 b,TOI-5349,10.2,0.91,127.4,0.4,0.03,719.0,44.5,0.0369,3.317921,M1+/-0.5,3751.0,0.58,0.61,Transit,2026.0,Transiting Exoplanet Survey Satellite (TESS),188.336,Gas Giant
TOI-5350 b,TOI-5350,12.41955062,1.108,2094.48920213,6.59,0.0165,1195.0,321.879,0.0796,7.581367,,6220.0,1.263,1.167,Transit,2025.0,Transiting Exoplanet Survey Satellite (TESS),277.419,Gas Giant
TOI-5386 A b,TOI-5386 A,14.70618268,1.312,155.10026262,0.488,0.072,1488.0,817.0,0.04856,3.62156552,,6094.0,1.245,1.165,Transit,2025.0,Transiting Exoplanet Survey Satellite (TESS),394.486,Gas Giant
TOI-5388.01,TOI-5388,0.99,0.08832204,2.2,0.00692197,,488.0,3.3023,0.024335855,2.5946748,M3.0 V,3440.0,0.3,0.292,Transit,2024.0,Transiting Exoplanet Survey Satellite (TESS),18.5226,Terrestrial
TOI-5398 b,TOI-5398,10.3,0.91890603,58.7,0.18469085,0.13,947.0,118.413,0.098,10.590547,G V,6000.0,1.051,1.146,Transit,2022.0,Transiting Exoplanet Survey Satellite (TESS),130.855,Gas Giant
TOI-5398 c,TOI-5398,3.52,0.31403391,11.8,0.03712695,0.14,1242.0,370.603,0.057,4.77271,G V,6000.0,1.051,1.146,Transit,2023.0,Transiting Exoplanet Survey Satellite (TESS),130.855,Neptunian
TOI-540 b,TOI-540,0.903,0.08056026,0.674,0.00212,0.0,611.0,23.4,0.01223,1.2391491,M V,3216.0,0.1895,0.159,Transit,2020.0,Transiting Exoplanet Survey Satellite (TESS),14.0022,Terrestrial
TOI-5422 b,TOI-5422,9.10169233,0.812,8899.195396,28.0,0.094,1369.0,580.0,0.0619,5.377219,,5820.0,1.474,1.066,Transit,2026.0,Transiting Exoplanet Survey Satellite (TESS),346.141,Gas Giant
TOI-544 b,TOI-544,2.018,0.18003421,2.89,0.00909296,0.0,999.0,240.195,0.0225,1.548352,,4169.0,0.623,0.631,Transit,2022.0,Transiting Exoplanet Survey Satellite (TESS),41.1166,Super-Earth
TOI-5542 b,TOI-5542,11.30986153,1.009,419.53349724,1.32,0.018,441.0,9.6,0.332,75.12375,G3 V,5700.0,1.058,0.89,Transit,2022.0,Transiting Exoplanet Survey Satellite (TESS),348.849,Gas Giant
TOI-5573 b,TOI-5573,9.75,0.87,112.0,0.35,0.072,528.0,12.92,0.0712,8.79758977,,3790.0,0.594,0.619,Transit,2025.0,Transiting Exoplanet Survey Satellite (TESS),186.562,Gas Giant
TOI-558 b,TOI-558,12.17295304,1.086,1147.36054927,3.61,0.298,1061.0,248.8554,0.1291,14.574071,F V,6466.0,1.496,1.349,Transit,2021.0,Transiting Exoplanet Survey Satellite (TESS),402.63,Gas Giant
TOI-559 b,TOI-559,12.22899794,1.091,1910.14872607,6.01,0.151,1180.0,404.915,0.0723,6.9839095,G V,5925.0,1.233,1.026,Transit,2021.0,Transiting Exoplanet Survey Satellite (TESS),233.266,Gas Giant
TOI-5592 b,TOI-5592,17.14974047,1.53,285.72773789,0.899,0.062,1789.0,1712.0,0.03935,2.6085846,,6237.0,1.393,1.194,Transit,2025.0,Transiting Exoplanet Survey Satellite (TESS),597.026,Gas Giant
TOI-561 b,TOI-561,1.397,0.12463221,2.02,0.00635563,0.0,2319.0,4709.0,0.01064,0.4465697,G9 V,5342.0,0.843,0.806,Transit,2020.0,Transiting Exoplanet Survey Satellite (TESS),85.799,Terrestrial
TOI-561 c,TOI-561,2.865,0.25559862,5.93,0.01865787,0.023,802.0,67.5,0.0889,10.778838,G9 V,5342.0,0.843,0.806,Transit,2020.0,Transiting Exoplanet Survey Satellite (TESS),85.799,Neptunian
TOI-561 d,TOI-561,2.615,0.23329508,13.33,0.04194087,0.111,600.0,21.2,0.1587,25.71268,G9 V,5342.0,0.843,0.806,Transit,2020.0,Transiting Exoplanet Survey Satellite (TESS),85.799,Neptunian
TOI-561 e,TOI-561,2.517,0.22455209,12.4,0.03901476,0.074,416.0,4.89,0.33,77.144,G9 V,5342.0,0.843,0.806,Transit,2020.0,Transiting Exoplanet Survey Satellite (TESS),85.799,Neptunian
TOI-5616 b,TOI-5616,10.78,0.961,624.0,1.96332356,0.0,939.0,137.0,0.0272,2.002849,,3996.0,0.646,0.666,Transit,2024.0,Transiting Exoplanet Survey Satellite (TESS),390.415,Gas Giant
TOI-5634 A b,TOI-5634 A,10.42,0.923,588.0,1.85005489,0.0,837.0,77.0,0.0272,2.2035373,,3896.0,0.54,0.556,Transit,2024.0,Transiting Exoplanet Survey Satellite (TESS),306.144,Gas Giant
TOI-564 b,TOI-564,11.43318,1.02,464.98529,1.463,0.072,1714.0,1423.0,0.02734,1.651144,,5640.0,1.088,0.998,Transit,2020.0,Transiting Exoplanet Survey Satellite (TESS),199.581,Gas Giant
TOI-5678 b,TOI-5678,4.91,0.43804161,20.0,0.06292704,0.14,513.0,3.8369,0.249,47.73022,G7 V,5485.0,0.938,0.905,Transit,2023.0,Transiting Exoplanet Survey Satellite (TESS),165.393,Neptunian
TOI-5688 A b,TOI-5688 A,10.3,0.92,124.0,0.39,0.128,742.0,50.3,0.03379,2.94815527,,3713.0,0.57,0.6,Transit,2024.0,Transiting Exoplanet Survey Satellite (TESS),226.318,Gas Giant
TOI-5713 b,TOI-5713,1.77,0.1579091,3.78,0.0119,0.24,347.2,2.2554,0.06008,10.441989,M3.5+/-0.5,3225.0,0.2992,0.2653,Transit,2024.0,Transiting Exoplanet Survey Satellite (TESS),40.8668,Super-Earth
TOI-5720 b,TOI-5720,1.09,0.09724345,4.3,0.01352931,,708.0,41.7,0.018288,1.4344555,M3.5 +/- 1.0,3325.0,0.383,0.383,Transit,2024.0,Transiting Exoplanet Survey Satellite (TESS),35.8256,Terrestrial
TOI-5726.01,TOI-5726,2.554,0.22785301,7.05,0.0222,,1093.03,338.95,0.062186,5.491125215,,5874.0,1.106,1.06,Transit,2024.0,Transiting Exoplanet Survey Satellite (TESS),108.848,Neptunian
TOI-5734 b,TOI-5734,2.1,0.18734977,9.1,0.0286318,,688.0,56.3778,0.05921,6.1841876,K3-K4 V,4750.0,0.639,0.724,Transit,2026.0,Transiting Exoplanet Survey Satellite (TESS),32.5102,Super-Earth
TOI-5786 b,TOI-5786,8.54,0.76188908,73.0,0.22968369,,1040.0,374.462,0.114,12.779107,,6235.0,1.36,1.23,Transit,2025.0,Transiting Exoplanet Survey Satellite (TESS),192.475,Gas Giant
TOI-5788 b,TOI-5788,1.528,0.13631926,3.72,0.01170443,0.061,910.0,175.1,0.064,6.340758,,5615.0,0.87,0.87,Transit,2026.0,Transiting Exoplanet Survey Satellite (TESS),97.614,Super-Earth
TOI-5788 c,TOI-5788,2.272,0.20269461,6.4,0.02013665,0.046,667.0,49.8,0.1197,16.213362,,5615.0,0.87,0.87,Transit,2026.0,Transiting Exoplanet Survey Satellite (TESS),97.614,Super-Earth
TOI-5789 b,TOI-5789,1.26,0.112,2.12,0.00667027,0.0,1201.0,,0.03608,2.76369,K1 V,5185.0,0.833,0.821,Radial Velocity,2026.0,Multiple Observatories,20.4581,Terrestrial
TOI-5789 c,TOI-5789,2.86,0.25515255,5.0,0.01573176,0.067,718.0,8.7194,0.1009,12.927748,K1 V,5185.0,0.833,0.821,Transit,,Transiting Exoplanet Survey Satellite (TESS),20.4581,Neptunian
TOI-5789 d,TOI-5789,1.91,0.17,4.29,0.01349785,0.096,545.0,,0.1756,29.65,K1 V,5185.0,0.833,0.821,Radial Velocity,2026.0,Multiple Observatories,20.4581,Super-Earth
TOI-5789 e,TOI-5789,3.43,0.306,11.61,0.03652915,0.071,424.0,,0.2901,62.98,K1 V,5185.0,0.833,0.821,Radial Velocity,2026.0,Multiple Observatories,20.4581,Neptunian
TOI-5795 b,TOI-5795,5.62,0.50138368,23.66,0.07444269,0.25,1136.78,240.6761,0.064,6.1406325,G3 V,5715.0,1.082,0.901,Transit,2025.0,Transiting Exoplanet Survey Satellite (TESS),156.53,Neptunian
TOI-5799 b,TOI-5799,1.733,0.15460817,3.65,0.0115,,505.0,11.91,0.0348,4.164507,M2 V,3452.0,0.321,0.325,Transit,2024.0,Transiting Exoplanet Survey Satellite (TESS),27.8123,Super-Earth
TOI-5799 c,TOI-5799,1.76,0.15701695,3.75,0.0118,,337.0,,0.0782,14.010449,M2 V,3452.0,0.321,0.325,Transit,2025.0,Transiting Exoplanet Survey Satellite (TESS),27.8123,Super-Earth
TOI-5800 b,TOI-5800,2.46,0.21946688,9.5,0.02989034,0.3,1108.0,274.163,0.0344,2.6278838,K3 V,4850.0,0.773,0.778,Transit,2025.0,Transiting Exoplanet Survey Satellite (TESS),42.9052,Super-Earth
TOI-5817 b,TOI-5817,3.08,0.27477967,10.3,0.03240742,0.2,950.0,126.8632,0.1223,15.61031,G2 IV-V,5770.0,1.427,0.97,Transit,2025.0,Transiting Exoplanet Survey Satellite (TESS),80.7542,Neptunian
TOI-5882 b,TOI-5882,11.46678726,1.023,6995.40323807,22.01,0.0339,1515.0,4792.5,0.0804,7.148972,,5920.0,2.26,1.334,Transit,2025.0,Transiting Exoplanet Survey Satellite (TESS),416.104,Gas Giant
TOI-5938 b,TOI-5938,3.82,0.34079816,14.0,0.044,,1077.0,249.273,0.0308,2.260424,,4650.0,0.712,0.744,Transit,2026.0,Transiting Exoplanet Survey Satellite (TESS),114.035,Neptunian
TOI-6002 b,TOI-6002,1.65,0.14720339,3.36,0.0106,0.15,321.4,1.6823,0.05722,10.904821,M3.5+/-0.5,3229.0,0.2432,0.2101,Transit,2024.0,Transiting Exoplanet Survey Satellite (TESS),32.0266,Super-Earth
TOI-6008 b,TOI-6008,1.03,0.0918906,4.0,0.01258541,,707.0,41.5,0.010777,0.8574347,M5.0,3075.0,0.242,0.23,Transit,2024.0,Transiting Exoplanet Survey Satellite (TESS),23.1008,Terrestrial
TOI-6016 b,TOI-6016,13.67495645,1.22,371.85923619,1.17,0.0,1890.0,940.0,0.055,4.023687,F,6110.0,1.51,1.31,Transit,2024.0,Transiting Exoplanet Survey Satellite (TESS),364.715,Gas Giant
TOI-6034 b,TOI-6034,11.92,1.063,254.0,0.798,0.04,714.0,43.0,0.02949,2.576184,,3635.0,0.489,0.514,Transit,2024.0,Transiting Exoplanet Survey Satellite (TESS),117.992,Gas Giant
TOI-6038 A b,TOI-6038 A,6.41,0.57186288,78.5,0.24698862,,1439.0,716.0,0.069,5.8267311,,6110.0,1.648,1.291,Transit,2025.0,Transiting Exoplanet Survey Satellite (TESS),179.147,Gas Giant
TOI-6041 b,TOI-6041,4.55,0.40592451,28.9,0.09092957,,605.6,22.4,0.1651,26.04945,G7,5445.0,0.879,0.885,Transit,2025.0,Transiting Exoplanet Survey Satellite (TESS),72.4731,Neptunian
TOI-6041 c,TOI-6041,10.5,0.938,77.9,0.24510081,,403.5,4.42,0.3721,88.0,G7,5445.0,0.879,0.885,Radial Velocity,2025.0,Multiple Observatories,72.4731,Gas Giant
TOI-6054.01,TOI-6054,2.64,0.23552543,12.5,0.0393294,0.164,1360.0,570.0,0.0763,7.501428,,6047.0,1.662,1.107,Transit,2024.0,Transiting Exoplanet Survey Satellite (TESS),79.407,Neptunian
TOI-6054.02,TOI-6054,2.82,0.25158398,9.3,0.02926107,0.332,1143.0,285.0,0.1079,12.563636,,6047.0,1.662,1.107,Transit,2024.0,Transiting Exoplanet Survey Satellite (TESS),79.407,Neptunian
TOI-6086 b,TOI-6086,1.18,0.10527273,1.76,0.00553,,634.0,26.8,0.01541,1.3888725,M3.0,3200.0,0.259,0.254,Transit,2024.0,Transiting Exoplanet Survey Satellite (TESS),31.4566,Terrestrial
TOI-6109 b,TOI-6109,4.8704,0.43450873,21.1,0.0664,,700.0,39.9451,0.0599,5.690476,G3,5660.0,1.021,1.03,Transit,2025.0,Transiting Exoplanet Survey Satellite (TESS),151.738,Neptunian
TOI-6109 c,TOI-6109,4.8326,0.43113644,20.8,0.0655,,786.0,63.3913,0.0786,8.538878,G3,5660.0,1.021,1.03,Transit,2025.0,Transiting Exoplanet Survey Satellite (TESS),151.738,Neptunian
TOI-6130 b,TOI-6130,14.3474953,1.28,333.71982735,1.05,0.036,1750.0,1150.0,0.036,2.392679,F,6110.0,1.51,1.31,Transit,2024.0,Transiting Exoplanet Survey Satellite (TESS),220.882,Gas Giant
TOI-615 b,TOI-615,18.97680433,1.693,138.25535705,0.435,0.39,1666.0,1286.0,0.0678,4.6615983,F2 V,6850.0,1.732,1.449,Transit,2023.0,Transiting Exoplanet Survey Satellite (TESS),360.408,Gas Giant
TOI-620 b,TOI-620,3.76,0.33544531,13.6,0.0428,0.22,603.6,20.8,0.04825,5.0988179,M2.5 V,3708.0,0.55,0.577,Transit,2022.0,Transiting Exoplanet Survey Satellite (TESS),33.0231,Neptunian
TOI-622 b,TOI-622,9.2362001,0.824,96.30200732,0.303,0.42,1388.0,602.0,0.0708,6.402513,F6 V,6400.0,1.415,1.313,Transit,2023.0,Transiting Exoplanet Survey Satellite (TESS),123.297,Gas Giant
TOI-6223 b,TOI-6223,5.07,0.45231588,22.6,0.0711,,714.0,41.8646,0.04018,3.855219,M0 V,3895.0,0.576,0.582,Transit,2025.0,Transiting Exoplanet Survey Satellite (TESS),133.122,Neptunian
TOI-628 b,TOI-628,11.88154,1.06,2011.8639,6.33,0.072,1586.0,1052.9,0.0486,3.4095675,,6250.0,1.345,1.311,Transit,2021.0,Transiting Exoplanet Survey Satellite (TESS),178.68,Gas Giant
TOI-6303 b,TOI-6303,11.59,1.034,2493.0,7.84,0.02,541.0,14.28,0.0761,9.485236,,3977.0,0.609,0.644,Transit,2025.0,Transiting Exoplanet Survey Satellite (TESS),152.219,Gas Giant
TOI-6330 b,TOI-6330,10.89,0.972,3179.0,10.0,0.34,495.0,9.97,0.05763,6.8500246,,3539.0,0.49,0.531,Transit,2025.0,Transiting Exoplanet Survey Satellite (TESS),139.042,Gas Giant
TOI-6383 A b,TOI-6383 A,11.29,1.008,331.0,1.04,0.05,745.0,51.3,0.02292,1.79058695,M3,3444.0,0.457,0.458,Transit,2024.0,Transiting Exoplanet Survey Satellite (TESS),171.319,Gas Giant
TOI-640 b,TOI-640,19.2794468,1.72,181.16219199,0.57,0.013,1816.0,1150.12,0.06608,5.003777,,6460.0,2.082,1.536,Transit,2021.0,Transiting Exoplanet Survey Satellite (TESS),341.997,Gas Giant
TOI-6420 b,TOI-6420,11.93756445,1.065,2606.1929374,8.2,0.078,1213.0,106.619,0.0753,6.961508,,6020.0,1.312,1.165,Transit,2025.0,Transiting Exoplanet Survey Satellite (TESS),634.712,Gas Giant
TOI-6448 b,TOI-6448,8.47398941,0.756,54.0,0.17,0.2,745.0,28.1152,0.131,14.844261,,5910.0,0.897,1.03,Transit,2025.0,Transiting Exoplanet Survey Satellite (TESS),386.879,Gas Giant
TOI-6478 b,TOI-6478,4.6,0.411,19.2,0.0603,,204.4,0.0003,0.1136,34.005019,M4.0+/-0.5,3230.0,0.234,0.23,Transit,2025.0,Transiting Exoplanet Survey Satellite (TESS),38.6057,Neptunian
TOI-654.01,TOI-654,2.378,0.21215132,8.71,0.02740472,0.0,794.0,65.0,0.01944,1.527561,M2 V,3521.0,0.43,0.419,Transit,2024.0,Transiting Exoplanet Survey Satellite (TESS),57.7553,Super-Earth
TOI-6628 b,TOI-6628,10.98480109,0.98,235.19302118,0.74,0.67,833.0,20.0861,0.134,18.18424,,5463.0,1.01,0.97,Transit,2025.0,Transiting Exoplanet Survey Satellite (TESS),320.527,Gas Giant
TOI-663 b,TOI-663,2.27,0.20251618,4.45,0.01400127,,674.0,49.1,0.0295,2.598902,M1 V,3681.0,0.512,0.514,Transit,2024.0,Transiting Exoplanet Survey Satellite (TESS),64.2308,Super-Earth
TOI-663 c,TOI-663,2.26,0.20162404,3.65,0.01148418,,553.0,22.3,0.0437,4.6955507,M1 V,3681.0,0.512,0.514,Transit,2024.0,Transiting Exoplanet Survey Satellite (TESS),64.2308,Super-Earth
TOI-663 d,TOI-663,1.92,0.17129122,5.2,0.01636103,,482.0,12.9,0.0576,7.1027268,M1 V,3681.0,0.512,0.514,Transit,2024.0,Transiting Exoplanet Survey Satellite (TESS),64.2308,Super-Earth
TOI-6651 b,TOI-6651,5.09,0.45410017,61.0,0.19192746,0.091,1493.0,817.0,0.0633,5.056973,,5940.0,1.721,1.323,Transit,2024.0,Transiting Exoplanet Survey Satellite (TESS),212.128,Neptunian
TOI-669 b,TOI-669,2.58606487,0.23071365,10.0,0.03146352,0.0,1124.85,388.2,0.048,3.945152,,5597.0,0.9882,0.9245,Transit,2023.0,Transiting Exoplanet Survey Satellite (TESS),142.867,Neptunian
TOI-6692 b,TOI-6692,11.67975789,1.042,197.05361234,0.62,0.537,467.0,182.3533,0.512,131.125,,5890.0,1.385,1.047,Transit,2026.0,Transiting Exoplanet Survey Satellite (TESS),312.903,Gas Giant
TOI-6695 b,TOI-6695,9.52763359,0.85,66.74396547,0.21,0.04,599.0,85.9385,0.402,80.389,F5V-G0V,6400.0,1.517,1.338,Transit,2025.0,Transiting Exoplanet Survey Satellite (TESS),282.536,Gas Giant
TOI-6695 c,TOI-6695,13.6,1.21,460.85119015,1.45,0.022,415.0,,0.838,242.4,F5V-G0V,6400.0,1.517,1.338,Radial Velocity,2025.0,Multiple Observatories,282.536,Gas Giant
TOI-6716 b,TOI-6716,0.982,0.0876,0.911,0.00287,0.88,369.0,4.4,0.0319,4.7185898,M4,3110.0,0.231,0.223,Transit,2026.0,Transiting Exoplanet Survey Satellite (TESS),18.8873,Terrestrial
TOI-674 b,TOI-674,5.25,0.46837443,23.6,0.0742539,0.0,635.0,38.4,0.025,1.977143,M2 V,3514.0,0.42,0.42,Transit,2021.0,Transiting Exoplanet Survey Satellite (TESS),46.0851,Neptunian
TOI-677 b,TOI-677,13.11450742,1.17,392.20025424,1.234,0.46,1252.0,37.6345,0.1041,11.2365985,F8,6295.0,1.28,1.181,Transit,2020.0,Transiting Exoplanet Survey Satellite (TESS),141.812,Gas Giant
TOI-6894 b,TOI-6894,9.5836785,0.855,53.39517238,0.168,0.029,417.9,5.54,0.02604,3.37077196,,3007.0,0.2276,0.207,Transit,2025.0,Transiting Exoplanet Survey Satellite (TESS),73.8131,Gas Giant
TOI-700 b,TOI-700,0.914,0.08154176,0.704,0.00222,0.075,417.0,4.98,0.0677,9.977219,M2.5 V,3459.0,0.421,0.415,Transit,2020.0,Transiting Exoplanet Survey Satellite (TESS),31.1265,Terrestrial
TOI-700 c,TOI-700,2.6,0.23195686,7.27,0.0229,0.068,356.0,2.64,0.0929,16.051137,M2.5 V,3459.0,0.421,0.415,Transit,2020.0,Transiting Exoplanet Survey Satellite (TESS),31.1265,Neptunian
TOI-700 d,TOI-700,1.073,0.09572681,1.25,0.00394,0.042,268.8,0.85,0.1633,37.42396,M2.5 V,3459.0,0.421,0.415,Transit,2020.0,Transiting Exoplanet Survey Satellite (TESS),31.1265,Terrestrial
TOI-700 e,TOI-700,0.953,0.08502111,0.818,0.00257,0.059,272.9,1.27,0.134,27.80978,M2.5 V,3459.0,0.421,0.415,Transit,2023.0,Transiting Exoplanet Survey Satellite (TESS),31.1265,Terrestrial
TOI-7009 b,TOI-7009,3.71,0.3309846,13.3,0.0418,,872.0,42.4124,0.0287,2.3206612,,4080.0,0.564,0.583,Transit,2026.0,Transiting Exoplanet Survey Satellite (TESS),184.12,Neptunian
TOI-712 b,TOI-712,2.049,0.18279985,4.85,0.0153,0.54,650.0,22.6,0.07928,9.531361,K4.5 V,4622.0,0.674,0.732,Transit,2022.0,Transiting Exoplanet Survey Satellite (TESS),58.6212,Super-Earth
TOI-712 c,TOI-712,2.701,0.24096749,7.76,0.0244,0.089,369.9,3.08,0.2447,51.69906,K4.5 V,4622.0,0.674,0.732,Transit,2022.0,Transiting Exoplanet Survey Satellite (TESS),58.6212,Neptunian
TOI-712 d,TOI-712,2.474,0.22071588,6.68,0.021,0.073,313.6,1.6,0.3405,84.8396,K4.5 V,4622.0,0.674,0.732,Transit,2022.0,Transiting Exoplanet Survey Satellite (TESS),58.6212,Super-Earth
TOI-7149 b,TOI-7149,13.2,1.18,224.0,0.705,0.078,593.0,20.6,0.02603,2.65206166,M4 V,3363.0,0.351,0.344,Transit,2025.0,Transiting Exoplanet Survey Satellite (TESS),126.126,Gas Giant
TOI-715 b,TOI-715,1.55,0.13828198,3.02,0.00951,,234.0,0.67,0.083,19.288004,M4,3075.0,0.24,0.225,Transit,2023.0,Transiting Exoplanet Survey Satellite (TESS),42.4048,Super-Earth
TOI-7166 b,TOI-7166,2.01,0.1793205,4.7,0.0148,0.0,249.0,1.07,0.06191,12.92063621,M4.5+/-0.5,3099.0,0.222,0.19,Transit,2025.0,Transiting Exoplanet Survey Satellite (TESS),35.4153,Super-Earth
TOI-733 b,TOI-733,1.992,0.17771464,5.72,0.01799713,0.046,1055.8,207.1,0.0618,4.884765,G,5585.0,0.949,0.956,Transit,2023.0,Transiting Exoplanet Survey Satellite (TESS),75.2092,Super-Earth
TOI-7384 b,TOI-7384,3.56,0.318,12.4,0.039,0.4,378.0,4.9,0.0439,6.2340258,M4,3185.0,0.319,0.318,Transit,2026.0,Transiting Exoplanet Survey Satellite (TESS),66.7902,Neptunian
TOI-7510 b,TOI-7510,7.31,0.652,18.1,0.0571,0.0572,878.0,1678.5119,0.1019,11.530869,G3,5720.0,1.035,1.063,Transit,2025.0,Transiting Exoplanet Survey Satellite (TESS),249.006,Gas Giant
TOI-7510 c,TOI-7510,10.81,0.964,131.0,0.412,0.0091,702.0,92.4087,0.1595,22.5687423,G3,5720.0,1.035,1.063,Transit,2025.0,Transiting Exoplanet Survey Satellite (TESS),249.006,Gas Giant
TOI-7510 d,TOI-7510,10.52,0.939,190.0,0.597,0.04,542.4,20.6036,0.2672,48.864468,G3,5720.0,1.035,1.063,Transit,2025.0,Transiting Exoplanet Survey Satellite (TESS),249.006,Gas Giant
TOI-756 b,TOI-756,2.81,0.25069184,9.83,0.03092864,0.0,934.0,127.0,0.018,1.2392495,M1 V,3657.0,0.505,0.505,Transit,2025.0,Transiting Exoplanet Survey Satellite (TESS),86.1759,Neptunian
TOI-756 c,TOI-756,13.0,1.16,1287.20504835,4.05,0.445,194.0,0.24,0.439,149.4,M1 V,3657.0,0.505,0.505,Radial Velocity,2025.0,La Silla Observatory,86.1759,Gas Giant
TOI-757 b,TOI-757,2.5,0.22303545,10.5,0.03303669,0.39,641.0,24.3644,0.122,17.46819,K0 V,5278.0,0.78,0.8,Transit,2024.0,Transiting Exoplanet Survey Satellite (TESS),60.3418,Super-Earth
TOI-762 A b,TOI-762 A,8.33948164,0.744,79.77493016,0.251,0.083,555.4,17.0012,0.03418,3.4716826,,3266.0,0.425,0.442,Transit,2024.0,Transiting Exoplanet Survey Satellite (TESS),98.4458,Gas Giant
TOI-763 b,TOI-763,2.28,0.20340798,9.79,0.03080263,0.04,1038.0,182.935,0.06,5.6057,G,5450.0,0.897,0.917,Transit,2020.0,Transiting Exoplanet Survey Satellite (TESS),95.1274,Super-Earth
TOI-763 c,TOI-763,2.63,0.23463288,9.32,0.02932385,0.04,800.0,64.3196,0.1011,12.2737,G,5450.0,0.897,0.917,Transit,2020.0,Transiting Exoplanet Survey Satellite (TESS),95.1274,Neptunian
TOI-771 b,TOI-771,1.36,0.12133128,2.47,0.00777149,0.055,543.0,14.0,0.0208,2.3260155,M3,3370.0,0.232,0.22,Transit,2024.0,Transiting Exoplanet Survey Satellite (TESS),25.2788,Terrestrial
TOI-771 c,TOI-771,1.5,0.134,2.87,0.00903003,0.065,365.0,3.0,0.046,7.61,M3,3370.0,0.232,0.22,Radial Velocity,2025.0,Paranal Observatory,25.2788,Super-Earth
TOI-776 b,TOI-776,1.798,0.16040709,5.0,0.01573176,0.052,520.0,11.5,0.0653,8.24662,M1 V,3725.0,0.547,0.542,Transit,2020.0,Transiting Exoplanet Survey Satellite (TESS),27.1701,Super-Earth
TOI-776 c,TOI-776,2.047,0.18262142,6.9,0.02170983,0.089,420.0,4.9,0.1001,15.665323,M1 V,3725.0,0.547,0.542,Transit,2020.0,Transiting Exoplanet Survey Satellite (TESS),27.1701,Super-Earth
TOI-778 b,TOI-778,15.4,1.37,878.0,2.8,0.21,1561.0,734.672,0.06,4.633611,F3 V,6643.0,1.71,1.4,Transit,2023.0,Transiting Exoplanet Survey Satellite (TESS),161.743,Gas Giant
TOI-782 b,TOI-782,2.734,0.24391156,19.1,0.06009532,0.19,435.0,5.91,0.0578,8.0240015,,3370.0,0.413,0.397,Transit,2024.0,Transiting Exoplanet Survey Satellite (TESS),52.5122,Neptunian
TOI-784 b,HD 307842,1.93,0.17218336,9.67,0.03042522,0.0,1256.0,413.894,0.038,2.7970365,G,5558.0,0.907,0.91,Transit,2023.0,Transiting Exoplanet Survey Satellite (TESS),64.5997,Super-Earth
TOI-813 b,TOI-813,6.71,0.5986261,36.4,0.114,0.0,610.0,23.1,0.423,83.8911,G0 IV,5907.0,1.94,1.32,Transit,2020.0,Transiting Exoplanet Survey Satellite (TESS),263.145,Gas Giant
TOI-815 b,TOI-815,2.94,0.26228968,7.6,0.02391227,0.2,686.0,36.9,0.0903,11.197259,K3 V,4869.0,0.77,0.776,Transit,2024.0,Transiting Exoplanet Survey Satellite (TESS),59.7117,Neptunian
TOI-815 c,TOI-815,2.62,0.23374115,23.5,0.07393927,0.22,469.0,8.03,0.193,34.976145,K3 V,4869.0,0.77,0.776,Transit,2024.0,Transiting Exoplanet Survey Satellite (TESS),59.7117,Neptunian
TOI-824 b,TOI-824,2.926,0.26104024,18.467,0.05810339,,1253.0,412.0,0.02177,1.392978,K4 V,4600.0,0.695,0.71,Transit,2020.0,Transiting Exoplanet Survey Satellite (TESS),63.9262,Neptunian
TOI-833 b,TOI-833,1.27,0.11330201,2.15,0.00678,,1118.0,270.0682,0.0171,1.0418777,,3920.0,0.6,0.61,Transit,2022.0,Transiting Exoplanet Survey Satellite (TESS),41.7148,Terrestrial
TOI-836 b,TOI-836,1.704,0.15202096,4.53,0.01425297,0.053,871.0,78.838,0.0422,3.81673,K V,4552.0,0.665,0.678,Transit,2023.0,Transiting Exoplanet Survey Satellite (TESS),27.5024,Super-Earth
TOI-836.01,TOI-836,2.587,0.23079708,9.6,0.03020498,0.078,665.0,26.707,0.075,8.59545,K V,4552.0,0.665,0.678,Transit,2021.0,Transiting Exoplanet Survey Satellite (TESS),27.5024,Neptunian
TOI-837 b,TOI-837,9.16894621,0.818,120.45696625,0.379,0.0,995.3,164.0,0.0888,8.3249113,F9/G0,5995.0,1.052,1.142,Transit,2020.0,Transiting Exoplanet Survey Satellite (TESS),142.488,Gas Giant
TOI-849 b,TOI-849,3.64,0.32473961,41.8,0.13151751,0.0,1932.0,2314.06,0.0155,0.765548,G,5257.0,0.97,0.97,Transit,2020.0,Transiting Exoplanet Survey Satellite (TESS),225.734,Neptunian
TOI-858 B b,TOI-858 B,14.06727078,1.255,349.6112477,1.1,0.15,1529.0,908.9,0.04435,3.2797178,G0,5842.0,1.308,1.081,Transit,2023.0,Transiting Exoplanet Survey Satellite (TESS),250.489,Gas Giant
TOI-871 b,TOI-871,1.664,0.14845239,3.41,0.0107,,621.0,24.78,0.1054,14.362565,,4929.0,0.719,0.758,Transit,2024.0,Transiting Exoplanet Survey Satellite (TESS),68.0473,Super-Earth
TOI-880 c,TOI-880,4.95,0.44161018,21.7,0.0683,,805.0,73.9967,0.0635,6.3872703,K,5050.0,0.83,0.87,Transit,2025.0,Transiting Exoplanet Survey Satellite (TESS),60.6679,Neptunian
TOI-880.02,TOI-880,2.19,0.19537905,5.43,0.0171,,1085.0,301.8661,0.0349,2.57571,K,5050.0,0.83,0.87,Transit,2024.0,Transiting Exoplanet Survey Satellite (TESS),60.6679,Super-Earth
TOI-892 b,TOI-892,11.99363,1.07,301.9385,0.95,0.125,1397.0,571.007,0.092,10.62656,F,6261.0,1.39,1.28,Transit,2020.0,Transiting Exoplanet Survey Satellite (TESS),340.543,Gas Giant
TOI-904 b,TOI-904,2.426,0.2164336,6.46,0.0203,,429.43,8.3169,0.056,10.8772,,3770.2,0.527,0.557,Transit,2023.0,Transiting Exoplanet Survey Satellite (TESS),46.0891,Super-Earth
TOI-904 c,TOI-904,2.167,0.19332712,5.34,0.0168,,217.26,0.5449,0.312,83.9997,,3770.2,0.527,0.557,Transit,2023.0,Transiting Exoplanet Survey Satellite (TESS),46.0891,Super-Earth
TOI-905 b,TOI-905,13.125739,1.171,211.99261,0.667,0.024,1192.0,337.0,0.04666,3.739494,,5570.0,0.918,0.968,Transit,2020.0,Transiting Exoplanet Survey Satellite (TESS),158.649,Gas Giant
TOI-907.01,TOI-907,9.6158851,0.85694229,67.0,0.211,,1846.6,1729.6714,0.055225481,4.5849129,,6272.0,2.059789,1.069357,Transit,2024.0,Transiting Exoplanet Survey Satellite (TESS),312.529,Gas Giant
TOI-908 b,TOI-908,3.186,0.28423637,16.137,0.05077268,0.132,1317.0,80.884,0.041657,3.183792,G V,5626.0,1.028,0.95,Transit,2023.0,Transiting Exoplanet Survey Satellite (TESS),175.748,Neptunian
TOI-912 b,TOI-912,1.93,0.17218336,5.1,0.01604639,0.58,551.0,15.0,0.041,4.6780691,M3,3572.0,0.419,0.418,Transit,2025.0,Transiting Exoplanet Survey Satellite (TESS),26.1072,Super-Earth
TOI-942 b,TOI-942,3.89,0.34704315,16.0,0.05034138,0.34,1120.0,261.858,0.04866,4.32421,K2.5 V,4969.0,0.894,0.822,Transit,2020.0,Transiting Exoplanet Survey Satellite (TESS),152.601,Neptunian
TOI-942 c,TOI-942,4.67,0.41663021,37.0,0.11641444,0.32,,,0.08598,10.156272,K2.5 V,4969.0,0.894,0.822,Transit,2020.0,Transiting Exoplanet Survey Satellite (TESS),152.601,Neptunian
TOI-954 b,TOI-954,9.550068,0.852,55.30242,0.174,0.14,1526.0,1393.0,0.04963,3.6849729,,5710.0,1.892,1.201,Transit,2020.0,Transiting Exoplanet Survey Satellite (TESS),238.768,Gas Giant
TOI-969 b,TOI-969,2.765,0.2466772,9.1,0.0286318,,941.0,188.0,0.02636,1.8237305,K V,4435.0,0.671,0.734,Transit,2022.0,Transiting Exoplanet Survey Satellite (TESS),77.2554,Neptunian
TOI-969 c,TOI-969,12.4,1.11,3591.4609991,11.3,0.628,96.4,0.0208,2.52,1700.0,K V,4435.0,0.671,0.734,Radial Velocity,2022.0,Multiple Observatories,77.2554,Gas Giant
TRAPPIST-1 b,TRAPPIST-1,1.116,0.09956302,1.374,0.00432309,0.00622,397.6,4.153,0.01154,1.510826,M8.0 V,2566.0,0.1192,0.0898,Transit,2016.0,La Silla Observatory,12.42988881,Terrestrial
TRAPPIST-1 c,TRAPPIST-1,1.097,0.09786795,1.308,0.00411543,0.00654,339.7,2.214,0.0158,2.421937,M8.0 V,2566.0,0.1192,0.0898,Transit,2016.0,La Silla Observatory,12.42988881,Terrestrial
TRAPPIST-1 d,TRAPPIST-1,0.788,0.07030077,0.388,0.00122078,0.00837,286.2,1.115,0.02227,4.049219,M8.0 V,2566.0,0.1192,0.0898,Transit,2016.0,La Silla Observatory,12.42988881,Terrestrial
TRAPPIST-1 e,TRAPPIST-1,0.92,0.08207704,0.692,0.00217728,0.0051,249.7,0.646,0.02925,6.101013,M8.0 V,2566.0,0.1192,0.0898,Transit,2017.0,Multiple Observatories,12.42988881,Terrestrial
TRAPPIST-1 f,TRAPPIST-1,1.045,0.09322882,1.039,0.00326906,0.01007,217.7,0.373,0.03849,9.20754,M8.0 V,2566.0,0.1192,0.0898,Transit,2017.0,Multiple Observatories,12.42988881,Terrestrial
TRAPPIST-1 g,TRAPPIST-1,1.129,0.10072281,1.321,0.00415633,0.00208,197.3,0.252,0.04683,12.352446,M8.0 V,2566.0,0.1192,0.0898,Transit,2017.0,Multiple Observatories,12.42988881,Terrestrial
TRAPPIST-1 h,TRAPPIST-1,0.755,0.0673567,0.326,0.00102571,0.00567,171.7,0.144,0.06189,18.772866,M8.0 V,2566.0,0.1192,0.0898,Transit,2017.0,Multiple Observatories,12.42988881,Terrestrial
TYC 0434-04538-1 b,TYC 0434-04538-1,12.7,1.14,1938.763,6.1,0.08,,,0.66,193.2,,4679.0,9.99,1.04,Radial Velocity,2021.0,Multiple Observatories,613.422,Gas Giant
TYC 1422-614-1 b,TYC 1422-614-1,13.3,1.18,794.5,2.5,0.06,,,0.69,198.4,,4806.0,6.85,1.15,Radial Velocity,2014.0,Multiple Observatories,672.41,Gas Giant
TYC 1422-614-1 c,TYC 1422-614-1,12.5,1.11,3178.0,10.0,0.048,,,1.37,559.3,,4806.0,6.85,1.15,Radial Velocity,2014.0,Multiple Observatories,672.41,Gas Giant
TYC 2187-512-1 b,TYC 2187-512-1,12.5,1.12,104.88337431,0.33,0.05,,,1.22,691.9,M1.0 V,3734.0,0.495,0.498,Radial Velocity,2022.0,Calar Alto Observatory,15.4744,Gas Giant
TYC 3318-01333-1 b,TYC 3318-01333-1,13.1,1.17,1086.9786,3.42,0.098,,,1.414,562.0,,4776.0,5.9,1.19,Radial Velocity,2018.0,Multiple Observatories,490.61,Gas Giant
TYC 3667-1280-1 b,TYC 3667-1280-1,12.8,1.14,1716.282,5.4,0.036,1350.0,,0.21,26.468,,5130.0,6.26,1.87,Radial Velocity,2016.0,McDonald Observatory,477.516,Gas Giant
TYC 4282-00605-1 b,TYC 4282-00605-1,12.4,1.11,3426.2074,10.78,0.28,,,0.422,101.54,,4300.0,16.21,0.97,Radial Velocity,2017.0,Roque de los Muchachos Observatory,464.128,Gas Giant
TYC 8998-760-1 b,TYC 8998-760-1,12.3,1.1,4449.62,14.0,,,,162.0,,K3 IV,4573.0,0.953811,1.0,Imaging,2020.0,Paranal Observatory,94.6177,Gas Giant
TYC 8998-760-1 c,TYC 8998-760-1,12.3299,1.1,1906.98,6.0,,1240.0,,320.0,,K3 IV,4573.0,0.953811,1.0,Imaging,2020.0,Paranal Observatory,94.6177,Gas Giant
Teegarden's Star b,Teegarden's Star,1.05,0.0937,1.16,0.00364977,0.03,277.0,1.08,0.0259,4.90634,M7.0 V,3034.0,0.12,0.097,Radial Velocity,2019.0,Calar Alto Observatory,3.83078,Terrestrial
Teegarden's Star c,Teegarden's Star,1.02,0.0912,1.05,0.00330367,0.04,209.0,0.35,0.0455,11.416,M7.0 V,3034.0,0.12,0.097,Radial Velocity,2019.0,Calar Alto Observatory,3.83078,Terrestrial
Teegarden's Star d,Teegarden's Star,0.954,0.0851,0.82,0.00258001,0.07,159.0,0.12,0.0791,26.13,M7.0 V,3034.0,0.12,0.097,Radial Velocity,2024.0,Multiple Observatories,3.83078,Terrestrial
TrES-1 b,TrES-1,12.66617,1.13,266.9772,0.84,0.0,1140.0,318.4582,0.03925,3.03007,K0 V,5230.0,0.85,1.04,Transit,2004.0,TrES,159.658,Gas Giant
TrES-2 b,TrES-2,15.24424,1.36,473.5667,1.49,0.0,1466.0,903.864,0.03568,2.47063,G0 V,5850.0,1.12,1.36,Transit,2006.0,TrES,215.32,Gas Giant
TrES-3 b,TrES-3,14.975,1.336,607.03,1.91,0.0,1638.0,1025.5022,0.02282,1.30618581,G4 V,5650.0,0.829,0.928,Transit,2007.0,TrES,231.337,Gas Giant
TrES-4 b,TrES-4,18.04649,1.61,247.9074,0.78,0.0,1778.0,2276.295,0.05084,3.55395,F8 V,6200.0,1.66,1.08,Transit,2007.0,TrES,515.98,Gas Giant
TrES-5 b,TrES-5,13.383546,1.194,568.9157,1.79,0.0,1480.0,442.993,0.02459,1.48224686,,5171.0,0.868,0.901,Transit,2011.0,TrES,360.313,Gas Giant
UCAC3 113-933 b,UCAC3 113-933,12.1,1.08,6674.396547,21.0,,,,6100.0,,M0,3864.0,0.564484,0.61,Imaging,2024.0,Multiple Observatories,52.5829,Gas Giant
UCAC4 328-061594 b,UCAC4 328-061594,12.1,1.08,6674.396547,21.0,,,,19000.0,,DC,,,1.19,Imaging,2024.0,Multiple Observatories,39.9089,Gas Giant
UKIRT-2017-BLG-001L b,UKIRT-2017-BLG-001L,13.7,1.22,407.0,1.28,,,,4.18,,,,,0.81,Microlensing,2018.0,Mauna Kea Observatory,6300.0,Gas Giant
USco CTIO 108 b,USco CTIO 108,12.3,1.1,4449.62,14.0,,,,670.0,,M7,2700.0,0.345365,0.06,Imaging,2008.0,Teide Observatory,144.019,Gas Giant
USco1556 b,USco1556 A,12.3,1.09,4767.45,15.0,,2240.0,,3500.0,,M3.0 V,3410.0,0.668108,0.33,Imaging,2019.0,Multiple Observatories,140.635,Gas Giant
USco1621 b,USco1621 A,12.2,1.09,5085.28,16.0,,2270.0,,2880.0,,M2.5 V,3460.0,0.710071,0.36,Imaging,2019.0,Multiple Observatories,137.901,Gas Giant
V0391 Peg b,V0391 Peg,13.1,1.17,1017.056,3.2,0.0,,,1.7,1170.0,sdBV,29300.0,0.23,0.5,Pulsation Timing Variations,2007.0,Multiple Observatories,1195.98,Gas Giant
V1298 Tau b,V1298 Tau,9.41,0.83950542,13.1,0.04121721,0.0079,666.0,33.2,0.1685,24.140006,K1,4970.0,1.32,1.1,Transit,2019.0,K2,108.199,Gas Giant
V1298 Tau c,V1298 Tau,5.08,0.45320802,4.7,0.01478785,0.0094,953.0,146.0,0.0824,8.249164,K1,4970.0,1.32,1.1,Transit,2019.0,K2,108.199,Neptunian
V1298 Tau d,V1298 Tau,6.53,0.58256858,6.0,0.01887811,0.0087,831.0,85.0,0.1081,12.401394,K1,4970.0,1.32,1.1,Transit,2019.0,K2,108.199,Gas Giant
V1298 Tau e,V1298 Tau,10.17,0.90730819,15.3,0.04813918,0.0124,527.0,10.0,0.2689,48.677714,K1,4970.0,1.32,1.1,Transit,2019.0,K2,108.199,Gas Giant
V2376 Ori b,V2376 Ori,87.20586985,7.78,6356.56814,20.0,,2100.0,,71.0,,M,,,0.45,Imaging,2025.0,Multiple Observatories,,Gas Giant
V830 Tau b,V830 Tau,14.0,1.25,222.481,0.7,0.0,,,0.057,4.927,,4250.0,2.0,1.0,Radial Velocity,2016.0,Multiple Observatories,130.111,Gas Giant
VHS J125601.92-125723.9 b,VHS J125601.92-125723.9,13.67495645,1.22,5085.254512,16.0,0.68,1194.0,,350.0,5800000.0,M7.5,2620.0,,0.07,Imaging,2015.0,Paranal Observatory,12.7,Gas Giant
WASP-1 b,WASP-1,16.623,1.483,271.415,0.854,0.0,1812.0,2121.5175,0.03889,2.5199454,F7 V,6110.0,1.47,1.24,Transit,2007.0,SuperWASP,393.072,Gas Giant
WASP-10 b,WASP-10,12.106,1.08,1001.12,3.15,0.0473,1370.0,174.0323,0.03781,3.0927616,K5 V,4675.0,0.698,0.75,Transit,2008.0,SuperWASP,140.998,Gas Giant
WASP-100 b,WASP-100,14.90797,1.33,400.4658,1.26,0.0,2190.0,5502.8822,0.04574,2.84938,F2,6900.0,1.57,0.77,Transit,2014.0,SuperWASP,364.411,Gas Giant
WASP-101 b,WASP-101,16.02887,1.43,162.0933,0.51,0.0,1560.0,1089.171,0.05057,3.58572,F6,6380.0,1.31,1.41,Transit,2014.0,SuperWASP,201.224,Gas Giant
WASP-102 b,WASP-102,14.90794433,1.33,197.68926915,0.622,0.0,1671.0,1293.0,0.041,2.709813,,5990.0,1.375,1.08,Transit,2025.0,SuperWASP,535.689,Gas Giant
WASP-103 b,WASP-103,17.127,1.528,473.547,1.49,0.0,2508.0,,0.01985,0.925542,F8 V,6110.0,1.436,1.22,Transit,2014.0,SuperWASP,375.647,Gas Giant
WASP-104 b,WASP-104,12.745,1.137,404.263,1.272,0.0,1516.0,867.7365,0.02918,1.7554137,G8,5475.0,0.963,1.076,Transit,2014.0,SuperWASP,185.932,Gas Giant
WASP-105 b,WASP-105,10.76064,0.96,572.094,1.8,0.0,900.0,166.5368,0.075,7.87288,K2,5070.0,0.9,0.89,Transit,2017.0,SuperWASP-South,169.272,Gas Giant
WASP-106 b,WASP-106,12.10569916,1.08,613.40882551,1.93,0.023,1140.0,327.8307,0.0901,9.28969,F9 D,6002.0,1.47,1.175,Transit,2014.0,SuperWASP,352.181,Gas Giant
WASP-107 b,WASP-107,10.53646,0.94,30.5,0.096,0.06,736.0,51.0,0.055,5.7214742,K6,4425.0,0.67,0.683,Transit,2017.0,SuperWASP-South,64.7414,Gas Giant
WASP-11 b,WASP-11,12.44199,1.11,251.0857,0.79,0.0,992.0,184.988,0.0435,3.72247,K3 V,4800.0,0.89,1.42,Transit,2008.0,SuperWASP,124.73,Gas Giant
WASP-113 b,WASP-113,15.793481,1.409,150.96925,0.475,0.0,1496.0,821.405,0.05885,4.54216874538,G1,5890.0,1.608,1.318,Transit,2016.0,SuperWASP-North,435.156,Gas Giant
WASP-114 b,WASP-114,15.008851,1.339,562.24127,1.769,0.012,2043.0,2978.2048,0.02851,1.5487743,G0,5940.0,1.43,1.289,Transit,2016.0,SuperWASP-North,523.337,Gas Giant
WASP-116 b,WASP-116,13.67495645,1.22,203.41018048,0.64,0.0,1414.0,663.0,0.065,6.6132,,6250.0,1.426,1.25,Transit,2025.0,SuperWASP,559.243,Gas Giant
WASP-117 b,WASP-117,11.88154,1.06,95.349,0.3,0.3,1001.0,211.7917,0.09459,10.02165,F9,6040.0,1.22,1.29,Transit,2014.0,SuperWASP,157.963,Gas Giant
WASP-118 b,WASP-118,16.14096,1.44,163.36462,0.514,0.0,1729.0,6586.47,0.05453,4.0460435,F6,6410.0,1.696,1.32,Transit,2016.0,SuperWASP,376.658,Gas Giant
WASP-119 b,WASP-119,15.6926,1.4,390.9309,1.23,0.058,1600.0,907.8624,0.0363,2.49979,G5,5650.0,1.2,1.02,Transit,2016.0,SuperWASP-South,302.448,Gas Giant
WASP-12 b,WASP-12,22.02564708,1.965,467.2101,1.47,0.0447,2601.0,8220.584,0.0234,1.091418901,,6265.0,1.69,1.325,Transit,2008.0,SuperWASP,427.246,Gas Giant
WASP-120 b,WASP-120,15.58048317,1.39,1541.4755,4.85,0.057,1749.0,1818.5489,0.0514,3.61126721,F5,6450.0,1.68443,1.393,Transit,2016.0,SuperWASP,381.174,Gas Giant
WASP-121 b,WASP-121,19.52604438,1.742,371.85923619,1.17,0.0,2409.0,6216.41,0.02571,1.27492504,F6 V,6628.0,1.461,1.33,Transit,2016.0,SuperWASP,269.898,Gas Giant
WASP-123 b,WASP-123,15.13212395,1.35,285.72917,0.899,0.0,1500.0,758.324,0.04263,2.97764359,G5,5740.0,1.285,1.166,Transit,2016.0,SuperWASP,197.996,Gas Giant
WASP-124 b,WASP-124,13.89916,1.24,190.698,0.6,0.017,1400.0,748.0,0.0449,3.37265,F9,6050.0,1.02,1.07,Transit,2016.0,SuperWASP-South,448.637,Gas Giant
WASP-126 b,WASP-126,10.51358773,0.93796109,90.3,0.28411415,0.18,1480.0,759.3374,0.0449,3.28883,G2,5800.0,1.27,1.12,Transit,2016.0,SuperWASP-South,216.526,Gas Giant
WASP-127 b,WASP-127,14.694999,1.311,52.346601,0.1647,0.0,1400.0,703.971,0.0484,4.17806203,,5620.0,1.333,0.95,Transit,2016.0,SuperWASP,159.507,Gas Giant
WASP-129 b,WASP-129,10.42437,0.93,317.83,1.0,0.096,1100.0,345.7201,0.0628,5.748145,G1,5900.0,0.9,1.0,Transit,2016.0,SuperWASP-South,301.462,Gas Giant
WASP-13 b,WASP-13,13.67498,1.22,114.4188,0.36,0.0,1531.0,617.309,0.05362,4.35301,,5950.0,1.37,0.72,Transit,2009.0,SuperWASP,227.537,Gas Giant
WASP-130 b,WASP-130,9.97601,0.89,390.9309,1.23,0.0,833.0,56.355,0.1012,11.55098,G6,5625.0,0.96,1.04,Transit,2016.0,SuperWASP-South,172.256,Gas Giant
WASP-131 b,WASP-131,13.74221034,1.226,86.76715511,0.273,0.0,1460.0,995.3724,0.0608,5.3220125,G0,5990.0,1.561,1.06,Transit,2016.0,SuperWASP-South,200.075,Gas Giant
WASP-132 b,WASP-132,10.09929161,0.901,136.0305582,0.428,0.0163,682.0,58.5,0.0674,7.1335164,K4 V,4686.0,0.758,0.789,Transit,2016.0,SuperWASP-South,122.91,Gas Giant
WASP-132 c,WASP-132,1.841,0.1642433,6.26,0.01969616,0.0,1329.0,791.0,0.01833,1.01153624,K4 V,4686.0,0.758,0.789,Transit,2022.0,Transiting Exoplanet Survey Satellite (TESS),122.91,Super-Earth
WASP-132 d,WASP-132,12.8,1.15,1639.99458012,5.16,0.12,107.0,0.0363,2.71,1816.6,K4 V,4686.0,0.758,0.789,Radial Velocity,2024.0,Multiple Observatories,122.91,Gas Giant
WASP-133 b,WASP-133,13.56289,1.21,368.6828,1.16,0.17,1790.0,2054.7956,0.0345,2.176423,G4,5700.0,1.44,1.16,Transit,2016.0,SuperWASP-South,559.084,Gas Giant
WASP-135 b,WASP-135,14.5717,1.3,603.877,1.9,0.0,1403.66,917.4101,0.0243,1.4013794,G5 V,5675.0,0.96,0.98,Transit,2015.0,SuperWASP,298.214,Gas Giant
WASP-136 b,WASP-136,16.81347105,1.5,479.92089457,1.51,0.0,1630.0,1843.4633,0.0661,5.21536178778,F,6250.0,2.39014,1.41,Transit,2016.0,SuperWASP,275.587,Gas Giant
WASP-138 b,WASP-138,12.21781,1.09,387.7526,1.22,,1590.0,1133.73,0.0494,3.634433,,6272.0,1.36,1.22,Transit,2016.0,SuperWASP,414.234,Gas Giant
WASP-139 b,WASP-139,8.9672,0.8,37.18611,0.117,0.0,910.0,120.7076,0.062,5.924262,K0,5310.0,0.8,0.92,Transit,2016.0,SuperWASP-South,212.472,Gas Giant
WASP-14 b,WASP-14,15.46842,1.38,2809.6172,8.84,0.09,1872.0,1356.33,0.037,2.24375,,6475.0,1.4,1.62,Transit,2008.0,SuperWASP,161.997,Gas Giant
WASP-140 b,WASP-140,14.23540549,1.27,775.5052,2.44,0.047,1270.0,491.326,0.0323,2.23598448,K0,5300.0,0.87,0.9,Transit,2016.0,SuperWASP-South,117.598,Gas Giant
WASP-141 b,WASP-141,13.56289,1.21,854.9627,2.69,0.0,1540.0,1061.5542,0.0469,3.310651,F9,5900.0,1.37,1.25,Transit,2016.0,SuperWASP-South,516.543,Gas Giant
WASP-142 b,WASP-142,17.14977,1.53,266.9772,0.84,0.0,2000.0,3140.9238,0.0347,2.052868,F8,6010.0,1.64,1.33,Transit,2016.0,SuperWASP-South,730.933,Gas Giant
WASP-144 b,WASP-144,9.52765,0.85,139.8452,0.44,0.0,1260.0,775.8849,0.0316,2.2783152,K2 V,5200.0,0.81,0.81,Transit,2018.0,SuperWASP-South,355.513,Gas Giant
WASP-145 A b,WASP-145 A,10.0881,0.9,282.8687,0.89,0.0,1200.0,313.4012,0.0261,1.7690381,K2 V,4900.0,0.68,0.76,Transit,2018.0,SuperWASP-South,91.299,Gas Giant
WASP-147 b,WASP-147,12.498035,1.115,87.40325,0.275,0.0,1404.0,639.4923,0.0549,4.60273,G4,5702.0,1.429,1.044,Transit,2018.0,SuperWASP-South,436.098,Gas Giant
WASP-148 b,WASP-148,8.47398941,0.756,91.21675281,0.287,0.208,940.0,72.699,0.08215,8.803809,G,5555.0,0.912,0.954,Transit,2020.0,SuperWASP-North,246.353,Gas Giant
WASP-148 c,WASP-148,13.9,1.24,124.58873554,0.392,0.1809,590.0,,0.2044,34.524,G,5555.0,0.912,0.954,Radial Velocity,2020.0,Haute-Provence Observatory,246.353,Gas Giant
WASP-149 b,WASP-149,15.24421375,1.36,314.96795134,0.991,0.0,1855.0,1966.0,0.024,1.332813,,5750.0,1.08,1.05,Transit,2025.0,SuperWASP,211.73,Gas Giant
WASP-15 b,WASP-15,15.80469,1.41,171.6282,0.54,0.0,1676.0,1237.7366,0.05165,3.7521,F7,6300.0,1.48,1.18,Transit,2009.0,SuperWASP,282.091,Gas Giant
WASP-150 b,WASP-150,11.99363,1.07,2688.8418,8.46,0.3775,1460.0,854.7074,0.0694,5.644207,F8,6218.0,1.651,1.394,Transit,2020.0,SuperWASP-North,527.995,Gas Giant
WASP-151 b,WASP-151,13.30506009,1.187,100.43377661,0.316,0.0,1312.0,460.0,0.055,4.5334775,G1,5871.0,1.181,1.081,Transit,2017.0,SuperWASP-South,453.099,Gas Giant
WASP-153 b,WASP-153,17.37395,1.55,123.9537,0.39,0.009,1700.0,1400.0,0.048,3.332609,G0,5914.0,1.73,1.336,Transit,2017.0,SuperWASP,610.176,Gas Giant
WASP-154 b,WASP-154,10.76062147,0.96,198.96058278,0.626,0.0,994.0,162.0,0.044,3.811678,,4774.0,0.823,0.8,Transit,2025.0,SuperWASP,215.501,Gas Giant
WASP-155 b,WASP-155,13.45077684,1.2,276.8285425,0.871,0.0,1468.0,771.0,0.043,3.110413,,5660.0,1.24,1.09,Transit,2025.0,SuperWASP,399.63,Gas Giant
WASP-156 b,WASP-156,6.02802815,0.53778558,41.8,0.13151751,0.0,934.5,150.0,0.0458,3.8361623,K3,4987.0,0.8268,0.8712,Transit,2017.0,SuperWASP,122.066,Gas Giant
WASP-157 b,WASP-157,11.19,0.99830493,182.43442,0.574,0.0,1193.0,,0.0499,3.951623,G2 V,5772.0,1.1,1.06,Transit,2016.0,SuperWASP,334.037,Gas Giant
WASP-158 b,WASP-158,11.99363,1.07,886.7457,2.79,0.0,1590.0,903.013,0.0517,3.656333,F6 V,6350.0,1.39,1.38,Transit,2018.0,SuperWASP-South,524.993,Gas Giant
WASP-159 b,WASP-159,15.46842,1.38,174.8065,0.55,0.0,1850.0,1599.92,0.0538,3.840401,F9,6120.0,2.11,1.41,Transit,2018.0,SuperWASP-South,715.383,Gas Giant
WASP-16 b,WASP-16,13.67498,1.22,394.1092,1.24,0.0,1389.0,481.917,0.0415,3.1186,,5700.0,1.14,1.78,Transit,2009.0,SuperWASP,194.134,Gas Giant
WASP-160 B b,WASP-160 B,12.21781,1.09,88.35674,0.278,0.0,1119.0,210.575,0.0452,3.7684952,K0 V,5298.0,0.868,0.87,Transit,2018.0,SuperWASP-South,288.326,Gas Giant
WASP-161 b,WASP-161,12.811887,1.143,791.3967,2.49,,1557.0,990.0,0.0673,5.4060425,,6400.0,1.712,1.39,Transit,2018.0,SuperWASP-South,343.08,Gas Giant
WASP-162 b,WASP-162,11.209,1.0,1652.716,5.2,0.434,910.0,121.918,0.0871,9.62468,K0,5300.0,1.11,0.95,Transit,2018.0,SuperWASP-South,310.841,Gas Giant
WASP-163 b,WASP-163,13.473218,1.202,594.3421,1.87,,1638.0,1200.0,0.0266,1.6096884,,5500.0,1.015,0.97,Transit,2018.0,SuperWASP-South,261.386,Gas Giant
WASP-164 b,WASP-164,12.643752,1.128,676.9779,2.13,0.0,1610.0,1043.2122,0.02818,1.7771255,G2 V,5806.0,0.932,0.946,Transit,2018.0,SuperWASP-South,327.506,Gas Giant
WASP-165 b,WASP-165,14.12334,1.26,209.13214,0.658,0.0,1624.0,1373.5324,0.04823,3.465509,G6,5599.0,1.75,1.248,Transit,2018.0,SuperWASP-South,602.236,Gas Giant
WASP-166 b,WASP-166,7.06167,0.63,32.10083,0.101,0.0,1270.0,440.0,0.0641,5.44354,F9 V,6050.0,1.22,1.19,Transit,2019.0,WASP-South,114.173,Gas Giant
WASP-167 b,WASP-167,17.71022,1.58,2542.64,8.0,,2329.0,3208.41,0.0365,2.0219596,F1 V,7000.0,1.79,1.59,Transit,2017.0,Multiple Observatories,423.552,Gas Giant
WASP-168 b,WASP-168,16.8135,1.5,133.4886,0.42,0.0,1340.0,278.886,0.0519,4.153658,F9 V,6000.0,1.12,1.08,Transit,2018.0,SuperWASP-South,303.941,Gas Giant
WASP-169 b,WASP-169,14.616536,1.304,178.30263,0.561,0.0,1604.0,1486.8579,0.0681,5.6114118,F8,6110.0,2.011,1.337,Transit,2019.0,WASP-South,627.066,Gas Giant
WASP-17 b,WASP-17,20.96083,1.87,247.9074,0.78,0.0,1755.0,1292.19,0.0515,3.73543,F4,6550.0,1.49,2.28,Transit,2009.0,SuperWASP,405.908,Gas Giant
WASP-170 b,WASP-170,12.285064,1.096,508.528,1.6,,1422.0,680.0,0.0337,2.34478022,,5600.0,0.938,0.93,Transit,2018.0,SuperWASP-South,305.603,Gas Giant
WASP-171 b,WASP-171,10.98482,0.98,344.52772,1.084,0.0,1642.0,1200.24,0.0504,3.8186244,G0,5965.0,1.637,1.171,Transit,2019.0,WASP-South,757.84,Gas Giant
WASP-172 b,WASP-172,17.59813,1.57,149.3801,0.47,0.0,1740.0,1506.5,0.0694,5.477433,F1 V,6900.0,1.91,1.49,Transit,2018.0,SuperWASP-South,538.11,Gas Giant
WASP-173 A b,WASP-173 A,13.4508,1.2,1172.7927,3.69,0.0,1880.0,1920.0,0.0248,1.38665318,G3,5800.0,1.11,1.05,Transit,2018.0,SuperWASP-South,232.98,Gas Giant
WASP-174 b,WASP-174,16.10730527,1.437,104.88337431,0.33,0.0,1528.0,901.9,0.05503,4.2337005,F6 V,6399.0,1.347,1.24,Transit,2018.0,SuperWASP-South,410.149,Gas Giant
WASP-175 b,WASP-175,13.540472,1.208,314.6517,0.99,0.0,1571.0,649.429,0.04403,3.0652907,F7,6229.0,1.204,1.212,Transit,2019.0,WASP-South,539.36,Gas Giant
WASP-176 b,WASP-176,16.869545,1.505,271.74465,0.855,0.0,1721.0,1703.2413,0.0535,3.899052,F9,5941.0,1.925,1.345,Transit,2020.0,SuperWASP-North,568.42,Gas Giant
WASP-177 b,WASP-177,17.71022,1.58,161.45764,0.508,,1142.0,279.7736,0.03957,3.071722,K2,5017.0,0.885,0.876,Transit,2019.0,SuperWASP,176.818,Gas Giant
WASP-178 b,WASP-178,20.28829,1.81,527.5978,1.66,0.0,2470.0,5550.0,0.0558,3.3448285,A1 IV-V,9360.0,1.67,2.07,Transit,2019.0,WASP-South,427.678,Gas Giant
WASP-18 b,WASP-18,13.89913607,1.24,3241.8497514,10.2,0.0051,2429.0,5805.0,0.02024,0.94145223,F6 IV-V,6432.0,1.319,1.294,Transit,2009.0,SuperWASP,123.483,Gas Giant
WASP-18 c,WASP-18,8.58,0.765,55.2,0.17367775,0.015,,,0.035,2.1558,F6 IV-V,6400.0,1.23,1.22,Transit Timing Variations,2019.0,Transiting Exoplanet Survey Satellite (TESS),123.483,Gas Giant
WASP-180 A b,WASP-180 A,13.89916,1.24,286.047,0.9,0.0,1540.0,918.3877,0.048,3.409264,F7 V,6600.0,1.19,1.3,Transit,2019.0,SuperWASP,253.985,Gas Giant
WASP-181 b,WASP-181,13.271456,1.184,95.03117,0.299,,1186.0,382.4492,0.05427,4.5195064,G2,5839.0,0.965,1.04,Transit,2019.0,SuperWASP,437.495,Gas Giant
WASP-182 b,WASP-182,9.52765,0.85,47.03884,0.148,0.0,1479.0,756.261,0.0451,3.3769848,G5,5638.0,1.34,1.076,Transit,2019.0,WASP-South,327.602,Gas Giant
WASP-183 b,WASP-183,16.47723,1.47,159.55066,0.502,,1111.0,268.7176,0.04632,4.1117771,G9,5313.0,0.871,0.784,Transit,2019.0,SuperWASP,325.377,Gas Giant
WASP-184 b,WASP-184,14.90797,1.33,181.1631,0.57,0.0,1480.0,669.018,0.0627,5.1817,G0 V,6000.0,1.65,1.23,Transit,2019.0,WASP-South,663.231,Gas Giant
WASP-185 b,WASP-185,14.01125,1.25,311.4734,0.98,0.24,1160.0,662.3252,0.0904,9.38755,G0 V,5900.0,1.5,1.12,Transit,2019.0,WASP-South,279.35,Gas Giant
WASP-186 b,WASP-186,12.44199,1.11,1341.2426,4.22,0.33,1378.4,853.1355,0.06,5.026799,F,6361.0,1.47,1.22,Transit,2020.0,SuperWASP,278.514,Gas Giant
WASP-187 b,WASP-187,18.38276,1.64,254.264,0.8,0.0,1760.0,1594.76,0.0653,5.147878,F,6150.0,2.83,1.54,Transit,2020.0,SuperWASP,371.414,Gas Giant
WASP-188 b,WASP-188,14.81827249,1.322,458.6263913,1.443,0.0,1666.0,1278.0,0.072,5.748916,,6850.0,1.83,1.5,Transit,2025.0,SuperWASP,675.281,Gas Giant
WASP-189 b,WASP-189,18.14733975,1.619,632.47852993,1.99,0.0,3353.0,,0.05053,2.724033,,8000.0,2.36,2.03,Transit,2020.0,CHaracterising ExOPlanets Satellite (CHEOPS),99.731,Gas Giant
WASP-19 b,WASP-19,15.86070769,1.415,366.77398168,1.154,0.0126,2113.0,3320.0,0.01652,0.78883852,G8 V,5616.0,1.006,0.965,Transit,2009.0,SuperWASP,268.325,Gas Giant
WASP-190 b,WASP-190,12.89035,1.15,317.83,1.0,0.0,1500.0,747.132,0.0663,5.367753,F6 IV-V,6400.0,1.6,1.35,Transit,2019.0,WASP-South,542.251,Gas Giant
WASP-192 b,WASP-192,13.78707,1.23,731.009,2.3,0.0,1620.0,471.142,0.0408,2.8786765,G0 V,5910.0,1.32,1.09,Transit,2019.0,WASP-South,508.885,Gas Giant
WASP-193 b,WASP-193,14.78464554,1.319,35.59678158,0.112,0.081,1250.0,402.0,0.0668,6.2463475,F9,6080.0,1.213,1.018,Transit,2023.0,WASP-South,362.087,Gas Giant
WASP-194 b,WASP-194,15.47960235,1.381,373.13054982,1.174,0.0,1693.0,1365.0,0.047,3.183387,,6405.0,1.409,1.29,Transit,2025.0,SuperWASP,476.831,Gas Giant
WASP-195 b,WASP-195,10.31226224,0.92,33.05415433,0.104,0.0,1522.0,890.0,0.063,5.051928,,6300.0,1.578,1.3,Transit,2025.0,SuperWASP,484.852,Gas Giant
WASP-197 b,WASP-197,14.44837612,1.289,403.32424848,1.269,0.0,1665.0,1276.0,0.065,5.167228,,6050.0,2.112,1.36,Transit,2025.0,SuperWASP,483.675,Gas Giant
WASP-2 b,WASP-2,12.116929,1.081,295.89973,0.931,0.0054,1311.0,492.0,0.03144,2.152175,K1,5180.0,0.866,0.895,Transit,2007.0,SuperWASP,153.242,Gas Giant
WASP-20 b,WASP-20,15.46839337,1.38,98.841,0.311,0.0,1362.0,259.864,0.05999,4.89964477,F9,5940.0,1.242,1.2,Transit,2015.0,SuperWASP,211.877,Gas Giant
WASP-21 b,WASP-21,11.99,1.07,95.345,0.3,0.0,1333.0,705.0438,0.052,4.322482,G3 V,5800.0,1.06,1.01,Transit,2010.0,SuperWASP,258.426,Gas Giant
WASP-22 b,WASP-22,13.78707,1.23,212.9461,0.67,0.02,1502.0,837.7034,0.047,3.53269,G1 V,6000.0,1.24,1.46,Transit,2010.0,SuperWASP,317.652,Gas Giant
WASP-23 b,WASP-23,10.783,0.962,280.95,0.884,0.062,1076.55,317.4314,0.0376,2.9444256,,5150.0,0.765,0.78,Transit,2010.0,SuperWASP,207.49,Gas Giant
WASP-24 b,WASP-24,15.46842,1.38,394.1092,1.24,0.0,1772.0,934.465,0.03651,2.34121,,6075.0,1.42,1.43,Transit,2010.0,SuperWASP,322.114,Gas Giant
WASP-25 b,WASP-25,13.80946422,1.232,179.25522155,0.564,0.0,1217.0,341.0,0.0473,3.7648337,,5697.0,0.884,0.962,Transit,2010.0,SuperWASP,211.416,Gas Giant
WASP-26 b,WASP-26,13.56289,1.21,270.1555,0.85,0.0,1650.0,1225.5264,0.04,2.7566,G0,6034.0,1.22,0.86,Transit,2010.0,SuperWASP,252.759,Gas Giant
WASP-28 b,WASP-28,13.66374747,1.219,282.54945382,0.889,0.0,1456.0,695.65,0.0442,3.40883495,F8,6084.0,1.083,0.993,Transit,2014.0,SuperWASP,348.494,Gas Giant
WASP-29 b,WASP-29,8.63093,0.77,73.1009,0.23,0.03,970.0,121.7724,0.0457,3.92273,,4800.0,0.79,0.77,Transit,2010.0,SuperWASP,87.5953,Gas Giant
WASP-3 b,WASP-3,15.91678,1.42,772.3269,2.43,0.0,2020.0,1845.3,0.0315,1.84683,,6400.0,1.44,1.62,Transit,2007.0,SuperWASP,231.161,Gas Giant
WASP-31 b,WASP-31,17.363,1.549,151.916,0.478,0.0,1423.7,970.9417,0.04659,3.4059096,,6302.0,1.252,1.163,Transit,2010.0,SuperWASP,383.829,Gas Giant
WASP-32 b,WASP-32,10.76064,0.96,835.8929,2.63,0.0,1388.0,616.33,0.0394,2.71866,,6140.0,0.95,0.72,Transit,2010.0,SuperWASP,275.994,Gas Giant
WASP-33 b,WASP-33,17.855937,1.593,665.21819,2.093,0.0,2781.7,9392.0471,0.0239,1.21987,A,7430.0,1.444,1.495,Transit,2010.0,SuperWASP,121.944,Gas Giant
WASP-34 b,WASP-34,11.209,1.0,177.9848,0.56,0.04,1250.0,229.962,0.0524,4.31768,,5700.0,0.91,0.96,Transit,2010.0,SuperWASP,132.096,Gas Giant
WASP-35 b,WASP-35,14.5717,1.3,225.6593,0.71,0.0,1338.29,758.1026,0.04317,3.16158,,5990.0,1.08,1.05,Transit,2011.0,SuperWASP,202.218,Gas Giant
WASP-36 b,WASP-36,14.874343,1.327,750.39663,2.361,0.0,1733.0,1422.6075,0.02677,1.53736596,,5959.0,0.985,1.081,Transit,2011.0,SuperWASP,386.346,Gas Giant
WASP-37 b,WASP-37,13.002,1.16,572.07,1.8,0.0,1232.5,545.3338,0.0446,3.577469,,5800.0,1.003,0.925,Transit,2010.0,SuperWASP,392.791,Gas Giant
WASP-38 b,WASP-38,13.78707,1.23,1093.3352,3.44,0.03,1250.0,,0.07522,6.87188,F8 V,6180.0,1.52,1.76,Transit,2010.0,SuperWASP,136.24,Gas Giant
WASP-39 b,WASP-39,14.336311,1.279,89.31023,0.281,0.0,1166.0,316.269,0.04828,4.0552941,,5485.0,0.939,0.913,Transit,2011.0,SuperWASP,213.982,Gas Giant
WASP-4 b,WASP-4,15.12091496,1.349,381.3940884,1.2,0.0053,1653.0,1188.6219,0.02261,1.338230994,G8,5436.0,0.912,0.899,Transit,2007.0,SuperWASP,267.206,Gas Giant
WASP-41 b,WASP-41,12.3299,1.1,270.1555,0.85,0.0,1244.0,344.149,0.04022,3.0524,,5545.0,0.83,0.81,Transit,2012.0,SuperWASP,163.371,Gas Giant
WASP-41 c,WASP-41,13.1,1.17,1010.6994,3.18,0.294,241.0,,1.07,421.0,,5545.0,0.87,0.93,Radial Velocity,2015.0,La Silla Observatory,163.371,Gas Giant
WASP-42 b,WASP-42,12.576498,1.122,167.49641,0.527,0.062,1021.0,137.118,0.0561,4.9816819,,5315.0,0.892,0.951,Transit,2012.0,SuperWASP,177.291,Gas Giant
WASP-43 b,WASP-43,10.424,0.93,565.714,1.78,0.0,1426.7,680.8953,0.0142,0.813475,K7 V,4400.0,0.6,0.58,Transit,2011.0,SuperWASP,86.7467,Gas Giant
WASP-44 b,WASP-44,12.3299,1.1,276.5121,0.87,0.0,1337.0,533.0,0.03453,2.423804,G8 V,5420.0,0.906,0.935,Transit,2011.0,SuperWASP,364.512,Gas Giant
WASP-45 b,WASP-45,10.603714,0.946,306.38812,0.964,0.0,1153.0,294.0,0.03963,3.126089,K2 V,5150.0,0.855,0.85,Transit,2011.0,SuperWASP,211.196,Gas Giant
WASP-46 b,WASP-46,13.159366,1.174,607.0553,1.91,0.0,1636.0,1281.2408,0.02335,1.43036763,G6 V,5600.0,0.858,0.828,Transit,2011.0,SuperWASP,375.31,Gas Giant
WASP-47 b,WASP-47,12.86,1.14729433,374.0,1.1767356,0.0006,1275.0,409.0,0.052,4.159151,G9,5565.0,1.156,1.058,Transit,2012.0,SuperWASP,264.78,Gas Giant
WASP-47 d,WASP-47,3.65,0.32563175,15.5,0.04876845,0.001,885.0,145.0,0.085,9.030501,G9,5565.0,1.156,1.058,Transit,2015.0,K2,264.78,Neptunian
WASP-47 e,WASP-47,1.83,0.16326195,9.0,0.02831717,0.0,1992.0,3740.0,0.01673,0.78961,G9,5565.0,1.156,1.058,Transit,2015.0,K2,264.78,Super-Earth
WASP-48 b,WASP-48,16.8135,1.5,254.264,0.8,0.0,2035.0,3410.2601,0.03444,2.14363,,5920.0,1.58,0.88,Transit,2011.0,SuperWASP,454.144,Gas Giant
WASP-49 b,WASP-49,12.44199,1.11,117.5971,0.37,0.0,1400.0,615.4709,0.0379,2.78174,G6 V,5600.0,0.97,0.92,Transit,2012.0,SuperWASP,194.553,Gas Giant
WASP-5 b,WASP-5,12.184,1.087,502.15,1.58,0.038,1706.0,1559.4762,0.0267,1.6284279,G5,5700.0,1.029,0.96,Transit,2008.0,SuperWASP,309.137,Gas Giant
WASP-50 b,WASP-50,13.069694,1.166,466.828704,1.4688,0.009,1394.84,690.3398,0.0293,1.9551,,5400.0,0.843,0.892,Transit,2011.0,SuperWASP,184.848,Gas Giant
WASP-52 b,WASP-52,14.24,1.27,146.2,0.46,0.0,1315.0,605.7625,0.0272,1.7497798,K2 V,5000.0,0.79,0.87,Transit,2012.0,SuperWASP,174.818,Gas Giant
WASP-53 b,WASP-53,12.038466,1.074,677.61356,2.132,0.03,1053.0,241.6656,0.04101,3.3098443,,4953.0,0.798,0.839,Transit,2017.0,Multiple Facilities,201.338,Gas Giant
WASP-54 b,WASP-54,17.71022,1.58,187.5197,0.59,0.07,1759.0,1639.1072,0.04988,3.69364,F9,6100.0,1.76,1.08,Transit,2012.0,SuperWASP,251.303,Gas Giant
WASP-55 b,WASP-55,14.72860064,1.314,186.2474465,0.586,0.0,1342.0,504.0,0.0558,4.465631,,6096.0,1.09,1.071,Transit,2012.0,SuperWASP,297.462,Gas Giant
WASP-56 b,WASP-56,10.53646,0.94,143.0235,0.45,0.0,1216.0,447.82,0.05614,4.6171,G6,5600.0,0.96,0.71,Transit,2012.0,SuperWASP,321.084,Gas Giant
WASP-57 b,WASP-57,11.76945,1.05,204.68252,0.644,0.0,1338.0,702.385,0.03769,2.83891856,G6,5600.0,0.927,0.886,Transit,2012.0,SuperWASP,398.276,Gas Giant
WASP-58 b,WASP-58,16.02887,1.43,308.2951,0.97,0.0,1270.0,404.7112,0.0562,5.01718,G2 V,5800.0,1.22,1.06,Transit,2012.0,SuperWASP,290.404,Gas Giant
WASP-59 b,WASP-59,8.687,0.775,274.276,0.863,0.1,670.0,38.0328,0.0697,7.919585,K5 V,4650.0,0.613,0.719,Transit,2012.0,SuperWASP,115.936,Gas Giant
WASP-6 b,WASP-6,12.5428494,1.119,148.42586607,0.467,0.054,1167.0,288.0,0.04217,3.3610026,,5438.0,0.79,0.854,Transit,2009.0,SuperWASP,197.119,Gas Giant
WASP-60 b,WASP-60,9.86392,0.88,174.8065,0.55,0.0,1479.0,925.4935,0.05548,4.305,G1 V,5900.0,1.17,1.19,Transit,2012.0,SuperWASP,431.052,Gas Giant
WASP-61 b,WASP-61,15.80469,1.41,851.7844,2.68,0.0,1624.4,1062.0298,0.0521,3.8559,,6250.0,1.55,1.82,Transit,2012.0,SuperWASP,488.66,Gas Giant
WASP-62 b,WASP-62,14.79588,1.32,165.2716,0.52,0.0,1475.3,653.252,0.0571,4.41195,,6230.0,1.23,1.11,Transit,2012.0,SuperWASP,175.631,Gas Giant
WASP-63 b,WASP-63,15.80469,1.41,117.5971,0.37,0.0,1469.91,1103.2708,0.0574,4.37808,,5550.0,1.86,1.28,Transit,2012.0,SuperWASP,290.684,Gas Giant
WASP-64 b,WASP-64,14.247,1.271,403.945,1.271,0.0,1689.0,1563.6374,0.02648,1.5732918,G7,5400.0,1.058,1.004,Transit,2012.0,SuperWASP,369.926,Gas Giant
WASP-65 b,WASP-65,12.464,1.112,492.62,1.55,0.0,1480.0,957.0053,0.0334,2.3114243,G6,5600.0,1.01,0.93,Transit,2013.0,SuperWASP,273.703,Gas Giant
WASP-66 b,WASP-66,15.6926,1.4,746.9005,2.35,0.0,1569.7,1434.7739,0.0546,4.08605,,6600.0,1.76,1.33,Transit,2012.0,SuperWASP,500.258,Gas Giant
WASP-67 b,WASP-67,12.89035,1.15,136.6669,0.43,0.0,1003.0,188.1062,0.05179,4.61442,,5200.0,0.88,0.91,Transit,2012.0,SuperWASP,189.469,Gas Giant
WASP-68 b,WASP-68,14.79588,1.32,343.2564,1.08,0.0,1490.0,843.4794,0.06206,5.0843,G0,5910.0,1.79,1.49,Transit,2014.0,SuperWASP,226.399,Gas Giant
WASP-69 b,WASP-69,11.21,1.0,82.58,0.26,0.0,971.0,180.5564,0.0453,3.86813881,K,4792.0,0.801,0.83,Transit,2014.0,SuperWASP,49.9605,Gas Giant
WASP-7 b,WASP-7,14.90797,1.33,305.1168,0.96,0.034,1487.0,612.686,0.0617,4.9546416,,6400.0,1.432,1.276,Transit,2008.0,SuperWASP,162.303,Gas Giant
WASP-70 A b,WASP-70 A,13.047,1.164,187.512,0.59,0.0,1387.0,649.1548,0.04853,3.7130203,G4,5763.0,1.215,1.106,Transit,2014.0,SuperWASP,222.355,Gas Giant
WASP-71 b,WASP-71,13.22662,1.18,441.7837,1.39,0.0,2016.1,3384.6097,0.046,2.90367,F8,6050.0,1.82,0.76,Transit,2012.0,SuperWASP,362.715,Gas Giant
WASP-72 b,WASP-72,14.45961,1.29,731.009,2.3,0.0,2210.0,6233.7915,0.03711,2.21673,F7,6250.0,2.18,2.78,Transit,2012.0,SuperWASP,434.754,Gas Giant
WASP-73 b,WASP-73,15.91678,1.42,908.9938,2.86,0.0,1790.0,2242.3605,0.05512,4.08722,F9,6030.0,2.55,2.52,Transit,2014.0,SuperWASP,316.678,Gas Giant
WASP-74 b,WASP-74,15.24424,1.36,228.8376,0.72,0.0,1865.0,531.159,0.03443,2.13775,F9,5990.0,1.42,0.98,Transit,2015.0,SuperWASP,149.216,Gas Giant
WASP-75 b,WASP-75,14.235,1.27,340.06,1.07,0.0,1710.0,1657.0,0.0375,2.484193,F9,6100.0,1.26,1.14,Transit,2013.0,SuperWASP,294.001,Gas Giant
WASP-76 b,WASP-76,20.78145022,1.854,284.13859586,0.894,0.0,2228.0,4104.0,0.033,1.80988198,F7,6329.0,1.756,1.458,Transit,2016.0,SuperWASP,194.459,Gas Giant
WASP-77 A b,WASP-77 A,13.56,1.21,529.31142902,1.6654,0.01353,1674.0,1440.0,0.023233633,1.360029395,G8 V,5617.0,0.91,0.903,Transit,2012.0,SuperWASP,105.166,Gas Giant
WASP-78 b,WASP-78,21.63337,1.93,352.7913,1.11,0.0,2469.7,4812.6238,0.03488,2.17518,,6100.0,2.46,1.87,Transit,2012.0,SuperWASP,754.258,Gas Giant
WASP-79 b,WASP-79,17.14974047,1.53,270.15414595,0.85,0.0,1716.2,1645.9887,0.0519,3.662392,F5,6600.0,1.51,1.39,Transit,2012.0,SuperWASP,246.69,Gas Giant
WASP-8 b,WASP-8,12.66617,1.13,807.2882,2.54,0.31,1059.0,209.118,0.0801,8.15872,G8 V,5600.0,1.03,1.34,Transit,2010.0,SuperWASP,89.9606,Gas Giant
WASP-8 c,WASP-8,12.5,1.12,3003.37,9.45,0.0,,,5.28,4323.0,G8 V,5690.0,0.96,1.04,Radial Velocity,2013.0,SuperWASP,89.9606,Gas Giant
WASP-80 b,WASP-80,11.197791,0.999,170.99254,0.538,0.002,825.0,72.442,0.0344,3.06785234,K7-M0 V,4143.0,0.586,0.577,Transit,2012.0,SuperWASP,49.7876,Gas Giant
WASP-81 b,WASP-81,16.017661,1.429,231.69807,0.729,0.066,1623.0,1034.0911,0.03908,2.7164762,,5870.0,1.283,1.08,Transit,2017.0,Multiple Facilities,398.505,Gas Giant
WASP-82 b,WASP-82,18.15858,1.62,371.8611,1.17,0.0,2190.0,3557.29,0.0447,2.70579,F5,6480.0,2.1,1.48,Transit,2015.0,SuperWASP,275.664,Gas Giant
WASP-83 b,WASP-83,11.65736,1.04,95.349,0.3,0.0,1120.0,238.875,0.059,4.971252,G8,5510.0,1.05,1.11,Transit,2015.0,SuperWASP,271.103,Gas Giant
WASP-84 b,WASP-84,10.72,0.956,220.0,0.692,0.0,732.0,34.6952,0.0778,8.52349648,K0,5280.0,0.768,0.853,Transit,2014.0,SuperWASP,100.588,Gas Giant
WASP-84 c,WASP-84,1.95,0.174,15.2,0.048,,1329.0,1452.18,0.02359,1.4468849,K0,5280.0,0.768,0.853,Transit,2023.0,Transiting Exoplanet Survey Satellite (TESS),100.588,Super-Earth
WASP-85 A b,WASP-85 A,13.89916,1.24,402.05495,1.265,0.0,1452.0,640.3258,0.039,2.6556777,G5 V,6112.0,0.935,1.09,Transit,2016.0,K2,141.887,Gas Giant
WASP-87 b,WASP-87,15.524465,1.385,692.8694,2.18,0.0,2049.54,4170.0965,0.02946,1.682795,,6450.0,1.627,1.204,Transit,2016.0,Anglo-Australian Telescope,298.392,Gas Giant
WASP-88 b,WASP-88,16.36514,1.46,133.4886,0.42,0.0,1772.0,1489.5543,0.06431,4.954,F6,6430.0,1.8,0.94,Transit,2014.0,SuperWASP,523.756,Gas Giant
WASP-89 b,WASP-89,11.65736,1.04,1875.197,5.9,0.193,1120.0,278.8533,0.0427,3.3564227,K3,5130.0,0.88,0.92,Transit,2015.0,SuperWASP,290.946,Gas Giant
WASP-90 b,WASP-90,18.27067,1.63,200.2329,0.63,0.0,1840.0,1704.4939,0.0562,3.916243,F6,6430.0,1.98,1.55,Transit,2016.0,SuperWASP,466.433,Gas Giant
WASP-91 b,WASP-91,11.54527,1.03,425.8922,1.34,0.0,1160.0,332.5562,0.037,2.798581,K3,4920.0,0.86,0.84,Transit,2017.0,SuperWASP-South,149.942,Gas Giant
WASP-92 b,WASP-92,16.376349,1.461,255.85315,0.805,0.0,1871.0,1622.2528,0.0348,2.1746742,F7,6280.0,1.341,1.19,Transit,2016.0,SuperWASP,575.889,Gas Giant
WASP-93 b,WASP-93,17.900773,1.597,467.2101,1.47,0.0,1942.0,2531.1336,0.04211,2.7325321,F4,6700.0,1.524,1.334,Transit,2016.0,SuperWASP,370.284,Gas Giant
WASP-94 A b,WASP-94 A,17.71022,1.58,158.915,0.5,0.0,1604.0,1009.38,0.055,3.95019,F8,6170.0,1.48,1.67,Transit,2014.0,SuperWASP,211.211,Gas Giant
WASP-94 B b,WASP-94 B,14.1,1.26,196.411,0.618,0.0,,,0.0335,2.00839,F9,6040.0,1.35,1.24,Radial Velocity,2014.0,SuperWASP,208.696,Gas Giant
WASP-95 b,WASP-95,13.78707,1.23,457.6752,1.44,0.0,1570.0,1362.1381,0.03416,2.18467,G2,5830.0,1.23,1.46,Transit,2014.0,SuperWASP,137.544,Gas Giant
WASP-96 b,WASP-96,13.45,1.2,152.55,0.48,0.0,1285.0,517.0,0.0453,3.4252602,G8,5540.0,1.05,1.06,Transit,2014.0,SuperWASP,352.464,Gas Giant
WASP-97 b,WASP-97,12.77826,1.14,432.2488,1.36,0.0,1555.0,1414.87,0.03303,2.07276,G5,5640.0,1.08,1.18,Transit,2014.0,SuperWASP,151.068,Gas Giant
WASP-98 b,WASP-98,12.823096,1.144,293.03926,0.922,0.0,1171.0,269.8828,0.03762,2.96264036,G7,5473.0,0.741,0.809,Transit,2014.0,SuperWASP,281.742,Gas Giant
WASP-99 b,WASP-99,11.43318,1.02,772.3269,2.43,0.0,1480.0,828.8268,0.0717,5.75251,F8,6150.0,1.64,1.21,Transit,2014.0,SuperWASP,158.66,Gas Giant
WD 0806-661 b,WD 0806-661,12.6,1.12,2542.627256,8.0,,340.0,,2500.0,,DQ,9552.0,,0.62,Imaging,2011.0,Spitzer Space Telescope,19.2444,Gas Giant
WD 1856+534 b,WD 1856+534,10.4,0.92782585,4386.054,13.8,0.0,163.0,0.181,0.0204,1.4079405,DC,4710.0,0.0131,0.518,Transit,2020.0,Transiting Exoplanet Survey Satellite (TESS),24.7359,Gas Giant
WISE J033605.05-014350.4 b,WISE J033605.05-014350.4,12.6,1.12,2622.08435775,8.25,,325.0,,0.97,2560.0,,415.0,,0.0131,Imaging,2023.0,James Webb Space Telescope (JWST),,Gas Giant
WISEP J121756.91+162640.2 A b,WISEP J121756.91+162640.2 A,10.468,0.934,6992.0,22.0,,450.0,,8.0,,T8.5,575.0,0.091,0.029,Imaging,2012.0,W. M. Keck Observatory,10.1,Gas Giant
WISPIT 1 b,WISPIT 1,12.4,1.11,3305.4154328,10.4,,,,338.0,,K4 V,4670.0,1.1161,0.72,Imaging,2025.0,Paranal Observatory,230.007,Gas Giant
WISPIT 1 c,WISPIT 1,12.8,1.14,1684.4905571,5.3,,,,840.0,,K4 V,4670.0,1.1161,0.72,Imaging,2025.0,Paranal Observatory,230.007,Gas Giant
WISPIT 2 b,WISPIT 2,17.93436912,1.6,1541.46777395,4.85,,,,57.0,,,4400.0,1.418,1.08,Imaging,2025.0,Paranal Observatory,134.907,Gas Giant
WTS-1 b,WTS-1,16.7,1.49,1274.44,4.01,0.1,1500.0,,0.047,3.352057,F6 V,6250.0,1.15,1.2,Transit,2012.0,United Kingdom Infrared Telescope,2346.01,Gas Giant
WTS-2 b,WTS-2,15.277867,1.363,355.9696,1.12,0.0,2000.0,2544.6509,0.01855,1.0187068,K2 V,5000.0,0.752,0.82,Transit,2014.0,United Kingdom Infrared Telescope,1030.76834437,Gas Giant
Wendelstein-1 b,Wendelstein-1,11.5609626,1.0314,188.15536,0.592,0.012,2198.0,113.6142,0.0282,2.663416,K7 V,4251.0,0.61,0.65,Transit,2020.0,Haleakala Observatory,305.3,Gas Giant
Wendelstein-2 b,Wendelstein-2,12.9934728,1.1592,232.33373,0.731,0.057,2470.0,282.3101,0.0234,1.7522239,K6 V,4591.0,0.66,0.73,Transit,2020.0,Haleakala Observatory,565.541,Gas Giant
Wolf 1061 b,Wolf 1061,1.21,0.108,1.91,0.0060095,0.15,,7.34,0.0375,4.8869,M3.5,3342.0,0.307,0.294,Radial Velocity,2015.0,La Silla Observatory,4.30592,Terrestrial
Wolf 1061 c,Wolf 1061,1.66,0.148,3.41,0.01072901,0.11,,1.3,0.089,17.8719,M3.5,3342.0,0.307,0.294,Radial Velocity,2015.0,La Silla Observatory,4.30592,Super-Earth
Wolf 1061 d,Wolf 1061,2.69,0.24,7.7,0.02422679,0.55,,0.06,0.47,217.21,M3.5,3342.0,0.307,0.294,Radial Velocity,2015.0,La Silla Observatory,4.30592,Neptunian
Wolf 1069 b,Wolf 1069,1.08,0.0959,1.26,0.0039644,,250.1,0.652,0.0672,15.564,M5.0 V,3158.0,0.1813,0.167,Radial Velocity,2023.0,Calar Alto Observatory,9.58341,Terrestrial
Wolf 327 b,Wolf 327,1.24,0.11062558,2.53,0.00796027,0.0,996.0,233.9,0.01,0.5734745,M2.5 V,3542.0,0.406,0.405,Transit,2024.0,Transiting Exoplanet Survey Satellite (TESS),28.5321,Terrestrial
Wolf 503 b,Wolf 503,2.043,0.18226457,6.26,0.01969616,0.41,790.0,69.6,0.05706,6.00127,K3.5 V,4716.0,0.689,0.688,Transit,2018.0,K2,44.526,Super-Earth
XO-1 b,XO-1,12.77826,1.14,263.7989,0.83,0.0,1210.0,321.85,0.0488,3.94153,G1 V,5750.0,0.88,0.88,Transit,2006.0,XO,163.553,Gas Giant
XO-2 N b,XO-2 N,11.130537,0.993,179.89178,0.566,0.028,1328.0,428.036,0.0368,2.61586178,K0 V,5340.0,0.99,0.971,Transit,2007.0,XO,154.273,Gas Giant
XO-2 S b,XO-2 S,10.9,0.971,82.6358,0.26,0.18,,,0.13,18.157,,5399.0,1.0,0.98,Radial Velocity,2014.0,Roque de los Muchachos Observatory,151.398,Gas Giant
XO-2 S c,XO-2 S,13.6,1.21,435.409,1.37,0.1528,,,0.4756,120.8,,5399.0,1.02,0.982,Radial Velocity,2014.0,Roque de los Muchachos Observatory,151.398,Gas Giant
XO-3 b,XO-3,14.79585452,1.32,4217.58296089,13.27,0.2791,1890.0,1161.72,0.04815,3.19152309,F5V,6970.0,1.523,1.449,Transit,2007.0,XO,213.053,Gas Giant
XO-4 b,XO-4,14.01125,1.25,451.3186,1.42,0.0,1630.0,1112.27,0.05524,4.12508,F5 V,6397.0,1.45,1.1,Transit,2010.0,Lowell Observatory,272.655,Gas Giant
XO-5 b,XO-5,12.78,1.14,378.2,1.19,0.0,1230.0,397.4799,0.0515,4.1877558,G8 V,5430.0,1.13,1.04,Transit,2008.0,XO,276.211,Gas Giant
XO-6 b,XO-6,23.20263,2.07,1398.452,4.4,0.0,1577.0,580.386,0.0815,3.7650007,F5,6720.0,1.93,1.47,Transit,2016.0,XO,235.479,Gas Giant
XO-7 b,XO-7,15.389957,1.373,225.34147,0.709,0.038,1743.0,1540.0,0.04421,2.8641424,G0 V,6250.0,1.48,1.405,Transit,2019.0,XO,234.149,Gas Giant
YZ Cet b,YZ Cet,0.913,0.0814,0.7,0.00220245,0.06,471.2,8.21,0.01634,2.02087,M4.5 V,3151.0,0.157,0.142,Radial Velocity,2017.0,La Silla Observatory,3.71207,Terrestrial
YZ Cet c,YZ Cet,1.05,0.0933,1.14,0.00358684,0.0,410.3,4.72,0.02156,3.05989,M4.5 V,3151.0,0.157,0.142,Radial Velocity,2017.0,La Silla Observatory,3.71207,Terrestrial
YZ Cet d,YZ Cet,1.03,0.0921,1.09,0.00342952,0.07,356.7,2.7,0.02851,4.65626,M4.5 V,3151.0,0.157,0.142,Radial Velocity,2017.0,La Silla Observatory,3.71207,Terrestrial
alf Ari b,alf Ari,13.4,1.2,572.07,1.8,0.25,,,1.2,380.8,K2III,4553.0,13.9,1.5,Radial Velocity,2010.0,Bohyunsan Optical Astronomical Observatory,20.21019,Gas Giant
alf Tau b,alf Tau,12.7,1.13,2056.3601,6.47,0.1,,,1.46,628.96,K5 III,4055.0,45.1,1.13,Radial Velocity,2015.0,Multiple Observatories,20.4332,Gas Giant
b Cen AB b,b Cen A,12.4,1.11,3464.3296363,10.9,0.4,,,556.0,1790000.0,B2.5 V,,,5.5,Imaging,2021.0,Paranal Observatory,98.0935,Gas Giant
bet Cnc b,bet Cnc,12.6,1.12,2479.0,7.8,0.08,,,1.7,605.2,K4 III,4092.1,47.2,1.7,Radial Velocity,2014.0,Bohyunsan Optical Astronomical Observatory,89.0472,Gas Giant
bet Pic b,bet Pic,18.49485,1.65,3727.8093857,11.729,0.106,1612.0,,10.018,8617.50952,A5V,8038.68,1.54416,1.795,Imaging,2008.0,Paranal Observatory,19.7442,Gas Giant
bet Pic c,bet Pic,12.5,1.11,3222.46221857,10.139,0.314,1250.0,,2.68,1192.77951,A5V,8038.68,1.54416,1.795,Radial Velocity,2019.0,La Silla Observatory,19.7442,Gas Giant
bet UMi b,bet UMi,12.7,1.14,1938.7,6.1,0.19,,,1.4,522.3,K4 III,4126.0,38.3,1.4,Radial Velocity,2014.0,Bohyunsan Optical Astronomical Observatory,38.77472,Gas Giant
eps CrB b,eps CrB,12.7,1.13,2129.461,6.7,0.11,,,1.3,417.9,K2 III,4406.0,21.0,1.7,Radial Velocity,2012.0,Bohyunsan Optical Astronomical Observatory,69.8683,Gas Giant
eps Eri b,eps Eri,14.1,1.25,209.76674862,0.66,0.07,,,3.53,2671.0,K2 V,5020.38,0.759106,0.82,Radial Velocity,2000.0,Multiple Observatories,3.2026,Gas Giant
eps Ind A b,eps Ind A,12.7,1.14,2005.49724817,6.31,0.4,275.0,,28.4,16510.0,K5 V,4760.0,0.679,0.76,Radial Velocity,2019.0,La Silla Observatory,3.63857,Gas Giant
eps Tau b,eps Tau,12.7,1.13,2285.18624633,7.19,0.076,,,1.878,585.82,K0 III,4877.0,12.35,2.57,Radial Velocity,2006.0,Okayama Astrophysical Observatory,47.52852,Gas Giant
gam Cep b,gam Cep,12.7,1.13,2097.6674862,6.6,0.15,,,2.13,913.0,K1 III-IV,4775.0,4.74,1.27,Radial Velocity,2003.0,Multiple Observatories,14.1024,Gas Giant
gam Lib b,gam Lib,13.7,1.22,357.87478628,1.126,0.16,,,1.319,414.88,K0 III,4879.0,12.38,1.78,Radial Velocity,2018.0,Okayama Astrophysical Observatory,47.4017,Gas Giant
gam Lib c,gam Lib,12.8,1.14,1662.56039702,5.231,0.065,,,2.318,966.49,K0 III,4879.0,12.38,1.78,Radial Velocity,2018.0,Okayama Astrophysical Observatory,47.4017,Gas Giant
gam Psc b,gam Psc,13.6,1.22,425.89006538,1.34,0.204,,,1.32,555.1,G7 III,4742.0,11.2,0.99,Radial Velocity,2021.0,Okayama Astrophysical Observatory,41.3107,Gas Giant
gam1 Leo b,gam1 Leo,12.5,1.12,2790.43,8.78,0.144,,,1.19,428.5,K1 IIIb Fe-0.5,4330.0,31.88,1.23,Radial Velocity,2009.0,Bohyunsan Optical Astronomical Observatory,39.8883,Gas Giant
iot Dra b,iot Dra,12.4,1.1,3756.73177074,11.82,0.701,,,1.453,510.8544,K2 III,4504.0,11.79,1.54,Radial Velocity,2002.0,Lick Observatory,31.32832,Gas Giant
iot Dra c,iot Dra,12.2,1.09,4958.1231492,15.6,0.455,,,19.4,25000.0,K2 III,4504.0,11.79,1.54,Radial Velocity,2022.0,La Silla Observatory,31.32832,Gas Giant
kap And b,kap And,12.3,1.1,4327.36,13.616,,1900.0,,55.0,,B9 IV,10900.0,2.31229,2.6,Imaging,2012.0,Subaru Telescope,50.0177,Gas Giant
kap CrB b,kap CrB,13.4,1.2,591.1638,1.86,0.04,,,2.5,1253.68,K0 III-IV,4840.0,4.68,1.33,Radial Velocity,2007.0,Lick Observatory,30.0651,Gas Giant
mu Leo b,mu Leo,13.3,1.18,762.8,2.4,0.09,,,1.1,357.8,K2 III,4538.2,11.4,1.5,Radial Velocity,2014.0,Bohyunsan Optical Astronomical Observatory,32.6081,Gas Giant
mu2 Sco b,mu2 Sco,12.3,1.09,4576.7290608,14.4,0.56,,,242.4,,B2 IV,21700.0,5.6,9.1,Imaging,2022.0,Paranal Observatory,,Gas Giant
nu Oct A b,nu Oct A,13.3,1.19,696.04421133,2.19,0.195,,,1.24,402.4,K1 IV,4910.0,5.04,1.57,Radial Velocity,2016.0,University of Canterbury Mt John Observatory,21.1999,Gas Giant
nu Oph b,nu Oph,12.0,1.07,7057.73298,22.206,0.126,,,1.765,529.93,K0 III,4887.0,12.24,2.61,Radial Velocity,2012.0,Okayama Astrophysical Observatory,46.2107,Gas Giant
nu Oph c,nu Oph,12.0,1.07,7838.32346,24.662,0.179,,,5.829,3180.6,K0 III,4887.0,12.24,2.61,Radial Velocity,2012.0,Okayama Astrophysical Observatory,46.2107,Gas Giant
ome Ser b,ome Ser,14.0,1.25,233.92170755,0.736,0.18,,,0.838,278.59,G8 III,4724.0,10.99,1.01,Radial Velocity,2013.0,Okayama Astrophysical Observatory,76.7556,Gas Giant
omi CrB b,omi CrB,13.7,1.23,355.96781584,1.12,0.105,,,0.699,187.01,K0 III,4769.0,11.87,1.3,Radial Velocity,2012.0,Okayama Astrophysical Observatory,84.7883,Gas Giant
omi UMa b,omi UMa,13.0,1.16,1160.39151396,3.651,0.149,,,3.691,1569.81,G4 II-III,5075.0,13.84,2.72,Radial Velocity,2012.0,Okayama Astrophysical Observatory,54.9149,Gas Giant
pi Men c,HD 39091,2.0189,0.1801145,3.63,0.01142126,0.0,1169.8,309.0,0.06839,6.2678399,G0 V,5998.0,1.17,1.07,Transit,2018.0,Transiting Exoplanet Survey Satellite (TESS),18.2702,Super-Earth
pi Men d,HD 39091,3.72,0.332,13.38,0.04209819,0.22,,,0.506,124.64,G0 V,5998.0,1.19,1.07,Radial Velocity,2022.0,La Silla Observatory,18.2702,Neptunian
psi1 Dra B b,psi1 Dra B,13.5,1.21,486.2799,1.53,0.4,,,4.43,3117.0,G0 V,6212.0,1.255735,1.19,Radial Velocity,2015.0,McDonald Observatory,22.7188,Gas Giant
rho CrB b,rho CrB,13.7,1.23,347.38644885,1.093,0.038,614.0,34.7,0.2245,39.8438,G0 V,5817.0,1.34,0.95,Radial Velocity,1997.0,Fred Lawrence Whipple Observatory,17.4671,Gas Giant
rho CrB c,rho CrB,5.78,0.515,28.2,0.08872712,0.096,448.1,9.85,0.4206,102.19,G0 V,5817.0,1.34,0.95,Radial Velocity,2016.0,Multiple Observatories,17.4671,Neptunian
rho CrB d,rho CrB,4.94,0.44,21.6,0.0679612,0.0,,,0.827,282.2,G0 V,5817.0,1.34,0.95,Radial Velocity,2023.0,Lowell Observatory,17.4671,Neptunian
rho CrB e,rho CrB,1.77,0.158,3.79,0.01192467,0.126,,,0.1061,12.949,G0 V,5817.0,1.34,0.95,Radial Velocity,2023.0,Lowell Observatory,17.4671,Super-Earth
tau Boo b,tau Boo,12.8,1.14,1891.0,5.95,0.011,,,0.049,3.3124568,F7 V,6466.27,1.42588,1.32,Radial Velocity,1996.0,Lick Observatory,15.6521,Gas Giant
tau Cet e,tau Cet,1.81,0.161,3.93,0.0123651,0.18,,,0.538,162.87,G8.5V,5310.0,0.83,0.783,Radial Velocity,2017.0,Multiple Observatories,3.60304,Super-Earth
tau Cet f,tau Cet,1.81,0.161,3.93,0.0123651,0.16,,,1.334,636.13,G8.5V,5310.0,0.83,0.783,Radial Velocity,2017.0,Multiple Observatories,3.60304,Super-Earth
tau Cet g,tau Cet,1.18,0.105,1.75,0.00550609,0.06,,,0.133,20.0,G8.5V,5310.0,0.83,0.783,Radial Velocity,2017.0,Multiple Observatories,3.60304,Terrestrial
tau Cet h,tau Cet,1.19,0.106,1.83,0.0057578,0.23,,,0.243,49.41,G8.5V,5310.0,0.83,0.783,Radial Velocity,2017.0,Multiple Observatories,3.60304,Terrestrial
tau Gem b,tau Gem,12.1,1.08,6547.0,20.6,0.031,,,1.17,305.5,K2 III,4388.0,26.8,2.3,Radial Velocity,2013.0,Lick Observatory,112.537,Gas Giant
ups And b,ups And,14.0,1.25,218.531,0.6876,0.0215,,,0.05922166,4.617033,F8 V,6156.77,1.56,1.3,Radial Velocity,1996.0,Lick Observatory,13.4054,Gas Giant
ups And c,ups And,12.3,1.1,4443.24112986,13.98,0.2596,,,0.827774,241.258,F8 V,6156.77,1.56,1.3,Radial Velocity,1999.0,Multiple Observatories,13.4054,Gas Giant
ups And d,ups And,12.5,1.11,3257.74117175,10.25,0.2987,,,2.51329,1276.46,F8 V,6156.77,1.56,1.3,Radial Velocity,1999.0,Multiple Observatories,13.4054,Gas Giant
ups Leo b,ups Leo,14.2,1.27,162.09248757,0.51,0.32,,,1.18,385.2,G9 III,4836.0,11.22,1.48,Radial Velocity,2021.0,Okayama Astrophysical Observatory,52.5973,Gas Giant
xi Aql b,xi Aql,13.4,1.2,616.90493799,1.941,0.059,,,0.625,136.97,K0 III,4841.0,10.86,1.74,Radial Velocity,2007.0,Okayama Astrophysical Observatory,56.1858,Gas Giant
